50;A Nga Kona Munghana Unwana;;"A nga kona munghana unwana;
Ku hava, ku hava.
Muhlayisi unwana;
Ku hava, ku hava.

CHORUS
Yesu wa switiva hinkwaswo
Wa hi fambisa masiku
U kwihi la fanaka na Yesu?
Ku hava, ku hava.

Muphameri unwana ku hava;
Ku hava, ku hava."
84;ABAFWA BASHUKA;;"Verse 1
Abafwa bashuka
Nga bali kwa Yesu,
Balalike mitwe,
Pacifuba Cakwe.

Verse 2
Kulya kwa wamisha
Imfifi tayabako,
Ni Yesu bamona
Ba mutemwa uko.

Verse 3
Ifyabacushishe
Fya muno mu calo,
Nomba fyapwa fyonse
Tafiba cusha 'yo.'

Verse 4
Kacema musuma
Atungululaka
Kushili bulanda
Kuli fye inseko

Verse 5
Tuli ne filamba
Fwebashiwa pano,
Twabaloshe cibi
No kubafuluka.

Verse 6
Ishiwi lyamunensu
Twatemenwe cibi,
Nomba tatumfwa iyo
Fyatalala fyonse.

Verse 7
Munensu we waya
Twali kutemwisha,
Twakulila nomba,
Yesu alilile.

Verse 8
Bwangu bukesaca,
Yesu tukamona,
Kuli ifwe akati
Bukeni no kwanga"
161;Aliwama;;"Lesa ekacema wandi
Nshakakabile pe
Ku mulemfwe alentwala
Ku menshi ya bumi

Chorus
Aliwama (aliwama)
Aliwama (aliwama)
Lesa aliwama

Umutima ambwesesha
Mulwendo angafwa
Munshila shabololoke
Pe shina Iyakwe fye

Lintu nkenda mumfwa ine
Nshakatine kantu
Panti imwe mulensunga
No kunsandamisha"
764;BYALA EMIXWENI;;"Byala emixweni, Mbewu ya
vunene,
Byala ni nhlekanhi, byala
vusikwini:
Ndza ha langutela Siku ro
tshovela,
Hi siku ro tsaka
N‘ta rhwala ntsovelo.

: I: N‘ta rhwala ntsovelo.
N‘ta rhwala ntsovelo
Hi siku ro tsaka
N‘ta rhwala ntsovelo.  :I:

Byala edyambyini,
Byala ni ndzutini,
U nga chavi mumu,
Hambi ni xi rhami;
Siku ro tsovela
Ntirho wu ta hela
Hi siku ro tsaka
N‘ta rhwala ntsovelo.

Hambi ni mihloti
Yi xuva timbewu,
Ti yta mila ngopfu,
Ti ta va ti andza;
Yesu o ta sula Mihloti ya wena.
Hi siku ro tsaka
N‘ta rhwala ntsovelo.
"
909;CINE NING'UMFWA ILANDWE LISUMA;;"Verse 1
Cine ning'umfwe landwe lisuma
Kristu amfweilile,
Neci cine cilempafya sana,
Bushe ndesumina?

Chorus
Eyo! Eyo! Lesa nga angafwa
Ndebo mwina mwenu,
Fintu mwamfwilile pa lupanda
Indeba wenu pe.

Verse 2
Uluse Lwenu luntu lwafula,
Lwankulo mutima,
Muli imwe mweka katula wandi,
Nalamusumina.

Verse 3
Mwaishibe fyo nshikwetya amaka,
Ndatina ukuwa,
Nimpenya amaka mutumikile,
Yenu yafulisha.

Verse 4
Na nomba, Mfumu, twamupapata
Mu bafwe 'ba bonse,
Kuti bembe no mutima umo
Elyo ndeba wenu.

Verse 5
Kale bonse aba mulombele
Abati, ""Mungafwe,""
Bwangu, bwangu mwabaswike ""eyo!""
Cibe ngefyo nomba."
1582;FYUMA FYANDI NI YESU;;"Verse 1
Lintu nyenda pano calo;
Nshikwete fyuma fyacalo,
Lelo fyuma nalikwata;
Fyuma fyandi ni Yesu.

Chorus
Nangu napi napina fye
Fyuma fyena nalikwata
Fintu Yesu ateyanya;
Fyuma fyandi ni Yesu.

Verse 2
Ngamatunko yamponena;
Nshintilila pali Yesu;
Ngefyo Nowa alikwete,
Bwato bwandi in Yesu.

Verse 3
Cipupu muno calo;
Amabimbi nga yanjimina,
Nshintilila kuli Yesu;
Nkwela yandi ni Yesu."
1746;GOD'S ALMIGHTY ARMS ARE ROUND ME;;"Verse 1
Mu maboko ya Kwa, Lesa ndyu mutende;
'Cilye te kuti cimpafye, ndyu mutende.
Yesu ewampingwililwe,
Amfwilile, andubwile,
Ne muntungwa ndasekela, ndyu mutende.

Verse 2
Mu kweshiwa apalama, ndyu mutende,
'Kufunda kwakwe kwayana, ndyu mutende;
Limo limo alencusha,
Natotela ninjishiba,
Afwaya fyo kung'wamisha, ndyu mutende.

Verse 3
Lyonse ilyo nashibuka, ndyu mutende,
No bushiku nga bwaila, ndyu mutende.
Awe te'ti ntine fya mfwa,
Yesu mwine alendama,
Ne lintu nketwa ku mwakwe, ndyu
mutende."
3341;Ilya Kesa;;"Verse 1
Ilya kesa ilya kesa,
Kupende fisamo
Fyakwe fyonse ifyafina
Fintu atemwa.

Chorus
Nge ntanda mu mulu,
Ifwe tuli fisamo,
Fikalabeka fyonse,
Mu ngala yakwe.

Verse 2
Yesu Kristwa kalonganya
Kwi sano fisamo
Fikalabeka fyonse
Mu ngala yakwe.
Bana bonse, bana bonse,
Abatemwa Yesu
E fisamo ifyafina
Fintu atemwa."
3405;IN THE LAND OF FADELESS   DAY.;;"Verse 1
Mu mpanga ya kwa Lesa,
Mu musumba ulya,
Tukalabelela pe,
'Bushiku takwaba.

Chorus
Ne filamba no mwenso,
Nelye mfwa ne misongo,
Tabalepende myaka
'Bushiku takwaba.

Verse 2
Mpongolo shabekesha,
Mu musumba ulya
Pa nshi pa nsahabu,
'Bushiku takwaba.

Verse 3
Mpongolo tashisalwa,
Mu musumba ulya,
Mumana uleya pe,
'Bushiku takwaba.

Verse 4
Tabafwaya kasuba
Mu musumba ulya,
Pantu Yesu Lubuto,
'Bushiku takwaba."
3435;Ine 'nshakareke;;"(Bemba)
{Ine 'nshakareke
kumuimbira Lesa }x2
-  Pantu ena ali wamwa
-  Ampera nachichewo
-  Ampera nakasesema
-  Ampera wana wonse
'Nshakareke ine mama

(Chewa)
{Ine sidzaleka
kumuyimbire Yesu }x2
-  Iye ndiye wabwino
-  Wanipatsa muneneli
-  Wanipatsa uthenga
-  Wanipatsa abale anga
-  Wanipatsa alongo anga
-  Wanipatsa ansa anga
-  Wanipatsa abusa anga
Sidzaleka ine mama

(Shona)
{Ini handirege
kumuimbira Jesu }x2
-  Iye ndiye wakanaka
-  Wakandipa Shoko rake
-  Wakandipa Mporofita
-  Wakandipa vana vangu
-  Wakandipa mufudzi wangu
-  Wakandipa hama dzose
-  Wakandipa zvisimbiso
-  Achadzoka kuzotitora
Handirege - handirege

(Shona)
{Ini handirege
kunamata Jesu }x2
-  Iye ndiye wakanaka
-  Wakandipa Shoko rake
-  Wakandipa Mporofita
-  Wakandipa vana vangu
-  Wakandipa mufudzi wangu
-  Wakandipa hama dzose
-  Wakandipa zvisimbiso
-  Achadzoka kuzotitora
Handirege - handirege"
3502;ISO KO NDI WANAKA;;"Verse 1
""Iso ko ndi, wanaka,
Ndekupo butusho.""
E shiwi lya kwa Yesu ku
Bakungumama.
Lyatwebe fya mutende,
'Cikuku ne nseko,
No luse, e na fyonse
Ifishakapweko.

Verse 2
""Iso ko ndi, we mwana,
Ndekupo lubuto.""
E shiwi lya kwa Yesu,
'Lyaisa ne nseko.
'Mitima yalifina,
Twaluba mu nshila;
'Bushiku natulosha,
Bwaca twasekela.

Verse 3
""Iso ko ndi, we wafwa,
Nalakupo mweo.""
E shiwi lya kwa Yesu,
'Lyaisatwafwako;
'Mulwani alikosa,
Ukulwa kwa bipa,
Lelo watupa maka,
Ne few tukamwansha.

Verse 4
""Na uyo uleisa,
Te'ti mutamfye 'yo""
E shiwi lya kwa Yesu
Ilitamfyo mwenso.
Liletwita few babi,
Few bashawamina,
Uluse lukalamba,
Tufike kuli 'mwe."
4147;KAFUKAUKA KALIPO;;"Verse 1
Kafukauka kalipo
Mulopa Wakwa Yesu,
Na'Bo abalesambwamo
Balebuta tutu.

Verse 2
Mupupu 'wafwa' sekela
Pakafukauka,
No mubyu wacila nine
Nsambwemo mutima,

Verse 3
Kubusumino namwene
Filaso fyakwa Yesu,
Nalubulwa mumfwa Yakwe
Ntakishishamo pe.

Verse 4
Lwimbo lusuma ndeimba
Kupususha Kwakwe,
Na mu mulu nkalaimba
Kutemwa Kwakwe pe."
4212;Keti U Nji Seze Yesu - Pass Me Not;;"Keti U nji seze Yesu,
Nji zive yange;
Omo U va sana veka,
Keti U nji seze.

Yesu, Yesu
Nji zive Muene,
Omo U va sana veka,
Keti U nji seze.

U tave nji uane oku
Ku ngozi Yowe,
Ku- sambueza kua maninga,
Nji kuase Yesu.

Nji  ka kulahela Yove,
Nji ku setela;
Nji kanguise mu mutima
Na ngozi Yove.

U nji hane vuana Vuove,
Muono va uvua;
Yove Muyoyesi uavo, 
Vose va tava.";
4217;KHUMBA NGUVU YA YESU;;"A wansati loyi a nga vabya
ngopfu,
Hi malembe a xanisiw a,
Kambe a twa marito ya Hosi
Yesu,
A n‘wi khumba, a horisiwa.

VUYELELO
Tshambuluta voko
Ra wena namuntlha,
Yesu a ri karhi a hundza.
Khumba nguvu ya
Yena hi ku pfumela,
U ta kuma ku hanyisiwa .

Lo‘wansati l‘a nga tshinelela
Yesu.
A yi khumba nguvu ya
yena,
Hi ku tshemba matimba ya
Hosi Yesu,
Byi hola vuvabyi bya yena.

Loko wena u vabya u nga ta
swesi,
Eka Yesu l‘a hanyisa,
U ta khongeleriwa hi vapfumeri,
Hi mavoko u tlhandlekiwa.

E xihlobyeni xa tint swalo ta
Yena,
Lomu mati ma pfelelaka,
U nga chyela u kondza u
xurhisiwa
Hi wo Moya lo‘wo kwetsima.


"
4311;KU CIPUNA CA KWA LESA;;"Verse 1
Ku cipuna ca kwa Lesa
Abengi baliko,
Abana abaelelwa,
Ibumba lya nseko.

Chorus
Baleanga anga anga.
Baleanga anga anga.

Verse 2
Mu fifwalo fyabutisha
Nabafwikwa bonse,
Mu lubuto baikala,
Na mu buseko pe.

Verse 3
Kale bali abanono
Nge fyo mwaba imwe;
Lilya tabaishibe 'yo
Ukulumbanye fi.

Verse 4
Bushe cinshi cabatwele
Ku mulu kwabuta,
Kuntu buseko, mutende,
No luse fyafula?

Verse 5
Pantu Yesu afwililya
Bana bapusuke;
Nomba basambwa ku Mwine,
Bonse nababuta.

Verse 6
Pa nshi bafwaile Yesu,
Balimutemenwe;
Nomba mpumi ya kwa Kristu
Baleimona pe."
4313;Ku Mfumu Yandi Ne Landwe;;"Verse 1
Ku Mfumu yandi ne landwe,
Nshileba na nsoni;
Ncindiko lupanda lwakwe,
Ndame shiwi lyakwe.

Verse 2
E ni ku lupanda e ko nashibukile,
Kufina Kwa mutima Kwa lipwa;
Uko kwine namwenyo lubuto,
Nomba ndasekele nshiku pe.

Verse 3
Yesu Mfumu nimwishiba!
Ishina lya luse!
Te kuti anenge nsoni
Nelyo kumposa fye.

Verse 4
Naipela kuli Yesu,
E wampelo mweo;
E ukalambaka bwino,
Nsuke mfike kulya.

Verse 5
Akanumbula ku mulu
Kuli Lesa Wishi;
Akampela ne cifulo
Ku mwabo ku mushi."
4322;KULI CALO CISUMA SANA;;"Verse 1
Kuli calo cisuma sana,
Tulemonafye nomutima;
E ko shifwe atulolela,
Akatupele ng'anda nsuma.

Chorus
Tukayamonana
Mu calo cisume cabuta,
Tukayaikala
Na Yesu na shifwe 'pabuta.

Verse 2
Palya pasuma tukembila,
Pamo na bonse abashila,
Pantu 'ko bulanda takwaba,
Takwakabe cakutucusha.

Verse 3
Ukuli shifwe wa kututemwa,
E ko tukayatotela pe
Pa fya bupe fyo atupa
Ne fisuma fya nshiku shonse."
4323;Kulya Bantwa Balecula;;"Verse 1
Kulya bantwa balecula
Apwe nshiku shileya
Kulya bantwa baleloba
Apwe nshiku shileya
'Fwe tube aba kwafwa
Bonsha bali mu nshila

Chorus
Shileya! Shileya!
Shileya! Shileya!
'Few tube aba kafwa,
Apwe nshiku shileya!

Verse 2
Tube bonsha ba cikuku,
Apwe nshiku shileya;
Tube bonsha balubuto,
Apwe nshiku shileya.
Abwa bawa, bacenwa,
Abalile filamba,
Tweshe ukwimya aba,
Apwe nshiku shileya.

Verse 3
'Fya mu calo filepwa fye,
Apwe nshiku shileya;
'Fya kwa Lesa fyashala pe,
Apwe nshiku shileya.
'Mbuto shonse shisuma,
Ishwa bantu batanda
Shatwala mu mitima,
Apwe nshiku shileya.

Verse 4
Fya mu calo filepwa fye,
Apwe nshiku shileya;
Fya Kwa Lesa fyashala pe,
Apwe nshiku shileya."
4348;Kushuka! Kushuka!;G;"Verse 1
Busuma sano bushiku,
Apo nasanga katula;
'Mutima wandi wayanga,
Ndeeba fye 'bantu bonse.

Chorus
Kushuka! Kushuka!
Ilyo ansamba ku fibi!
Nokumfundisho kupepa,
No kusekele nshiku pe.
Kushuka! Kushuka!
Ilyo ansamba ku fibi!

Verse 2
'Mulandu onse upwile!
Ne wa kwa Yesu, nafutwa;
Ankula ine no luse,
Naine nomba ndekonka.

Verse 3
Utushe nomba mutima,
Wifuma ku Mfumu yobe;
E mo umwena fyonse fye,
'Fisuma fyonse ukwete.

Verse 4
Lesa aumfwa layano,
Akulaumfwe nshiku pe;
Isuke imfwa ikese,
Nkalumbule Mfumu ya luse."
4374;Kwati Kapumpe;;"(Nalekelelwa, 
Mumampulu Yonse,  
Nalimo ndeya
Jerusalem) x2

Chorus
Kwati kapumpe ndeya ndeya
Ndeya Jerusalem

(Ichalo nomba 
Chili mumfifi ine
Ndimupya ndeya 
Jerusalem) x2

(Satana fuma 
Pantu kusendwa
Nakupalama ndeya
Jerusalem) x2"
4528;LESA 'CITE FINJELENGWE;;"Verse 1
Lesa 'cite finjelengwe
'Kubombe milimo;
Alenda na pa cambeshi,
E, na mu cipupu.

Verse 2
Mwe bantu bakwa batina,
Ikoselesheni,
Ico mwatina, caleta
'Bupalo kuli 'mwe

Verse 3
'Mifwaile yakwe yonse
Yalasokolola;
Icalula pa kubala,
Pa numa calowa.

Verse 4
'Bushisumino bwabipa
Te kuti bwiluke;
Leso mwine nga'ilula,
Walaishibisha."
4529;Lesa Ekachema Wandi;;"Verse 1
Lesa ekacema wandi;
Nshakakabile pe,
Ku mulemfwe alentwala,
Ku menshi ya bumi.

Verse 2
Umutima ambwesesha;
Mulwendo angafwa,
Munshila shabololoke;
Pe shina lyakwe fye.

Verse 3
Lintu nkenda mumfwa ine;
Nshakatine kantu,
Pantu imwe mulensunga;
No kunsansamusha.

Verse 4
Cintamba mwanungikila;
Mu cinso cababi,
Umutwe wandi mwansuba;
Nkombo shaisula.

Verse 5
Busuma bweka no luse,
Fyakulankonka pe,
Na mung'anda yakwa Lesa,
Nkekalililamo."
4530;LESA WESU ATEMENWE CALO (GOD LOVED THE WORLD);;"Verse 1
Lesa wesu atemenwe calo,
Atumine Yesu,
Kutufwila fwe babi,
Aimine ku mfwa,
Aile ku mulu,
Aleita ababi,
Uyu Yesu Ni Mfumu,
Yaku mulu Na panshi.
Tusumine Yesu,
Atupele ubumi."
4714;LOKO NDZI NA YESU KRISTE;;"Hambi ndzi ringiwa ngopfu,Ndzi
hava nakulori;Hambi ndzi navela
tilo Mbilo yi vaviseka.
VUYELELO
Loko ndzi na Yesu Kriste
A ndzi nga chavi nchumu,
Hikuva o ndzi tsakisa,
Hi masiku  kikwawo.

Hambi ndlela yi nga leha,
Ni mbilu yi karhala;
Maxangu ni ku sandziwa
Swi ndzi talela kwala.

Hambi swilo swa misava
Swi khuvanyekisa
Satana a ndzi chavisa
Hi ku vomba ka yena.

Hambi ndzi le nhlomulweni,
Ndzi nga ri na matimba;
Hambi ndzi le makhombyeni,
Ndzi pfumala ku tsaka.

Hambi rifu ri nga fika,
A ri nga ndzi chavisi;
Hikuwa ndzi ta n‘wivona
Hi xiviri xa yena.

Yesu Kriste, yesu ntsena,
O ta ndzi nghenisa le;
Ndzi ta tshama etilweni
Na Yesu, Murhandziwa.
"
5011;MATIMBA MA KON‟ E NGATIN‟;;"Hebr.9:14
Xana wa lava ku ponisiwa?
Matimba ma kona ka Hosi
Yesu
Xana wa lava ku basisiwa?
Matimba ma ko‘n engatin‘.

Matimba  ma kon‘ engatin‘
Ya Yesu Xinyimpfana;
Matimba ma kon‘ engatin‘
Ya Yesu, Muponisi.

Vanhu va lova emunyameni‘
O ta va ponisiwa Hosi Yesu.
Va nga hlantswiwa exihlobyeni,
Matimba ma kon‘ engatin‘.

Xana wa lava ku huma swivin‘
Matimba ma kona ka Hosi
Yesu
Tana,u tengisiwa embilwin‘
Matimba ma kon‘ engatin‘.

Xana wa lava ku nghena tilwen‘.
O ta ku nghenisa Hosi Yesu.
Hatla namuntlha, u ta vuttomin;
Matimba ma kon‘ engatin‘."
5109;Mfisa we Mfumu, we mwine,;;"Verse 1
Mfisa we Mfumu, we mwine,
Mu lwafyo lobe, 'lulumbi lobe lumfimbe, 
'Nkumone pa menso.

Chorus
Mfisa, Mfisa, we mupashi Mfisa,
We Mfumu ndama, mfisame muli 'we.

Verse 2
Icipupu canyimina kuno uko ndi,
Mpisha kumulu wa ciko, nsumbulwe kuli 'we.

Verse 3
'Musana nga wafunika, 
Mu kuculisha,
Pa kukuta ""mfumu ngafwa,
'We mwine ngasuka.

Verse 4
Mfisa Mfumu, napapata,
Nshili na maka,
We wa maka mupusushi, 
Ni'we Mulubushi."
5222;MPALAMIKWE PEPI MWE MFUMU (DRAW ME NEARER);Ab;"Verse 1
Ndi wenu Mfumu, nalyunfwe shiwi
Ilya kutemwa kenu
Lelo ndefwayo kupalamako
Pepi pepi kuli imwe

Verse 2
Mpalamikwe pepi mwe Mfumu
Kulyo ko mwamfwilile
Mpalamikwe pepi mwe Mfumu
Kulyo ko mwandashilwe

Verse 3
Kangobelwe mu kumubombela
Mpelwa maka, 'cikuku
Mpunamineko no busumino
Ndosho mo mufwaila.
E yawame nshita napepamo
Ilyo mukafukamina
Naine nsonshanya ne mwe Lesa
Fyo nsosa ne cibusa.

Verse 4
Kwalibo kutemwa nshingeshiba
Kano ninshi nkabuke
Kwabekwe nseko nshingakumamo
Kano ntushe Na imwe."
5245;MUKWESHIWA MUNTU MPONA;;"Verse 1
Mukweshiwa muntu mpona,
Mu myunga intu nyantapo;
Mwe Mfumu cimo cashala,
Mulenjibukisha.

Chorus
Mulenjibukisha! Mulenjibukisha!
Ndetina nshi ngo li mupepi,
No kunjibukisha.

Verse 2
'Masakamano yafula
Ayamfisha ku mutima;
Ici e cilensekesha,
Mulenjibukisha.

Verse 3
Mu fyawama, mu fyabipa,
Mu fyabuta, mu fyafita,
Mfumu, tapali mulandu,
Mulenjibukisha."
5321;MWE BANTU BONSE BA PANSHI;;"Verse 1
Mwe bantu bonse ba panshi,
Mulumbanyeni, mutote,
No kumutemwa iseni,
Imbeni pa cinso cakwe.

Verse 2
Ibukisheni ni Lesa,
Atubumbile few bonse;
Alatucema nge mpanga,
Pantu ifwe tuli bakwe.

Verse 3
Ingileni no mucinshi,
Shi palameni no kwanga,
'Shina lyakwe lumbuleni,
Ici cine e cisuma.

Verse 4
Lesa wesu e musuma,
Ali no luse kuli ifwe;
'Cine cakwe ciminina
'Nshiku ne nshiku shonse pe."
5322;MWE BASHILIKALE;;"Verse 1
Mwe bashilikale mwaya ku buta,
'Upanda lwa Mwine luletangila.
Yesu 'Mfumu yesu, akulatwensha,
No luunga lwesu twakulasenda.

Verse 2
Mwe bashilikale, mwaya kubuta,
'Lupanda lwa mwine luletangila.
Pa bwanshisho bwesu Baletamfiwa;

Verse 3
Elya bakwa Yesu twendeni, twanshe,
Na pa kwimba kwesu kumbo kwa tenta
Imbileni Yesu, shi sansuleni.

Verse 4
'Bumba lya kwa Lesa, cilonganino;
Bane, tuleeda ngaba mushilo.
'Few mubili umo, tatwalekana
Mu bucetekelo nelyo mu luse.

Verse 5
E twendeni bane, na bonse pamo,
Na mashiwi twimbe ulwimbo lwesu:
Pelenyo lulumbi ku Mfumu Yesu;
'Bantwa balubulwa baleimbo lu."
5323;MWE CILIBWE CAKALE (ROCK OF AGES);;"Verse 1
Mwe Cilibwe ca kale,
Kamfisame muli imwe
Umulopa na menshi
Fyansumine kuli imwe
Ekundapwa Kwa fibi
Nsungululwe, muntule

Verse 2
Nelyo kamo nshikwete
Lupanda njikata fye
Mumfwike ndi no mwamba
Ngafwa ne mbulwa maka
Nomba njise, nimbipa
Munsambe nikesafwa.

Verse 3
Lintu nkaleko mweo
Yakashibata menso
Nkamono ko mwikele
Pa cipuna ca cilye
Mwe Cilibwe ca kale
Kamfisame muli mwe."
5324;MWE FITA FYA LUPANDA;;"Verse 1
Mwe fita fya lupanda,
'Fya kulwila fwaleni;
Satana te wamaka,
Mwe baume koseni

Verse 2
Na mu calo ca mfifi
Imyeni uluunga,
Ulu lufunguluke,
Kuntanshi lusumbulwe.

Verse 3
Mu mishi yabulanda,
Tamwaba na mashiwi,
Mwe nkombe sha kwa Yesu.
Kabiyeni ne landwe.

Verse 4
'Kuntu kwabe finshingwa,
Batwalileni cine;
Uko kwabe fyabipa,
'Bupususho mwananye.
Ku banaka 'baluba,
Bebeni no mutende;
Ku baposwa, 'balanda,
Soseni umutende.

Verse 5
Sungeni abapina,
Sansamusheni bonse;
Mu maka ya kwa Lesa,
Tamfyeni ifibi fyonse.
Fungululenyu lunga, no lupanga lwe shiwi,
Fisuke fyalo fyonse
Fikabe fya kwa Yesu."
5325;MWE KATULA MWINCILILA;Ab;"Verse 1
Mwe Katula mwincilila,
Ndemupapata,
Apo muleita bambi,
Mwilancilila.

Chorus
Yesu, Yesu
Mumfwe ndekuta,
Apo muleita bambi,
Mwilancilila.

Verse 2
Kampalame kuli imwe,
Mpelwe uluse,
Kamfukame no bufuke,
Nsangyo mutende.

Verse 3
Mu busuma bwenu bweka
Ncetekela pe,
Mulemposha no kunteka,
'Mone no bupe.

Verse 4
Ni 'mwe mweo no buseko,
Ni 'mwe  cikuku,
Umbi panshi nshimumwene,
Nangu mu mulu."
5326;MWE LESA, KAFWA WA KALE;;"Verse 1
Mwe Lesa, Kafwa wa kale,
Twamucetekela;
Cubo cesu ku cipupu,
Ne ng'anda yesu pe.

Verse 2
Abantu benu batemwa,
Apo mubakaka;
'Kuboko kwenu kwa maka
Kwakulatucinga.

Verse 3
'Lintwi mpili tashalipo,
'Calo conse pamo,
Munshita shonse mwe Lesa
Mwaikala umo.

Verse 4
Kuli imwe myaka ingi
Ngo bushiku bumo;
'Nshiku shesu na sho bwipi
Ngo mumyo lucelo.

Verse 5
'Myaka yaya ngo mumana,
Abantu balafwa,
Balabwe fintu cilabwa
'Ciloto lucelo.

Verse 6
Mwe Lesa Kafwe wa kale
Twamucetekela;
Mutulame nshiku shonse
Fwe bantu mwatema."
5327;Mwe Umfweni Landwe Lisuma,;;"Verse 1
Mwe umfweni landwe lisuma,
Kale twalya baluba;
Yesu afumine kumulu,
Cine atupuswishe.

Verse 2
Watupuswishe ni nani?
Cine cine Mwana Lesa!
Musango nshi? Atanikwe!
Ni kwi aya? Ni ku mulu.
E kwa letupapatila.

Verse 3
Takwali umbi 'kutufwila,
Nelyo ni malaika;
Uwapopelwe pa lupanda
E mwana wa kwa Lesa.

Verse 4
Ili landwe lya kwa katula
Bacili balebila;
E Kawikishanya takwata
Ku kwa kulyo kwa Lesa."
5337;MWISE KWA YESU;;"Verse 1
Mwise kwa Yesu mwikokola,
Munkalata tulange nshila
Pakati kesu ali nomba,
Mwikokola mwise.

Chorus
Kulongana nokusekela,
Ne mitima iya butisha,
Yesu nemwe tukalongana
Kumwesu ku mulu.

Verse 2
Ushakenye a bana kale,
E uleita imwe mwise,
Iyi mfumu yenu saleni
Mwikokola mwise.

Verse 3
Tontonkanyeni ali pano,
Ilandwe Lyakwe tesheniko,
Mashiwi yalesoswa yano
Mwikokola mwise."
5372;MY GOD HOW WONDERFUL;;"Verse 1
Lesa wandi ndemutasha
Busano bwa cine
Cifulo cenu busaka
Calibutisha pe

Verse 2
Teti mpende myaka yenu
Muli Lesa wa pe
Akasuba no bushiku
Bangeli batota

Verse 3
Kukumona e cisuma
Mwe Mfumu Shikulu
Muli ba mano na maka
Mwali buta tutu

Verse 4
Mwe mfumu nalimutemwa
Ba maka yonse 'mwe
Lelo mwafwaya ne mwano
Ukuti ncilepo

Verse 5
Nangu tata nangu mayo
Takuli pano nse
Abantemwe fyo mwantemwa
Ne mwano wabipa.

Verse 6
Wishi kwa Yesu Katula
Cikabe cisuma
Ukulamufukamina
No kumulolesha."
5518;NAKUTEMWISHA WE MFUMU;;"Verse 1
Nakutemwisha we Mfumu,
Ukucila fyonse,
Fintu wampelyo mutende,
Ushakaputulwe.

Chorus
Napapa cine napapa
Ukutemwa kwakwe;
Kuti nafilyo kulanda
Ifyo antemwisha.

Verse 2
Ninjishibo li mupepi,
Mweka mu mutima;
Na pa kutontonkanye ci,
'Mutima wayanga.

Verse 3
Wambikilemo buseko,
E co ndasekela;
'Pabulo kutemwa Kobe,
Ye! Kuti nafitwa.

Verse 4
We Mfumu, Katula wandi,
Nga cabe fi nomba,
Batini cikaba shani
'Lyo tukamonana?"
5531;Namutemwa;;"Verse 1
Yesu kale amfwailile
Nalyu mweni 'kutali,
Pakuntula aposele
Mweo wakwe pali ine.

Chorus
Namutemwa Alleluya!
Namutemwa Mupusushi,
Namutemwa Yesu Kristu,
Amfwilile pa Kalbale.

Verse 2
Yesu nomba alefwaya,
Kuti nkonke nshiku pe,
Mumakasa yakwe umwine,
Mwaendele pano nse.

Verse 3
Yesu 'Mwine akabwela
Kututwala ku Mwakwe,
Emo tukalasekela,
Mu musumba Wakwe pe."
5550;NATUCELELE MFUMU;;"Verse 1
Natucelele mfumu,
'Mwana wakwa Lesa;
Yafumine kumulu,
Pa calo 'kuteka.
Aisaono busha,
'Kukakula nkole,
'Kufumye fyabipisha,
'Kuteka mu cine.

Verse 2
Akesa ngefye mfula iloka pa calo:
'Buseko nokutemwa
E fikamenamo.
'Kutangilile ntashi
'Mutende uleya;
No bololoke bwine
Pa numa bwakonka.

Verse 3
Shikamuwile mfumu,
Shikaleto bupe,
'Ndupwa shikatotela
Shikalamwimbila
Pantu akalateka
Mu fyalo ne fyalo;
Konse uko kapumpe
Engapupukila.

Verse 4
Bonse bakamupepa,
'Nshiku ne nshiku pe,
'Bufumu bukakula,
Te kuti bukapwe.
Awe tacakaluke
'Cipingo cakwe ci;
Likalabelelela Ishina lya luse."
5752;Nga Twafika Ku Mulu;;"Verse 1
Imbileni fya kwa Yesu,
Ukutemwa no luse,
Aletuteyanishisha ubwikalo ku mulu.

Chorus
Nga twafika ku mulu
Kukabo kusekela no kwanga;
Nga twamona Yesu
Tukembilako bwanshisho.

Verse 2
Apo tucili mu lwendo,
'Lingi tukafitwamo;
Lelo nga twafika kwesu, tatwakafitweko 'yo.

Verse 3
Natubya ba cine cine,
Tutumikile Yesu;
Pa kumumona mu mulu,
Awe tukasekela.

Verse 4
Aleni! Twendeni bane!
Bwangu tukamumone,
Bwangu mulu ukesuka,
Ne fwe tukengilamo."
5757;Ngana Lolesha;;"Ngana lolesha  pa kutemwa kwenu
Mwe Lesa mwali wana

Chorus
Mwali wama mwali wama
Mwe lesa Mwali wana

Ngana lolesha pa fyo mwamfilile
Mwe Lesa mwali wama

Ngana lolesha pa fyo mwandubwile
Mwe Lesa mwali wana

Ngana lolesha  pa fyo mwansalile
Mwe Lesa mwali wama

Ngana lolesha pa bulayo bwenu
Mwe Lesa mwali wana

Ngana lolesha pa ku sendwa kwandi
Mwe Lesa mwali wama


Ndikatarisa kundida kwamakaita,
Ishe makanaka

Chorus
Makanaka, makanaka
Ishe makanaka

Ndikatarisa kundisarura kwamakaita
Ishe makanaka

Ndikatarisa kundifira kwamakaita
Ishe makanaka"
5805;NI MWANA LESA ALEYA;;"Verse 1
Ni Mwana Lesa aleya
Ku kulwa ne Ciwa
Uluunga lulepupa
Nani ulekonka?
Winganwako ulukombo
Lwa kuculacula?
Untu asendo lupanda
Wene alekonka

Verse 2
Impuka ya 'bwa basalwa,
Bali no Mupashi,
Baishibe Shikulwibo,
Tabali no mwenso.
Bakumenye umulwani,
No kwanshe fyabipa;
Kufika ku mfwa balelwa
Nani ulekonka?

Verse 3
Abaume na baice
Nabafwikwa tutu
Bamayo na bakashana,
Baanga kwa Yesu.
Balenina ulupili;
Lwa kuculacula;
Mwe Lesa ifwe tukonke
Mu mulongo wabo"
5811;Ni'mwe Kasuba Ka Mweo;;"Verse 1
Ni'mwe Kasuba ka mweo
Te bushiku nga mulipo;
Ikumbi limo liisa ku menso ku kumfisa.

Verse 2
'Lintu ndelala mutulo,
No kushibata amenso,
Amatontonkanyo yabe ya kuli'mwe, 
Mupushushi.

Verse 3
Mube naine 'kacelo,
Te 'ti njikale neka 'yo;
Mube naine 'bwaila,
Te 'ti mfwe kano mulipo.

Verse 4
Nga umo wa bana benu,
Naulungama ilelo,
Mwe Mfumu mubombe nomba
'Kuti mu fibi elala,

Verse 5
Abwelele mubalinde
Na bapina mubapale;
'Ba kulosho bushiku bu
Balale bwino mu tulo.

Verse 6
Mukatupalya kacelo,
Tatulaenda mu calo,
Tukasuke tukafike ku mulu, mu luse lwenu."
6413;ONSE UTEMENWE;;"Verse 1
""Onse utemenwe,"" Bomfwe bonse!
Tumeni landwe li mu calo conse,
Lekeni beshibe abantu bonse,
Utemenwe engesa!

Chorus
""Onse watemwa!"" Onse watemwa!
Bileni monse mu mpili ne nika,
Uwito waluba nishifwe Lesa,
""Utemenwe engesa!""

Verse 2
Onse uleisa ecelwako
Ekuli no mwinshi waisulwako,
Ne nshila ya mweo yene ya bako
Utemenwe engesa!

Verse 3
Onse utemenwe! Lesa 'bila,
Onse utemenwe! Cebo cashila,
Onse utemenwe! Mweo wacila,
Utemenwe engesa!"
6500;PAKULOLESHO LUPANDA;F;"Verse 1
Pakulolesho lupanda
Ukwe Mfumu yamfwilile,
'Fyuma fyandi kanshi fya fye,
Ne cilumba na co capwa.

Verse 2
Te 'ti ntakishishe kumbi
Kano mu mfwa ya kwa Yesu;
Fyonse fya fye fyo natemwa
Ndeposa pa mulopo yu.

Verse 3
Ku nkasa, maboko, mutwe,
Umulopa ulesuma;
Mwabo bulanda no luse
'Fishabala 'fimoneka.

Verse 4
Ifyalo fyonse nga fyandi,
Kuti mulambo wacepa;
'Luse ulu lulefwaya
'Mutima wandi no mweo."
6502;PALYA PA KALBALE;;"Verse 1
Palya pa kalbale,
Palipo lupanda,
Uko Yesu atufwilile,
Ali tusendele,
Amabifyo yonse,
Kuti atupusushe bonse.

Chorus
Tukatakishisho lupanda,
Nshiku shonse sha myeo yesu
Tukatakishisho lupanda,
No kwiimbilo luse lwa Mfumu.

Verse 2
Palya pa Kalbale,
Bamutanikile,
Mwana wa mpanga wa kwa Lesa
Umubili Wakwe watufunikile
No mulopa watusumine.

Verse 3
Palya pa Kalbale,
Yesu acimfwishe,
Ifilwani fya maka yonse,
Atile ""Nacipwa.""
Aimine kumfwa,
Ni Mfumu ya shamfumu shonse."
6546;Pe Fye Lesa 'Lipo;;"Verse 1
Pe fye Lesa 'lipo
Akalang'afwa
Anjishiba mu ncito
Na mu kwangala

Verse 2
Pe fye Lesa 'lipo
Alamona pe
Apafita fititi
Na pabutile
Pe fye Lesa 'lipo
Nangu ndi mwana
Ifyo mone 'fyo nsosa
Alishiba"
7149;SHING'ANGA ALI MUPEPI (THE GREAT PHYSICIAN);Eb;"Verse 1
Shing'anga ali mupepi,
'Shina lyakwe ni Yesu;
Atubelele uluse,
Umfweni shiwi, ni Yesu.

Chorus
Bula ulwimbo lusuma,
Lweshina lya kwa Yesu,
'Shina ili lyacila,
Yesu, 'Mfumu Yesu.

Verse 2
Impulumushi shilewa
Pe shina lya kwa Yesu;
Enda munshila kumulu
'Kwikala pe na Yesu.

Verse 3
Lyafumye fibi no mwenso,
Ishina lyakwa Yesu;
Natemwe shina lya Mfumu,
Natemwe mfumu Yesu.

Verse 4
Twimbe bonse tulumbanye
Ishina lyakwa Yesu;
Tusumine landwe lyakwe,
'Landwe lya bupususho.

Verse 5
'Lyo tukafika ku mulu
Tukamumona Yesu.
Tukamimbilo lwimbo lu
Lwe shina lyakwa Yesu."
7463;"SUMBULO LUPANDA""";;"Verse 1
Sumbulo lupanda'
We muntu we, nkoka.""
Kuli mfifi, natunaka,
Lelo twalakonka.

Verse 2
Mwe mfumu twafwaya
'Kuti tumumone
Ku mpumi yenwa kashita,
E lyo tulekonka.

Verse 3
Mu nshita sha kale twaleulunta fye;
Lelo nomba katubwele, Ni'mwe twalakonka.
'Shiwi lyaumfwikwa ilya ku ngalile,
Twaiso kumunakila, 'kuti tumukonke.

Verse 4
I fwe tuli mpofu, na matwi yakoma,
Mutwafwe mu maka yenu,
E lyo twalakonka.
Mu mitima yesu iseni mupepi,
Tekeni mul 'few benu,
Mwe Mfumu twakonka"
7489;SWA FANA NI TILO SWESWI;;"Vanhu va hi hlalela, vo hlamala,
Leswi hi tsaka‘ swonghasi;
Hi perile Yordan‘ ha tshama
Kanan‘,
Swa fana ni tilo sweswi.

VUYELELO
Swa fana ni tilo sweswi,
Swa fana ni tilo sweswi,
Hi perile Yordan‟,
Ha tshama Kanan‟,
Swa fana ni tilo sweswi.

Ha tsaka, ha khana, ha
yimbelela,
Vanyingi a va twisisi;
Hi tala hi Moya lo‘wo kwetsima,
Swa fana ni tilo sweswi.

Hi ri twile risimu ra le tilwen‘,
Ri huma ka vakwetsimi;
I marito Ya Yesu xiluvelwen‘,
Ma twala kwala kusuhi.

Ha khana Hosin‘ hi tsaka
tintswalwen‘,
Ta Yesu l‘a nga hi fela;
Sweswi o ta ta ku hi teka
tilwen‘,
Ri ta va kaya ra hina.
"
7617;TEN THOUSAND TIMES.;;"Verse 1
Makana na makana,
Ya bafwikwa tutu,
Ifita fya balubulwa
Fyanina ku mulu.
Fyapwa! Fyonse nafipwa,
Ukulwa ne fibi;
Beswileni ifipata,
Aba kabengile.

Chorus
Aleluya, aleluya
Ku watufwilile
Aleluya, aleluya
Na o aliimine.

Verse 2
Nyimbo sha Aleluya
Mu calo, mu mulu!
Kulisha kwa masese
Kuletwebo bwanshisho.
We bushiku busuma
Bwa fyabumbwa fyonse;
We nseko, ulefumyapo
Ubulanda, bonse

Verse 3
E, tukaceleshanya
Mu mulu mwi shilya;
Pa kukumanye fibusa
No kushilekana.
A menso yakabeka
Yalile filamba,
Tabalimo bakashiwa
Nelyo mukamfwilwa.

Verse 4
Bupususho na bwise,
We Lambo lyawama;
Mufishe mpendwa ya bantu
Abo mwal; ubula.
Mwe bafwaikwa mwise,
Benu bafuluka;
Balangeni cishibilo,
Mwe Mfumu Katula"
8441;Tshilobo;;"Mumanyi munene wa mvita,
Mutshimunyi wa kale kale
Tshilobo tshikole mu vita,
Yesu ukena kusthimuna.

CHORUS
Tshilobo we, juka wenda,
Madiunda mu baluishi bebe 
Bana bebe babanjila
Luendu luebe lua butshimunyi.

Misumba yonso ya mu diulu
Idi pa nyima pebe wewe,
Bua kutumbisha dina diebe,
Manyi munene wa mvita.

Diboko diebe dia bukole
Didi dibandishibue kulu,
Pa mutu pa makole onso
Ne mamanya onso a mvita

Wewe Mukemeshi wa bantu
Bua dimanya diebe dia mvita
Ne mishindu ya disthimuna
Nganyi wa palakana nebe.

Dituku dikadi pabuipi
Di wa butula bantu babi
Ne muambi wabo wa mashimi,
Popamwe ne nyama wa lonji";Shekinah Tabernacle;
8463;TUSEKELE NO KWANGA;;"Verse 1
Tusekele no kwanga
Pantu Lesa musuma.

Chorus
Pantu aba no luse,
Pa bantu bakwe bonse.
Bonse tumutotele,
Ni Lesa eka wene.

Verse 2
Icalo abumbile,
Nefyaba umo mwine.

Verse 3
Aba ne fintu fyonse,
Alatulela bonse.

Verse 4
Ale batangilila,
Bantu bakwe munshila.

Verse 5
Kuluse atumona,
Nangu tubya babipa

Verse 6
Eco tusekelele,
Lesa tumulumbanye."
8571;UPEPE KU MACACA;;"Verse 1
Upepe ku macaca,
Upepya kasuba,
Upepe pa cungulo,
Upepyo bushiku,
No mutima onse wise,
'Fya pa nshi ufumye;
Ku mobyo lefukama,
Mu nkama upepe.

Verse 2
Ibukishe fibusa,
Pepela babiyo;
Pepela abalwani,
Nga balekucusha,
Ulombe ngo li weka
Ifyo ulebulwa;
Amapepo lomba mwi
Shina lya kwa Yesu.

Verse 3
Nga wabulwe cifulo,
Mu nkama upepe;
Lelwa matontonkanyo
Yabuta yabepo,
'Mupashi ulekwafwo
Kwisa na mapepo
'Yakufika ku mulu
Kulyu yo umfwa pe.

Verse 4
Tatuli no bupalo
Ubwaba nga bulya
Shifwe aletupela
Nga twaisalomba,
Uli nensoni, bushe?
Kuli Yesu pepa,
Ibukisha, sekela,
Lesa 'likutemwa."
8725;VUYELE LO BYIN‟WANA;;"Ndza m‘rhandza, ndza
m‘rhandza,
yesu Hosi ya nga,
l‘a nga ndzi rhandza,
a fela nandzu wa nga.
"
8758;WANGE MU MFUMU;;"Verse 1
Wange mu Mfumu na muluse Lwakwe
Mwine e watukakwile,
Twalilubulwa mu mulopa Wakwe
Nomba kuti twatina nshi?

Chorus
Tuli na Lesa, 
Tuli na Lesa, 
Tuli na Lesa!
Nani wakututinya, nani?
Nani nombo wa kututinya?

Verse 2
Kosa mu Mfumu na mumaka Yakwe
Ubyo umuntu wacine pe.
Pa kwisa ifibi uleshangila fye
Kristu enkwela tukwete.

Verse 3
Sumina Mfumu na mwibuku Lyakwe
Ifyalembwamo fyacine
Calo cikapwa, mulu nao pamo
Ili likabelelela.

Verse 4
Uba mu Mfumu, mukuboko Kwakwe
Ekutendeka kwa mweo.
Mulwani onse nangu abe nani
Tekuti akufumyemo."
8891;WE MUTIMA, ULUMBANYE;;"Verse 1
We mutima, ulumbanye
Mfumu yesu ya mulu;
Walubulwa, waelelwa,
N'ani wa kwimbilo lu?

Chorus
Ulumbanye, ulumbanye,
Lumbanye Mfumu yape,

Verse 2
Mulumbanishisho bupe,
Batata bapelwo bu;
Mu busanso baikele,
Abapokolwelemo.

Verse 3
Atuteka ngo mufyashi,
Alishibe fyo twaba;
Mu maboko atusenda,
No kutupokolola.

Verse 4
Bonse mu mulu mutwafwe
'Kuti tutote bwino,
Mwashuka ukuba nankwe,
Mwamumona pa menso"
9161;WHEN MY LIFE WORK IS ENDED;F;"Verse 1
Pa kupwa Kwa milimo no kwabuko mumuna,
Ilyo bukaca ubwa kusekela;
Nkeshibo mulubushi pa kufika kwi shilya,
E ukabalilo kunsekelela.

Chorus
Nkamwishiba, nkamwishiba,
'Lyo nkamumona ne wakulwa;
Nkamwishiba, nkamwishiba,
Ku mikofu mu ndupi shakwe.

Verse 2
Kukaba ubuseko pa kumumono mwine,
Uwa mpumi yawamisha yayemba;
Nkalatasho kutemwa ne cikuku cikulu
Icanungikile ncende yawama.

Verse 3
Abanenswa bengi balesekela mwa Lesa,
Ndebukishe fyo kale twalekene;
Tukayakumanako ne nyimbo sha buseko,
Lelo kucila nafuluka Yesu.

Verse 4
Nkafwikwa ne fyabuta pa kwingila mwa Lesa,
Mwene tamwakabe ifya bulanda;
Mu lwimbo lwa kutotela ine nkasanshikisha."
9190;WHEN UPON LIFE'S BILLOWS;;"Verse 1
Mu bulanda bonse ubo nsanga,
Mu kushuka konse, mu kupelelwa,
Pende fintu fyonse Lesa akupa,
Cine uletasha pantu fyafula.

Chorus
Pende fintu fyonse fisuma,
Pende fya bupe bwakwa Lesa,
Penda kale, penda nanomba,
Cine uletasha pantu fyafula.

Verse 2
Wafininwa no kucula we mwana;
Ulupanda nausenda lwafina;
Pende fintu fyonse Lesa akupa,
'Lwimbo kumutotela ulesanga.

Verse 3
Nomba mu kulwisha konse witendwa,
Lesa mukalamba alekumona,
Wene aishibe nshila uleya.
'Lwendo lonse 'Mwine akulakwafwa."
9221;WHERE WILL YOU SPEND YOUR ETERNITY?;;"Verse 1
We bushe ukekala pi?
Ili lipusho lyalyafya,
Njeba mune napapata,
We bushe ukekala pi?

Chorus
Njeba mune napapata,
We bushe ukekala pi?

Verse 2
Bamo balesala Kristu,
No kuleke fibi fyabo:
Mu mulu mukaba mwabo.
We bushe ukekala pi?

Verse 3
Bambi balesulo mweo,
Baleya ku bonaushi;
Kulya 'ba chikaba shani?
We bushe ukekala pi?

Verse 4
We shi sala Kristu nomba,
Cetekelo luse lwakwe;
E lyo uleisosela,
""Ine nkekela mwa Lesa""
Nkekalamo, nkekalamo,
Ine nkekala mwa Lesa."
9247;WHO IS HE;;"Verse 1
Nani ulya mwi tanga?
Bantu baletotela?

Chorus.
Ni Mfumu Landwe lisuma,
Mfumu mwine wa lulumbi;
Tumuwile pa nkasa,
Bonse bamutotele.

Verse 2
Nani ulya acula
Ali eka mu mpanga?

Verse 3
Nani ulya batemwa
Wa mashiwi ya luse?

Verse 4
Nani ulya ondapa
Balwele na bacula?

Verse 5
Nani ulya mu mfifi
Apepa kuli Wishi?

Verse 6
Nani ulya ku muti
Watufwila fwe babi?

Verse 7
Nani ulya mu nshishi,
Nafuma? Mupusushi!

Verse 8
Nani wa pa cipuna,
Calo conse ateka?"
9434;YESU  WA HUNDZA NAMUNTLHA;;"Xana yi kona mbilu,
Le‘yi rhandzaka sweswi
Kuponisiwa hi Yesu?
Yesu wa ku vitana.

Yesu wa hundza namuntlha,
Namuntlha, namuntlha,
Yesu wa hundzana muntlha,
O ta ku hundza sweswi.

Xana yi kona mbilu
Le‘yi nga ni miringo?
Yesu o ta susa swivi,
Swivi hinkwaswo swaku.

Xana yikona mbilu
Le‘yi nga munyameni?
Yesu rivoni ra hina:
O ta hivoningela.

Tana halenu, makweru,
Yesu wa kuvitana,
Ku ku nghenisa ndleleni
Le‘yi yaka le hen hla.

Yesu o kona namuntlha,
Namuntlha,  namuntlha,
Yesu o kona namuntlha,
O ta ku hu ndza sweswi.
"
9438;YESU AITA BABI;;"Verse 1
Yesu aita babi,
Abapokelela fye,
Bonse abalubile,
Bonse bengabwela fye.

Verse 2
Imbisheni, mwe bonse,
Yesu aita babi;
Ali no luse lonse,
Abapokelela fye.

Verse 3
E wasosa, umfweni,
""Mwise mubyo mutende;
Mwe banaka iseni,
Insende fibi fyonse.

Verse 4
E usambo lubembu,
E uposho mutima;
Nomba ku cilye cakwe
Te'ti ntine nakalya.

Verse 5
Yesu mweo wababi,
Ampokelela ine;
Nomba nimbuta tutu,
Nkaya fika ku mwine."
9449;YESU E MPALUME YESU;;"Verse 1
Yesu e Mpalume yesu
Fibi fyonse asenda
Cisuma tutwale fyonse
Kwa Lesa mu kupepa
Nangu ifwe twayanshiwa
Twikatisho kulomba
Nangu tuleculacula
Tupepe mu mitima

Verse 2
Bushe tuli no kweshiwa
Bushe tulecula pe
Ifyo fine twinenuka
Kuli yesu tulombe
Mpalume imbi takuli
Ya mpomfu ne ya luse
Yesu atwishiba bonse
E calenga tupepe

Verse 3
Bushe twatwikwe fisendo
Na maka tatukwete
Yesu e Katula wesu
Mu mapepo tumwebe
Ilye fibusa fyatusha
Yesu takatushe iyo
Mu maboko atubaka
Tukasango butusho."
9460;YESU MUNTUNGULULE;;"Verse 1
Yesu muntungulule,
Pacimana camweo,
Amabimbi yaisa,
Mabwe ayabelama
Imwe mwaishibisha,
Yesu muntungulule.

Verse 2
Fyo nyina alelo mwana
Mwingateke cimana,
Mabimbi yaikala,
Lintu muleyasosha,
Mwe Mfumu ya cimana
Yesu muntungulule.

Verse 3
Lintu nkapalamikwa
No mwenso wanjikata,
Lyene nkacetekela
Mukangafwo kupepa,
Na mwisano mwa Lesa
E, mukantungulule."
9465;YESU NI KU KALBALE;;"Verse 1
Yesu ni ku Kalbale
Ndefwayo kwikala,
Kuti njishibe fyonse
Ifya luse lwenu.

Chorus
Kalbale, Kalbale,
E ku mutima wandi,
Ine nsangweko pe
E ku mweo wandi.

Verse 2
E ko atula ababi,
Bamonako bumi;
E ko balesekela,
No bumi bapelwa.

Verse 3
Pa kwisa kwa ka Kristu
E ko tukasangwa,
Na mu mulu mwa Lesa
Kalbale tukemba."
9469;YESU PE FYE MWABAPO;;"Verse 1
Yesu pe fye mwabapo,
Kacema musuma;
'Shina lyenu lyabila
Mu mitima yesu

Verse 2
Twatemenwe shine li
'Lyo twalya baice;
Mu bukalamba pamo
E cuma tukwete.

Verse 3
'Lingi kubonaushi
Nga twafikileko,
Amubula ne few,
Mwe katula wesu.

Verse 4
Ilingi na mu mfifi,
Nga twaliwilemo,
Lelo mwalitwimishe,
E, mwatuposeshe.

Verse 5
Mwe kacema musuma,
Twamucetekela ;
Ni mwe mulatulisha,
Mutwimya nga twawa.

Verse 6
'Shiwi lyenu lya maka
Mu mfwa tukalimfwa;
Mukatufishe bonse
Kwi cinka kumwenu."
