45;A neng'ung Jesu;;"A neng'ung`, Jesu, ka-agas ng'alek
Che kamwawa chamnyeng'ung';
Ago anyun, asa-in eng' iman,
Ta imuta arikyin.

CHORUS
Yetindennyu, Kiptaiyandennyu,
Nama asi arikyin.
Nama, Jesu, nama; 'mutwa eng' chamnyet
Si arikyin Inyendet.

Kona boisieng'ung' ko u mageng'ung';
Igimita kot, Jesu.
Inyiita mising' Tamirmirieng'ung'
Si agasin it kityo.

Abaibai mising' ye anyonjinin
Agutung'ji kelyeguk,
Keng'alaljine eng' chamnyet ne o,
AK ketinye yamdaet.

Mayama chamnyet ne atindo-i;
Ta inyiitwa chammng'ung'
Toreta, Jesu. si abaiba-in
Eng' betusiekyuk tugul."
85;Abaibai bet ak kemoi;;"Abaibai bet aK Kemoi,
Amwachi Jesu kongoi
Amu menyei ine muguleldanyu.
Atinye kalyet iman
AK kaberuret ne o
Amu menya Jesu, Yetindet!

CHORUS
Menya ra Yetindet!
Haleluya! Menya Inendet!
Abaibai bet ak kemoi,
Amwachi Jesu kongoi
Amu menya Jesu, Yetindet'.

Kiagochige Jesu
Koriba eng' bandanyu.
Asuboti Ine betusiek tugul.
Yoma masambwanindet;
Aterteri inendet
Amu menya Jesu , Yetindet '.

Mi kobota eng' Oret,
AK koriba eng' chamnyet.
Abaibai amu atiagat eng' chalwok.
Riba Tamirmiriennyi,
AK konyiita boiboiyet
Amu menya Jesu, Yetindet!"
99;Abwati meeng'ung' Jesu;;"Abwati me-eng'ung`, Jesu,
Ko u ye I-ng'atech.
Anyone nguno Meseng'ung'
Aming'inityinge.

I Makatiat ne bo sobon,
Jesu, Yetindennyo.
Ak ye ki-amdo-i nguno
Kibwati me-eng'ung'.

Karogutiet kikombani
Ne bo korotiguk;
Ak ye ki-ee diva-i-chu
Kobwatwech me-eng'ung`.

Kibwati nyalilwogiguk
Eng' Kimurtoiyondet.
I Aruet ne bo Jehovah;
I Tiseiywondennyo.

Kitinye ra kamang'unet
Amu ng'wanindang'ung'.
Kiribe kabwatonito
Agoi I-nyo kogeny."
105;Achame Jesu weritab Jehovah;;"Achame Jesu, Weritab Jehovah;
Achame Jesu ne Toretindennyu;
Achame mising' kosiir tuguk tugul,
Amu kisib kochama Jesu, si kome.

CHORUS
     Achame, achame Weritab Jehovah;
     Amu kisib kochama Jesu, si kome.

Kinyo inendet kosor bik eng' tengek;
Kinyo komwaiwech logoiwekyik che miach.
Ka'yan ng'alekyik; achame Inendet,
Amu kisib kochama Jesu, si kome.

Amu kichamech komechech Yetindet.
King'eet eng' meet eng' betutab somok
Achame inne eng' muguleldanyu,
Amu kisib kochama Jesu, si kome.

Mi Jesu nguno olin bo kipsengwet,
Ak ta konyonei komutech kebe ga.
Achame Jesu; agasige mising',
Amu kisib kochama Jesu, si kome."
238;Amakyininge kot;;"Amakyininge kot,
Jesu Kristo;
Amu mami age,
Ne 'toreta.

CHORUS     
Jesu, amakyininge,
Amu a nyerat kot.
Nama eng' kimnateng'ung' ­
Kanyonjin ra.

Amakyininge kot,
Jesu Kristo;
Eng' betut ak kemoi
Kitebye t'wai.

Amakyininge kot,
Yeti-ndennyu;
Nyo, chogu,
toreta; Iberura.

Jesu, amache kot
Ikweng-' sewa.
Kona agasin it,
Asubotin."
241;Amang'un inyege;;"Amang'un Inyege
Inye ne kimecha,
Jesu Kristo.
Kas saennyu nguno:
'Stawa tengektanyu;
Kona aek neng'ung'
Koboch rani.

Ye ami ng'onyuni
Ak kobiit .usisiet,
Imutata.
`Stawa toptobenet;
Kona nyiganatet;
'Ndoywa, itoreta
Asubotin.

Ye tun karik me-et,
Igona kamuung'et,
Jesu Kristo;
Kona kimnateng'ung';
Onwa ka'ywe-isiet;
Imuta kipsengwet
Eng' boiboiyet."
272;Amwechini Jesu;;"Mi besio nyalilda ne o
Ne tektaa si mageer Jesu
Mitei ka-iimutik che Che Chang
Che iima mising kotugul

CHORUS
     A-mwechini anyun Jesu,
     Ne isoobi muguleldanyu.
     A-mwechini anyun Jesu
     Ne Inendet Kiptaiyandennyu

Ye tesak kererwekab met
Atiiege ruandet Jesu
Agot ngo mi nyalulnatet
kogimiita Yetindenyun

Matiny ngo bichii bandanyu
Ak a-ng'et mising eng' oret
amache asubun Jesu
Iegu kandoindenyun"
329;Aote Jesu Kristo;;"Aote Jesu Kristo 
Ne ki'ng'eet Jehovah;
AK angen ale sobei 
amu mi orinnyu;
Ageere bo-isiennyi, 
agase kutinnyi;
AK ye atinye nyalil 
kogoigo-a.

CHORUS
     Iman, iman, sobei Jesu Kora!
     Indoiywech eng' bet ak kemoi -
     Kisubi i-nendet.
     Iman, iman, kigonech yetunet;
     Ee , kingen Kele sobei ra ,
     Amu mi orinnyo.

Abaibai amu riba 
eng' bandanyu tugul;
Ye betwa kimnatennyu 
kotoreta Jesu.
Imutata Inendet 
eng' betutab nyalil.
Tatun koweeksei kogeny , 
ne mabeitos.

Otienji Jesu  Kristo, 
okwek che  bo Iman;
Omwachi, ""Haleluya!"" - 
Inendet  Yetindet.
Ye 'mang'u  bik Che Cheng'ei 
kosichei toretet;
Mami ne tinyei rirge 
kosiir  Ine."
359;Arikyinin, Jesu;;"Arikyinin, Jesu,
Yetindennyu,
Matiny  ngo mi nyalil,
Anan boiboiyet.
Agakto-in,  Inye,
Ne I Ribindennyu.
Arikyinin mising',
Toretindennyu.

A kiprutoiyondet
Eng' ng'onyuni.
Mangen ane Oret
Ole abune.
Nyo, Jesu,  toreta;
Nama, imutata .
Arikyinin mising`
Kando-indennyu

Ribota, Kiptaiyat,
Bet komugul;
Si ye imen emet
Imi kobota.
Riba, Yetindennyu,
Ye arue eng' kemoi.
Arikyinin, Jesu,
Mestowondennyu.

Alosun, Jehovah
I Kwandanyu.
Bunun tuguk  tugul
Che nyoljin sobet:
O chamnyeng`ung` inne,
Ne ma-igesugei.
Arikyinin. Jesu,
Kiptaiyandennyu."
403;Asubi Jesu Kiptaiyat;;"Asubi Jesu Kiptaiyat;
Awendi ole ka'muta.
Achame ayai magennyi
Amu kime eng' Kalvari.

CHORUS
     'Ndoiywa Jesu bet ak kemoi;
     'Ndoiywa Jesu eng' ui tugul.
     Choruennyu iman Inendet
     Amu kime eng' Kalvari.

Achame kondoiywa Jesu;
Abaibai eng' ng'atutikyik.
Achame akas it Ine
Ne kimecha eng' Kalvari.

Awendi tai, ma'yweisie-i
Amu imutata Jesu.
Amang'u ageer Inendet
Ne kimecha eng' Kalvari."
477;Barak kipsengwet;;"Tatun kemenye barak kipsengwet
Koboto Jesu Yetindennyo.
Ye 'gesgei boisiet ne mi ng'onyuni,
Kebe kimuuny eng' gab Jehovah.

Mami  ka-iimet barak kipsengwet,
Anan nyalilda ko u oli;
Tatun kegeere togetab Jesu,
Kilosu Ine eng' boiboiyet.

Tatun keite barak kipsengwet
Ye kagogesgei betusiekyok,
Ye kagosiirto nyalilwogikyok,
Kebendi tugul kegeer Jesu."
479;Baraste logoiwek;;"Baraste Logoiywek eng' ng'onyut komugul,
Koyom emet tugul ole meng'oti bik.
Mi Kagaiga-indet, Ine Tamirmiriet
Ne Toretindennyo

CHORUS
Mi Kagaiga-indet! Mi Kagaiga-indet!
Igui'yewech ng'alek; saiywech ak konetech.
Baraste ng'alechu eng' ng'onyut komugul;
Mi Kagaiga-indet!

Bo-unindet ne o! Kosobindet iman!
Itiachi chi tugul ne ratat eng' tengek.
Kitieni kilosu eng' tiendo ne rurei:
Mi Kagaiga-indet!

O c'hamnyetab Jesu ne nyoIjin bik kogas.
Achame awendot amwaita yetunet.
Ki-a chitab luset;.-a sorunot nguno
Amu Yetindennyu.

Otien eng kimnatet, omwaite sorunet;
Olosu Kwandanyo ne konech yetunet.
Omwachi bik tugul eng' boiboiyet ne 0:
Mi Kagaiga-indet!"
484;BAYETE HOSI YESU!;;"Ha ku twarisa we Yesu
:I: Wena, Nkulukumba :I:
Hi wena l‘a nga hi ntsh
Bayete :I: Hosi Yesu :I:
Yesu, Hosi ya tihosi.

Wena, Hosi Emanuel,
:I: Mufumi wa tilo :I:
Ha twarisa vito ra ko.
Bayete :I: Hosi Yesu :I:
Yesu, Hosi ya tihosi.

Mavandla ya vapfumeri,
:I: Ma dzunisa wena :I:
L‘a nga hi hlantswa hi ngati.
Bayete, :I: Hosi Yesu :I:
Yesu, Hosi ya tihosi.

Ni kwale henhla tilweni
:I: Hi ta ku twarisa :I:
Hi laha ku nga heriki.
Bayete, :I: Hosi Yesu :I:
Yesu, Hosi ya tihosi.
"
827;Chame Jesu Kristo bik;;"Chamei Jesu Kristo bik;
Kinyo ng'ony kotoretech.
Kigomechech Inendet
Si kosoruech eng' meet.

CHORUS
Chamei Jesu bik;
Chamei Jesu bik;
Chamei Jesu bik.
Ee, chamei bik tugul.

Jesu Kayagindennyo;
Ki kechirekyik, achek.
Kigi lusyotin tugul;
Kigonyo si koyetech.

Wechech masambwanindet;
Machei kot koberberech.
Machei komutech tugul
Koret ne ya ne mi mat.

Kimechech yetindennyo
Si kogonech sobondo.
Ngot kenam logoiwekyik
Kotun komutech barak."
828;Chamei Jesu lagok tugul;;"Ta  komi  lagok  che  Chang'
Eng' emotinwek  tugul
Che  kimache  kot  konai Yetindennyo.
Tom kogas ichek iman
Kole kigome Jesu.
Ongemwachi lagok tugul che bo ng'ony.

CHORUS
Chamei Jesu lagok tugul -
Lagok tugul che bo ng'ony;
Che biriren, che tuuen,
Ak che leelach agichek.
Chamei Jesu lagok tugul che bo ng'ony.

Rirtos emet komugul,
Ak kosomei sorunet.
Ng'o ne Wendi si komwachi logoiywek?
Ongebe achek tugul
Si kiborji yetunet,
Ak kinet ichek ng'aleka-b sobondo.

Mi lagok alak Che chang'
Eng' emotinwek tugul -
Lagok che tatun koluu eng' kipsengwet.
Tun boibo-itu ichek
Ko kaweek Kiptaiyandet
Nyo koyumech achek tugul agichek."
876;Choboge!;;"Nwagen betusiekab chi;
U sogot ne toroksei;
U uruet ne labati. Choboge!
Choktoi kenyisiek inne,
Rigu kiruoget ak me-et.
Mwechin eutab Jesu. Choboge

CHORUS
     Choboge...Choboge!
     Kas, ko ta koguurin Jesu - Choboge!
     Ngot itebi eng' chalwok kesib kegerei kurget,
     Ma kegasun tun rirek. Choboge!

Siirtoi Ming'inateng'ung'
Ko u taptok che restos;
Metinye sobet ne koi. Choboge!
Ye kuurin tamirmiriet
Megage, kiptengekyot,
Si tun koek buch rirek. Choboge!

Kas anyun, kiteun ra,
Kuurin Jesu Kiptaiyat.
Nam oretab kipsengwet. Choboge!
Mong'u eng' mesundeito;
Mwechi eutab Jesu,
Si kogasgei kipsengwet. Choboge!"
880;Choruenyo Kiptaiyat Jesu;;"Choruennyo Kiptaiyat Jesu
Ne ki-ib chalwogikyok!
Kichobwech lnendet oret
Ne kisa-e Kwandanyo.
Betwech kamuung'et ak kalyet,
Ak kobiit chorirnatet,
Amu magi-ipchi Kwanda
Tuguk tugul eng' saet!

Ye mi ka-iimet ak nyalil
Anan ngo mi yomsosiek,
Meng' kome muguleldang'ung' ­
Kasei Jesu sa-eng'ung'!
Mami chi ne siirei J esu
Ne kaswech ng'woninwekyok.
l-ngen Jesu nyalulennyo ­
lpchi tugul eng' saet!

Ye kabetwech kimnatennyo
Ak ki-imige mising',
Ongemwechi Yetindennyo
Ne kaswech sa-utikyok.
Ngot kosasech choronokyok
Ketinye ne chamech kot.
Namech Jesu eng' eunnyi
Ye kirikyi eng' saet"
881;Choruetab logok che mengech;;"Choruetab lagok che mengech
Komitei kipsengwet;
AK Kainennyi ko Jesu -
Inendet Yetindet.
Kichame mising' Ine
Amu ma walaksei.
Ribech Inendet mising'
Kota kemitei ng'ony .

Gorikab lagok Che mengech
Komitei kipsengwet
Kichopchin lagok tugul
Che 'yani Yetindet.
Mamitei ng'ony got age
Ne mi ne mi barak.
Mi boiboiyet oloto
Amu mami chalwok.

Mi chepkulo-ik Che miachen
Olin bo kipsengwet.
Kilaakyi lagok  tugul
Che chamei  htindet.
Tun kage-it kipsengwet
Emetab Kwand'anyo -
Kenyoru bik che  bunu
Emotinwek tugul."
1243;DZI  KUTSURIWILE  KUNENE;;"Ndzi  Kutsuriwile  kunene
Hi  ngati  ya  Hosi  Yesu,
Hinkwaswo  sweswi  I
le‘swintswha,
Ndza  n‘wi  tirhela  masiku.
Tsakan‘,  tsakan‘;
Ndzi  ponisiwe  hi  Yesu,
Tilwen‘, tilwen‘,
Ndzi  langutela  Xikwembu.

A  ndzi  nkhinsamela
swikwembu,
Ndzi  tolovele  ku  phahla;
Sweswi,  ndza  n‘wi  tirhel a
Yesu,
Hi  yona  Mhamba  ya  mina.
A  ndzi  va  tshembile  vangoma
Ni  ku  hlahlulva  ka  vona;
Namuntlha  Mupfuni  i  Yesu,
Buku  i  tinhlolo  ta  nga.

A  ndzi tshembile  switsungulo,
Ndzi  tilavela  tin‘anga
L‘a  ndzi  tshungulaka
namuntlha
I  Yesu  N‘yanga  ya  mina.

A  ndzi  tsutsumela  mabyalwa,
Ni  ku  ma  dzaha  mafole;
Sweswi  ndzi  xirhile  hi  Moya,
Ndzi  tsakela  ku  khonghela.

Nhlengeletano  ya  Xikwembu
I  michongolo  ya  mina,
Ndzi  tinyiketile  ka  Yesu,
Ndzi  tsakela  Yesu  ntsena.
"
1244;DZUNISANI HOSI YA MATILO;;"Dzunisani Hosi ya matilo,
Mi von ga vito ra N‘wana wa
kwe,
Hikuva tintswalo ta Hosi Yesu
Ti tlurisa mpimo wa hina
vanhu.

Vulan‘ timhaka ta yena, Yesu,
L‘a nga hi fila, hina vadyohi;
Mi vonga hikuva o vambiwile
Hikwalaho ka swidyoho swa
hina.

O fanele ku nkhensiwa, yena,
Hi vanhu hinkwavo ni
tintsumi;        Tanan‘ vamakwerhru a
hivongeni
Vito ra yena l‘a nga hi
ponisa.

Hi nkhisamela mahlwen‘ ka
yena,
L‘a kwentsimaka, l‘a hi
handzaka;
Hi vonga matimba ni
mikateko,
A hi dzuniseni Hosi ya ntamu.
"
1262;Ee Jehovah, kibwone taing'ung';;"Ee,Jehovah, kibwane ta-ing'ung' ra,
Kisachini bichu itunigei.
'Gochi chamnyeng'ung` ak  kaberureng'ung'
Chu kaituiye koek agenge.

Ee, Jehovah, kisomjini bichuguk
Muita-et ne o ak boiboi-yeng'ung`.
Toret ichek kochamin ak komang'un
Si ma ywei nyalllda anan me-et.

Ee, Jehovah, igochi chu koteech ge
Asi kogasyin eng' chamnyet ne o.
Ye tun  kabek betusiekab sobenywa
Imut kotebi koboten koigeny."
1866;haleluya! kagotilila Jesu;;"Kirootei korotikab Yetindet
Che kigoba amu ane.
Imuchi choto koun chalwogik;
Itilila ane.

CHORUS
     Haleluya! Kagotilila Jesu;
     Kagotacha eng' chamnyet,
     AK kogona boiboiyet.
     Ee, Haleluya! Ka-anyoru yetunet;
     AK kotilila; itilila.

Ma walaksei korotichu agoi;
Kimen choto eng' kotugul.
Bik tugul Che lusyotin eng' tengek
Kosichei yetunet.

Mami kiy ne  undoi chalwogikyok  -
Korotikab Jesu kityo;
AK chi tugul ne somei Yetindet
Konyochin kaat  Ine."
2269;HI LE MAHLWENE KA WENA;;"Hi le mahlwen‘ ka wena,
Tatana wa hina;
Hi kombela tintswalo,
Hi ko ku khongela.
Hi swi twile swirilo
Swa la‘va lovaka,
Ha khongelela vona,
Hosi va hanyisi.

Matiko la‘yo tala
Ma le munyameni,
Va ha ri le ndleleni
Ya khombo ni rifu.
Va twele vusiwana,
Va nyikeni Rito,
Susa munyama wa vo,
Hi ku vonakala.

Rhumela vadyondzisi,
U va nyika ntamu,
Va ta va byela vanhu
Timhaka ta wena.
Fambisa Evangeli
Misaven‘ hinkwayo,
Byisa vatsendzeleke
Endyangweni wa ku.

Hantlisisa mikarhi
Le‘ya ku saseka,
Loko vanhu hinkwavo
Va tiva ta wena;
Va amukela Hosi
Muendli wa vona,
Va rhandza Yesu Kriste
Muferi va vona.
"
2286;Himasuku Hikwawo;;"Himasuku Hikwawo
Hi kensa Hosi"
3257;Ichechu ng'alekab Jesu;;"Ichechu ng'alekab Jesu
Che kimwa-ei eng' tulwet,
Che kimwachin kasubikyik -
Ng'alek che bo boiboiyet.

Boibo-en ichek Che bonon
Nguno eng' tamirmiriet,
Amu nenywanet bororiet  -
Bororietab kipsengwet.

Boiboi Che arogendos kot
Amu tatun kigaigoi.
Baibai agine ne tala
Amu ta kobo-u ng'ony.

Boibo-en che amei rubet
Agobo imandanyi,
Amu tun igochin  Jesu
Kobiyong'so eng' barak.

Boibo-en che tinyei rirge
Amu nyoru rirenet.
Baibai agine ne tilil
Amu keerei  Jehovah."
3323;Il ne commencera rien;;"Il ne commencera rien s'Il ne peut l'achever,
Il ne commencera rien s'Il ne peut l'achever.
S'Il a sauvé ton âme, 
Il va donc te guérir;
Il ne commencera rien s'Il ne peut l'achever.";;
3351;Imi kwenunyo nguno Kiptaiyat;;"Imi kwenunnyo nguno, Kiptaiyat;
Achame arikyin eng' kayanet.
Amache abwat me-eng'ung',  Jesu;
Amu noto anyone ta-ing'ung`

Kanyonji nguno Meseng'ung', Jesu,
Ki-ing`atech keyai ko u nito:
Nito yamda-et ne kiting'ege
Ye kimi tugul koboten, Jesu.

Ye anam nguno makatiandani
Aba-ege Makatiatab Sobon.
A-ee divaik Che mi kikombani,
Che karogutletab korotiguk.

Siirtoi kochoktoi karogutichu,
Ago magoi siirto yamdaoni,
Amu ye tun kemite kipsengwet
Ketinye yamdaonito agoi."
3355;Imuchi konyo Jesu eng' lilindonyi;;"Imuchi konyo Jesu eng' lilind`anyi
Ye ta  ko-imen eng' mesundeitab Karon,
Anan ye ka-eech ak kotoi koluu emet,
Kotaach Inendet bikyik.

CHORUS
     Ee Kiptaiyandet, tianitu?
     iI ketien kilosu,
     ""Weeksei Jesu! Haleluya!
     Haleluya, iman! Haleluya, iman!

Imuchi Jesu konyo Karon anan bet;
Imuchi konyo koskoleny anan kemoi;
Nyonei Yetindet komutech eng' lilindo,
Ye taachei Ine bikyik.

Boiboiyet ne o ngimutech kesoptosi,
Si kebagakte yomsosiekab ng'onyuni.
Ngo kanabech Yetindennyo eng' eunnyi
Ko ki boiboen mising'"
3357;Imuta Jesu kotugul;;"Imuta Jesu kotugul;
Igoigo-a noto mising
Eng` kiy tugul, eng` ui tugul,
komuta eng' eunnyi.

CHORUS
     Imuta Jesu kotugul;
     Imuta eng' bandanyu.
     Asubi Inendet iman,
     Amu imuta eunnyi.

Ye tesak nyalilwogikyuk,
Anan ngo mi kalyet ne o,
Betusiek tugul Che bwanei
komutata eng eunnyi.

Aname eutab Jesu;
Ma a-ng`unyng`ung'jni Ine.
Abaibai eng` oldo tugul
Amu imu-ta eunyi.

Ye `gesgei boisiennyu eng` ng`ony.
Ye  ka-atar tugul iman.
Ko maiywei agot meet
amu imuta eunnyi."
3439;Ing'eet boisieng'ung';;"I-ng'eet boisieng'ung'
Eng' Tamirmirieng'ung'.
I-giilech eng' ngolyondeng'ung'
Kechuuljige inne.

CHORUS
     I-ng'eet boisieng'ung',
     kigutung'jinin ra.
     nyo rong'wech Tamirmirieng'ung'.
     Nyo si iberurech.

I-ng'eet boisieng'ung',
Eng' bik Che nyaluldos.
Iluuchi chamnyeng'ung' ne o
Che kigowegei let.

I-ng'eet boisieng'ung',
Igimit lagoguk.
igochi bik kogas rubet
Agobo ng'aleguk.

I-ng'eet boisieng'ung',
ltililech, Jesu.
Inyiitwech Tamirmirieng'ung'
Si keotin komie"
3440;Ingogas bik tugul;;"I-ngogas bik tugul logoiyweK Che miach!
Obaraste ng'alek Che bo yetunet!
I-ngoyom ng'alechu komoswek tugul.
I-ngogas tugul eng' ng'ony!

CHORUS
I-ngogas tugul! I-ngogas tugul!
Onge-amji bik Che mi emotinwek.
Kuurei Yetindennyo bik che lusyotin.
I-ngogas tugul eng' ng'ony!

Mat kogage bik che machei yetunet.
Mi kasarta nguno; i-ngochok tugul!
Kimwa Jesu kole, A Oret iman.
I-ngogas tugul eng' ng'ony!

Tebyei arorutik Che bo Kwandanyo;
Sichei sorunet che 'yani Yetindet.
Kiberuri bik Che 'giiljingei Ng'alek.
I-ngogas tugul eng` ng'ony!"
3737;Jehovah Irimet ne kim;;"Jehovah irimet ne kim
Ne mwechin bik the 'yanotin;
Ne toretech eng' maranet
Ye kinyalildosi mising'.
Amu cheng'ei bunyot
Oret ne ng'emenech;
0 kot ng'omnatennyi,
Karikyik ko wechet;
Ki ng'alindet koboch eng' tai.

Ngot kimang'u kimnatennyo.
Koek anyun buch boriennyo;
Ago mi kobotech Ne Kim
Ne kigoyokwech Jehovah.
ilen ng'o Inendet:
Kristo Jesu Ine.
lnendet lnegei
Ne bo-u lugosiek.
Mami age ne 'terterwech.

Agot ngo nyiitat ng'onyuni
Kimnatosiekab Setani,
Ko magiywei am u kicham
Kiptaiyandet koterterwech.
Magitoptobeni
Eng' bunyot o-indet;
Ma kiy neregekyik.
Amu wendi me-et.
Iterterisie' Imanit."
3777;Jesu anyonjinin inye;;"Anyonjinin Jesu Kristo.
Kou kit ne a u, nguno.
Anyerat kot eng' ta-ing'ung
Jesu, anyonjinin, Inye.

Anyonjinin - magoige.
I-unena korotiguk.
Istawa tengekwogikyuk.
Jesu, anyonjinin, Inye.

Anyonjinin anyor sobon
Amu abanani mising'.
Acheng'e nguno yetunet
Jesu, anyonjinin, Inye.

Anyonjinin agoninge
Taacha nguno aek neng'ung'.
Kaayan nguno ng'olyondeng'ung'.
Jesu, anyonjinin, Inye."
3784;Jesu ko mestowondenyun;;"Jesu ko Mestowondennyu -
Laitoriat ne bo chamnyet.
Mararua kiy amu riba;
Mabegu rirenennyi.

Kicheng'a Mestowondennyu
Ye kia-ombenoti,
AK koganaba komuta
Awekyige akwennyi.

Igoigo-a kimnatennyi
Eng' nyalilwogik tugul.
Maaiywei agot ngo mi meet
Amu mitei kobota.

Mabegu arorutikyik
Amu Imanda Ine.
Alosu Mestowondennyu
Eng' betusiekyuk tugul"
3818;Jesu, I ruandet ne kim;;"Jesu, I Ruandet ne Kim -
Inye ne amwechini.
I-ngouna  korotik
Che kibun karastang'ung`,
Amu mami or age -
Korotiguk ichegei.

Mami kiy ne tos ayai
Si kowong'gei tengekto.
Ama tilei Kiy rirek
Agobo chalwoktanyu.
Mamuchi ayaakta kiy-
Inyege ne isorua.

Mami kiy ne agonin;
Amang'un Inye kityo.
Ka-anyo ilaaksewa;
Tugena imandang'ung'.
Amwe-u eng' ya-ityo;
Asomin irirena.

Ye igesgei bandanyu
AK aitu oldang'ung',
Alosun, Yetindennyu,
Amu Ki-irirena.
Jesu, I Ruandet ne Kim
Inye ne amwechini."
3819;Jesu, kanyiia boiboiyet;;"Jesu, kanyii-a boiboiyet
Ye abwatin nguno-,
Ago agasige kosiir
Ye ageerin kimni.

Anyiny kot Kaineng'ung Jesu;
Mami ne kiroge;
Noto ne kigaiga-ege
Eng' yomsosiekab ng'ony.

Imuung'jini che ng'etyotin;
Ing'eeti che 'butos.
Nyorun che cheng'in eng' iman;
I kamang'unenywa.

O mising' chamnyetab Jesu —
Ma mwa-oksei iman
Chamnyet ne ma-igesugei
Ne mi agoi koigeny."
4142;Kaagas koyama mieindo;;"Ka-agas koyama mie-indo
Ne bo Jesu, Yetindet;
Ye agutung'ji ak asa-e
Kogona aterteris

CHORUS
     Ee, atinye boiboiyet ne ma mwa-oksei,
     Ma mwa-oksei, ma mwa-oksei;
     Ee, atinye boiboiyet ne ma mwa-oksei
     Amu Jesu, Kiptaiyandennyu.

Kiacheng' boiboiyet ak Kalyet
Kot anyoru eng' Jesu.
Haleluya! Kiyeta Ine
Ye Ki'mong'wa eng' chalwok.

Mi Kamang'unet sobondannyu
Ne ma'muchi ng'ony ko'sto.
Mi Jehovah kobota agoi;
Kibendoti ak Ine."
4143;Kaagas kuursetab Jesu;;"Ka-agas kuursetab Jesu
Ne kaguura ak  kolenja,
""Nam Kimurtoiyot isubwa 
Isubote kakwa-utikyuk.""

CHORUS
     Asubun eng' ortinweguk;
     Ole imuta asubun.
     Ole imuta asubun.
     Asubotin, Jesu, Kiptaiyat.

Asubun agot  ngobwanja
Nyalilwogik eng' sobennyu,
Amu Ki-inyalil mising'
Si isorua eng' chalwogikyuk.

Ka-ayan kayomiseng'ung'
Ne kagona kimnateng'ung`,
Si aterter eng' ng'onyuni
Amu kimi t'wai eng' bandanyu."
4144;Kaagas ng'olyondeng'ung';;"Ka-agas ng'olyondeng'ung';
Kaguura Kuting'ung'.
Anyone Si itilila
Eng' tengeKwogikyuk.

CHORUS
     Anyone, Jesu,
     Anyone nguno.
     Iunena korotiguk
     Si atililit kot.

Kona anai kit ne u
Ya-itietab tengek
Ne kigonin Igoitege
Itumde korotik.

kongoi, Kiptaiyandennyu,
Amu imandang'ung'
Ne ka-ilaaksewa nguno
Si aek lakweng'ung'.

Baorianjina inne
Tamirmiriet nguno,
Kole, a, bo Jesu iman -
Ine ne kimecha.

(Korus ne isubi koitet 4)
Ka-anyo, Jesu,
Ka-ayan iman.
A unot eng' korotik
A lakweng'ung' nguno."
4145;Kaagoninge, Yetindet;;"Ka-agoninge, Yetindet,
AK achamin kot nguno.
Amang'un, Inye, Kiptaiyat;
Asubotin koboch ra.

CHORUS
     Anyone, Jesu,
     Anyone nguno.
     Ka-agoninge, Kiptaiyat;
     Agonin tugul.

Ka-acham agonin tugul;
Agutung'jinin, Inye.
Mami Kiy ne bo ng'onyuni
Ne mie kosiirin Inye.

Ka-agoninge, Yetindet;
Ka-aegu neng'ung'et.
Baoriani Tamirmiriet,
Kole, a neng'ung. iman.

Kaginyiit muguleldanyu
Boiboiyetab yetunet.
Mi orinnyu Tamirmiriet
Ne kona alosun kot."
4146;Kaawekyinge;;"Kialoo-itu eng' Inye
Kiptayat Jesu.
Kanai nguno chalwogikyuk;
Ka-awekyinge

CHORUS
     Kanyonjin, Yetindet,
     Si Mabetoti.
     Torocha eng' chamyeng'ung'
     Ka-awekyinge.

Kibetyo buch betusiekyuk
Amaaya-e kiy;
Ago asigu ra, Jesu -
Ka-awekyinge

Ki'nyalila chalwogikyuk,
Ka-asigu ra.
Amang'u chamyeng'ung' nguno -
Ka-awekyinge.

Inyitwa muguleldanyu
Tamirmirieng'ung';
Si alosun eng' bandanyu -
Ka-awekyinge."
4150;Kaiwe ye mi Jesu si kounin?;;"Kaiwe'ye mi Jesu si kounin?
Kagoleelit muguleldang'ung'?
Kagounin korotikab Yetindet?
Tos, imang'u Inendet 'nguno?

CHORUS
     Korotik  .   . ab  Jesu
     Che isoobi muguleldang'ung`.
     Chamin mising` Jesu; machei kounin,
     Tos, imang`u Inendet  nguno?

Muruon mising' inne muguleldang'ung';
Tinyei simdo ne bo tengekto,
Mami kiy  age ne `muchi kounin,
Kobate  korotikab Jesu.

Ngoyan chi ng`alek Che bo Kiptaiyandet,
Ak konam eng' muguleldanyi,
Koundoi Jesu chalwogikyik  tugul,
Amu kimen kot korotikyik."
4153;Kamwachi Jesu kaimutikyuk;;"Kamwachi Jesu ka-iimutikyuk;
Mamuch' aib ngo matoreta.
Goigo-a Ine eng' nyalilwogik.
Chama Kiptaiyat ak koriba.

CHORUS
     Kamwachi Jesu! Kamwachi Jesu! 
     Mamuch' aib milet anege. 
     Kamwachi Jesu! Kamwachi Jesu! 
     Toretindennyu, Ne Inegei.

Kamwachi Jesu nyalilwogikyuk;
Choruet iman ne rirenagei.
1giila Jesu ye ami yomset;
Kona Inendet aterteris.

Amache mising' Yetindet Jesu
Ne chamei koib nyigisindo.
Jesu ne toreta eng' nyalilda,
Ak kogimita eng' bandanyu.

Kuura ng'onyuni ayai chalwokto;
Agase yomset atgai tugul.
Jesu long' et ne ateekto-ege,
Ak komuktawa aterteris."
4174;Karikyion, nguno, Jesu;;"Kiptaiyat, anyonjinin -
A kipchalwokyot ne o.
A kibananiat iman.
Taacha, anyun, Yetindet.

CHORUS
     Karikyin, nguno, Jesu -
     Aruet ne bo Jehovah.
     Anyali Kimurtoiyot;
     Sorua, nguno. Kiptaiyat.

Kigoboiywa chalwok keny;
Tom anyoru yetunet.
Rirjinin sobondanyu,
Istawa chalwok tugul.

Boiywa, Jesu, koboch ra,
Si masub magutikyuk.
Asubotin Inyege.
Jesu, Kando-indennyu.

Kagosorua Yetindet;
Menya Tamirmiriennyi.
Kagosob sobondanyu;
Alosu Yetindennyu.

(Korus ne isubi koitet 4)
Ka-ayan Kiptaiyandet
Aruet ne bo Jehovah.
Anyali Kimurtoiyot
Kagosorua Yetindet."
4213;Kezembera pana Jesu   (Leaning on Jesus);;"Kuyanana, norufaro
Tozembera mumaoko 
Kuropafadzwa norunyararo,
Tozembera mumawoko.

CHORUS
To…..ze…..mbe…..ra
Tochengetwa Munhamo
Toze….mbe….ra
Mumawoko aShe Jesu.

Zvinofadza sei kufamba 
Munzira tozembera
Mumaoko, chiyedza
Chinopenya munzira
Tozembera mumaoko.

Chinyi chinhu chandingatye
Tozembera mumawoko,
Ndine Rugare naishe pedyo
Tozembera mumawoko."
4220;Ki lusat ng'onyuni eng' mesundeito;;"Ki lusat ng'onyuni eng' mesundeito
Amu kiyai bik tengekto.
Ki'yokwech Jehovah Jesu koluuchech -
Lapkeiyetab ng'ony Ko Jesu.

CHORUS
Abaibai amu lapkeiyennyi
Ne kigokweny muguleldanyu.
Nyo si koluuchi sobondang'ung' -
Lapkeiyetab ng'ony Ko Jesu.

Machamei lapkeiyet che 'subi tengek
Amu mesundeitab chalwok;
Ago mi lapkeiyet che chamei Jesu -
Lapkeiyetab ng'ony ko Jesu.

Inye ne imite uruetab me-et,
Imang'u Kiptaiyat Jesu.
Igochi kokweng'un muguleldang'ung' -
Lapkeiyetab ng'ony Ko Jesu."
4225;Kibendoti twai;;"Kibendoti t'wai ak Kiptaitandennyu;
Kibendoti t'wai korotinwek tugul.
A nyigan eng' kimnatennyi tugul,
Ye asubi Jesu egosiek tugul.

CHORUS
     Kiptaiyat, Yetindet, Toretindennyu,
     Kibendoti t'wai korotinwek tugul.

Ngebendoti ak Yetindennyu Jesu,
Kogona Inendet kimnatet ne o.
Kona ng'omnatet koboto boiboiyet;
Ma-arogeni ye ami ak Jesu.

Ma koriachei o-ik bik che bo Jesu;
Ribei Jesu bik egosiek tugul;
Ma nyogoren bik che 'subi Kiptaiyat,
Amu mi Katerteret eng' Inendet."
4226;Kibiit eng' kemout ne churat;;"Kibiit eng' kemout  ne churat
Kalosunet ne Ki o kot.
Ki'los malaikaisiek Jehovah
Ye negite Bethlehem .
Ki'luuchi lilindab Jehovah
Koret ne kimi mestowek.
Kitwekyi malaikaiyat ichek
Koribei kechirekwak.

Ye kingogeer mestowek ine,
Kobotanso eng' ka'ywe-et.
Kimwachi anyun malaikaiyat,
Kolenji, ""Mat o'ywei kiy.
A-ibwok logolywek Che miachen
Che bo boiboiyet  ne o kot ,
Amu kagisikwok ra  Lakwet ,
Noto Yetindet  Jesu

Nguno, ko kagenai Yetindet
Ne kinyo asi koyetech.
Inendet  ne kimwa maotik
Eng' Sirutik  Che bo keny.
Nyoru chamnyet ak kalyet ne o
Bik tugul Che 'yani  Ine.
Kilosu anyun  Kiptaiyandet
Agoi keit kipsengwet,"
4227;Kiboiboi mising' eng Jesu;;"Kiboiboi mising` eng' Jesu
Eng' mugulelwekyok tugul,
Amu chamnyetab Jehovah,
Ak Tamirmiriet ne Tilil.

CHORUS
     Mi boiboiyet ne o mising',
     Amu chamnyetab Yetindet:
     Kinyaliljech eng` me-ennyi
     Konyoiywech kaat chalwoglkyok.
     Kigonech sobondo ne leel
     Koboto kalyet ne o kot

Kayagindet ne mie Jesu,
Mestowondetab akwennyi;
Imuchi koyagech komie,
Agoi komutech korennyi.

Jesu ko Toretindennyo,
Kosobindetab bik  tugul;
Kimechech eng` Kimurtoiyot
Koib tengekwogik tugul"
4229;Kiboiboitu mising' ko kaweek Kiptaiyat;;"Kinyo Jesu oldo kinye
Komong' eng' kipsengwet.
Kigonyo asi kosoruech
Eng' chalwogikyok.

CHORUS
     Kiboibo-itu wising'
     ko kaweek Kiptaiyiat ;
     AK  kilosu Inendet
     Eng' toogunennyi.

Ta konyonei Jesu kogeny
Komut bikyik tugul.
Ongechopge kigenisie
Kot koweek Ine.

Ye  tun ka-it Jesu  Kristo
Koruokyin  ng'onyuni,
SI kolaitoran Inendet
Koboto bikyik.

Ongechopge  ak keripse
Asi magiche-ech.
Ongetepte  tililindo
Kigeni Jesu."
4243;Kiiale korotiguk sobondanyu;;"Kii-ale korotiguk 
sobondanyu, Jesu;
Abaibai kot amu neng'ung' 
- ma ko nenyu agoi.
Neng'ung'et muguleldanyu, 
neng'ung' agot agai.
I Laitoriandennyu nguno: 
bo-u sobondanyu.

Kagoninge, Kiptaiyat; 
ibo-u bortanyu;
I-ngoek gong'ung' ne tilil, 
ne nyoljinin, Jesu.
Eunekyuk ak kelyekyuk, 
ak kutit agine -
Cheguk tugul; boisie nguno, 
koek che konyitin

Neng'ung'et gonnyu tugul, 
ak tugukyuk tugul.
Boisie ko u ye imache - 
kaberuret noto.
Bunun magornatosiekyuk; 
cheguk choto tugul.
Kona aek ne kiyani 
eng' che Agoito-i.

Cheguk tugukyuk tugul; 
a ribindet kityo.
Mami kiy ne ta abo-u, 
ago mararua kiy.
Jesu, itoreta koluu 
sobondo komugul
Koek baornatet ne kim 
eng' betusiek tugul."
4253;Kimache konyor bik tugul;;"Kimache konyor bik tugul
Sirutik Che bo Jehovah,
Si konai oretab sobon,
AK kotaach kaberurennyi.

CHORUS
Mi lapkeiyet eng' Sirutik;
Omwachinote bik tuml.
Kimache chi tugul eng' ng'ony_
Kogas agobo yetunet.

Ye mi Sirutikab  Jesu
Ko-onei chalwogik tugul,
Ko u ye onei  lapkeiyet
Mesundeito ye ma'koech.

Iborjin bik Sirutichu
Chamnyetab kwanda  Jehovah,
Ne nyochin kaat bik ya-itiet
Asi kogochi yetunet.

Mi kamuung'et Sirutichu
Eng' bik Che tinyei usisiet,
AK  k'agaiga-et agine
Eng' choto Che arogendos."
4259;Kimi chi keny eng' sirutik;;"Kimi chi keny eng' Sirutik -
Chi ne ki magorio,
Ago kibetyi kit ne o
Kosiir tugukab ng'ony.

CHORUS
     Iman, choruennyu! Mi ne siirei
     Tuguk che bo ng'ony -
     Magornatet ne o iman
     Ngesoruech eng' me-et.

Betut age ko kiga kas
Chichoto ne Ki nwach
Kole bunei Jesu yoto,
Kotinyei kiy ne o.

Kilany mogoiywet si kogeer
Kiptaiyat ne Kim kot
Ne 'gochin bik magornatet
Ne siirei ne bo ng'ony .

Ye kingobun Jesu yoto
Konyal chichoto nwach.
Kolenji Jesu inendet,
""Anyone ra gong'ung.""

Kisich anyun kaberuret
Ne o kosiir tugul,
Ye kingogas it Kiptaiyat
Eng' betunoto o."
4267;King'eet ra kiptaiyat Kristo;;"Kingeet Kiptaiyat Kristo
Haleluiya
Len bik ak Malaikaisiek
Haleluiya
Oboiboitu mising
Haleluiya
Otien kipsengwet ak ngwony
Haleluiya

Kinyalil Inendet  mising'
Haleluiya
Si kosorunenech me-et;
Haleluiya
Ama nam me-et Jesu;
Haleluiya
Kigonech  Jesu katiaget;
Haleluiya

Sobei ra Laiorandennyo!
Haleluiya
Ma komi kimnatet me-et.
Haleluiya
Me-enyin ne kisoruech
Haleluiya
Kiyatwech Ine kipsengwet;
Haleluiya

Tun kibendi Ole kiwa
Haleluiya
Kisubi Kando-indennyo;
Haleluiya
King'eetech Ko u Ine,
Haleluiya
Kitebye ak Ine koigeny!
Haleluiya"
4275;Kiptaiyat, amache itilila ra;;"Kiptaiyat, amache itilila ra;
I-Una amu kigisikta tengek.
I'stawa tugul  Che iweche, Inye;
Amache imeny eng' muguleldanyu.

CHORUS
     Anyonjinin; i-una nguno;
     Irirenage eng` chamnyeng'ung' ne o.

Amache ameto orennyu ne ya;
Nyiitat ya-itwogik  sobondo tugul.
Chobwa muguleldo ne tilil, Jesu,
Asi achamin eng' sobennyu tugul.

Amache Inyitwa  Tamirmiriengung'
Asi agimit eng' muguleldanyu.
Abunjinin,  Jesu,  Inyege kityo
Asubin, Inye,  betusiekyuk  tugul."
4277;Kirirge Jehovah;;"Kirirge Jehovah eng' Olin barak
Kingogeerei bik komitei eng' luset.
Ki`yokwech Yetindet komeny koboto bik
Si kobiit koboruech Oret ne bo sorunet.

CHORUS
Kichorgei Yetindet eng` gonnyi barak
Nyo kochobwech Oret ne bo yetunet.
Kigonyo eng` chamnyet kotumda korotik
Si kobiit komutech tugul kebe kipsengwet.

Jesu tiseiywondet ne kigoitogei
Si kobiit koalech eng `otwoknatet .
Kinyo si kotiachech eng` tengekwogikyok ,
Ak kotoretech tugul eng` ka-iimutikyok .

Jesu Ruandet ne mie ne kitonone;
Inendet, Inegei, ne  kitii-ege.
Kigong`em boisionikab masambwanindet.
Si kimuch achek kiterter yomsosiek tugul."
4278;Kisain nguno, Jesu;;"Kisain nguno Jesu
Iribech eng chamyengung
amu mi ngwony yomsosiek
Che nyalili bik tugul
Tebi kobotech nguno
Ak imutatech agoi
Konech kenai orengung'
ne Kiite Kipsengwet

Magitinye kimnatet
Yomech mising oindet
Namech Jesu Yetindet
Si matwaech bunyondet
kasech Jesu kotugul
Ye kisae eng kainenyi
Ribech betusiek tugul
kota kemi ng'onyuni

Kikomechech Yetindet
Koyaaktawech besendo
Nyoiwech kaat chalwogikyok
ak kogonech sobondo
Kigeni yetindenyon
Kot koweigei eng boldet
Yetun ng'eetyo che kibek
Kebe tugul kipsengwet"
4281;Kitieni tiendab boiboiyet;;"Kitieni tiendab boiboiyet 
Amu Yetindennyo. 
Kicham kochorgei eng' barak 
Kome amu achek.

CHORUS
Kiboiboi, kiboiboi 
Amu Yetindennyo. 
Kiboiboi, kiboiboi 
Eng' mugulelwekyok.

Kaguurok Yetindet nguno 
Obwa ogas ng'alek: 
Isoobi Jesu chi tugul 
Ne taachei ng'alekyik.

Osigu ra che ka-ogas 
Ng'alekab yetunet. 
Obwanji Jesu ngunoto 
Amu ma-onok chi

Ye mi Yetindet kobotech 
Ko magiywei nyalil, 
Amu igimitech Ine 
Eng' ka-iimutikyok.

Mi bik che chang' eng' ng'onyuni 
Che tom ko kas Ng'alek. 
Obwa,kemwaite Logoiywek 
Keot Yetindennyo."
4283;Kitumda Jesu Koritik;;"Kitumda Jesu korotik
Che yamech agoi ra.
Ngo unegei bikab chalwok
Kotililitu kot.
O chamnyetab Jesu mising'
Ak kimen korotik.
Kiyaaktawa besendanyu
Ye kingogoitogei.

Kibekyin chorin ak Jesu
Ago kinyor sobon
Nga'yan ane ko u ine
Kesorua agane
Mi yetunet ngiyan  Jesu
Ne kigogoi-togei
kinyoru buch eng' korotik
sobondo ne  nyiitat.

Mabetei kimnatet matiny
Ne me eng korotik.
I-losu anyun Kaniset
Agoi Koweek  Jesu.
Kigeere tun eng` kipsengwet
Aruetab Je-hovah
Asi ketien kilosu kot
Eng koigeny  ak koigeny ."
4310;ku cannani;;"ku cannani
ndisololela ndisololela
mwamwi ndisololela
(aleluya)aluse lusalala
(jesu mwami)nkasike ku cannani


nochiyuma buti
ndisololela ndisololela
mwamwi ndisololela
(aleluya)aluse lusalala
(jesu mwami)nkasike ku cannani

noku lampa buti
ndisololela ndisololela
mwamwi ndisololela
(aleluya)aluse lusalala
(jesu mwami)nkasike ku cannani"
4312;KU KHONGHELA KA NANDZIHA;;"Ku khonghela ka nandziha,
Ka ndzi nyika matimba;
Ndzi vulavula na Hosi,
Na yona ya hlamula.

E xihundleni x a mikhonghelo,
Ndzi vonana na Yesu,
Wa tshinelela, wa ndzi rhulisa,
Mbilu yi twa ku hisa.

E mikhongelwen‘ ndza dyondza
Ku tiva Yesu wa nga,
Ndza n‘wi khensa, ndza n‘wi
vonga,
Ndzi n‘wi tlangela yena.

E mikhongelwen‘ ndza tima
Torha ra mbilu ya nga,
Ndzi nwa mati ya vutomi
Xihlobyeni xa Yesu.

E mikhongelwen‘ ndza kuma
Matimba ya vunhenha,
Hiosi ya suas vutoya,
Ndzi va mboni ya yona.

E mikhongelwen‘ ndza hlula
Nyimpi ya yena nala,
Satana wa rhurhume la
Loko ku khongeriwa.

Ku khongela i fanelo,
A ndzi nga ha rhuteri,
Ndzi hanya hi mikhongelo,
I vutomi bya mina.

Wena Moya wo kwetsima,
Mukhongeleri wa nga,
Ndzi dyondzise ku khongela
Ni ku swi tolovela.
"
4349;KUSUHI NI XIKWEMBU;;"Yesu Muhuluxi wa nga,
Murhanjiwa wa mina,
Hinkwaku ku hanya kwa nga
Nji fambise na wene.

Kusuhi ni Xikwembu,
Kusuhi ni Xikwembu,
Nji ta famba hi masiku
Kusuhi ni Xikwembu.

A nji navele lifuyo,
Hambi ku titwalisa,
Nji fuyile ngopfu -ngopfu,
Loko nji na wene ntse.

Hambi ndlela yi karhata
Yi nga leha, yio biha,
Hambi yi ye le Golgotha,
Nji na wene Xikwembu.

Loko nji famba nkhinsini
Wa ku fa nji le nyangwen‘,
Nji kombela, Hosi Yesu,
Ku nhingena na wene.
"
4369;Kwandanyo, kimi kelyeguk;;"Kwandanyo, kimi kelyeguk
Ak bichu itunigei.
Kagebwa keyai kosulda
Katunisionito-nywa.
Iberur chichi ak kwondo
Che kabwa ra ta-ing'ung'.
Itunisechi Inyege
Eng' katuiyet ne tilil.

Kiroge katunisioni
Kaniset ak Kiptaiyat,
Ko u ye inetech Inye
Eng' Sirutiguk che miach
Nito ko kaborunennyo
Ne bo Jesu ak bikyik.
I-ngochamnyo ko u noto
Ichek Che itunigei

Kisomin, anyun, Jehovah,
Iberur ichek mising';
AK igochi kosich lagok
Si koyam boiboiyenywa.
Toret bichu t'wai koteech ge
Si kotesak chamnyenywa;
AK igochi kogiilgei kot
Agoi kogesgei sobet."
4428;LANDZA RITO RA HOSI YESU;;"Namuntha ndza n‘wi landza
Yesu
Hi ku khuvuriwa ematin;
Kutani Hosi yi tshembise
Ni ku ndzi khuvula eMoyen;

VUYELELO
Ndzi sungule exihambanwen‟
Ku landza Yesu Muponisi.
L‟a nga ndzi ntshunxa
Eswidyohwen;
Sweswi ndzi kongoma eTilwen;

Ndlela ya ku ya eTilweni
I ya ku fularhela swivi,
Ni ku landza Rito ra Hosi,
Hosi, byi nga byona vutomi.

Siku Yesu a nga lelana
Ni vadyondzisiw a va yena.
A va lelerisa ku yimela
Wona Moya lo‘wo kwetsima.

Tana na wena, tana sweswi,
Landza mitila ya Muferi.
Hundzuka sweswi u ta kuma
Vutomi le‘byi nga heriki.
"
4435;LANGUTA, U TA HANYA;;"Hlayo 21:9, ni Yoh.3:14

Ndzi ni mhaka yo tsakisa,
Aleluya!
Makwerhu wa nga yingisa;
I marito la‘manene ya Kriste,
Yi yena l‘a ku lavaka.

VUYELELO
Languta u ta hannya,
Amukela Muferi;
Exihambanweni Yesu a ku
fele,
Hi yona Hosi vutomi.

Ndzi ni Rito ra Rirhandzu,
Aleluya!
Xikwembu xa ha ku rhandza;
Yesu wa swi kota ku ku
ponisa,
Sweswi u n‘wi pfumelela.

U ta nyikiwa vutomi, Aleluya!
Byi nga le‘byi nga heriki;
O ta hlangula swidyoho swa
wena,
U n‘wi amukela, Muferi

Mina ndzi ba nkhulungwane,
Aleluya!
Ndzi langutile ka Yesu;
Ndzi ntshunxekile, ndzi ni
mikateko,
Ndzi ponisiwe hi Yesu."
4625;Lewen nguno;;"Ilen Tatun acheng'e Jesu
Betut age alewen.
Eng' besiono ayan ng'alekyik,
Agochige Yetindet.

CHORUS
     Lewen nguno, amu mi Jesu ;
     Kanyin Inendet nguno.
     Lewen nguno, kota koguurin;
     Abere memuchi tun!

Lewen nguno, bichii sobondo!
Choktoi betusiek inne ;
Neng'ung' rani, makina-e tun;
Lewen sobondo nguno!

Rani ko betutab sorunet -
Ileweni nee nguno?
Lewen sobondo anan me-et,
Lewen ra ne bo koigeny!"
4715;LOKO YI HOSI;;"Loko yi ta, loko yi ta;
Hosi ya matilo
Loko yi ta, loko yi ta,
Ku fuma a misava.

Hi ta hlengeletana
Ku n‘wi nkhensa hi vonga;
Hi ta huwa: ―Hosana ˮ
―N‘wan‘a Davida. ˮ

Hosi yi ta hlengeleta
Varhandziwa va yona;
La‘vo tenga va fuma
Tilweni na yona.

La‘va n‘wi langutelaka
Hi ku titengisa ,
Va ta tsaka ku twa huwa:
― Muteki wa vuya. ˮ
"
4892;M'BVEKE KORONA KRISTU MFUMUYO;;"Verse 1
M'bveke korona kristu mfumuyo,
Anthu onse amuyimbira;
Agwadile dzina lacelo ku nthawi zosatha.

Verse 2
Tidzam'bveka ndi korona,
Tidzam'bveka Mfumu ya m'fumu;
Tidzam'bveka k'rona, Kristu,
Alemekezeke.

Verse 3
Angelowo amlemekeze.
Ayimbire kumpando wace,
Onse afuule mokondwa
Mfumu ya mafumu!

Verse 4
Iye apambana macimo, 
Alamule mitima yathu,
M'dzina lace tidzapambana 
Ku nthawi zosatha."
4907;Machech Jesu Kristo kiluu;;"Machech Jesu kiluu eng' boiboiyet,
Ko u tait ne lalei kokweng'sei kemoi
Kanyoljech kiluu keon mesundeito,
Chi tugul eng' ye mi eng' oldanyi.

Machech Jesu kiluu ko u Ine
Na-ei ye kiluu eng' kakweng'et  ne mie
Keerech eng' kipsengwet, achek Che mengech,
Chi tugul eng' ye mi eng' oldanyi.

Machech Jesu kiluuchi bik  tugul,
Amu mi mesundei ne o ng'onyuni.
Kimache kiluu keonde chalwogik,
Chi tugul eng' ye mi eng' oldanyi."
4984;MAPAPENI YA TA HOSI;;"Mapapeni ya ta Hosi
Ni mavandla ya matilo;
Vakwetsimi ni tintsumi,
Va ambala le‘swo basa,
Va n;wi landza hi ku tsaka,
Aleluya, aleluya,
Mapapeni ya ta Hosi,
Aleluya. Ámen.

Va ta n‘wi vona,hinkwavo,
Loko a vuya ku fuma;
Na vo la‘va n‘wi tlhaveke.

Yo! Va ta tiba swifuva;
Va ta rila, va ta tchava,
Hi ku voa yena Kriste
Mapapen i ya ta Hosi
Aleluya. Ámen.

Ti ta susiwa tihosi,
Ni valala ni vadyohi;
Ku ta fuma Hosi Yesu,
Hinkwako hi ku lulama,
Le‘swo biha swi ta hela,
Aleluya, Aleluya,
Mapapeni ya ta Hosi
Aleluya. Ámen.

Ha kunene, ha khongela,
Tana Hosi, fuma wena;
Susa ku lwa misaveni;
Fuma wena hi ku rhula,
Hi ta tsaka, hi ta nkhensa,
Aleluya, Aleluya,
Mapapeni ya ta Hosi,
Aleluya, Ámen.

Kambe n;wina va misava,
Ma ha chava ku n‘wi vona,
Hundzukani mi phumela,
Mi ta pona, mi ta rhula,
Mi ta tsaka, mi ta vula,
Aleluya,  Aleluya,
Ya ta Hoisi ya matilo
Aleluya, Ámen.
"
5009;Mat iuetienan, Yetindenyun;;"Mat i-utiena, Yetindet;
Kaswa saennyu;
Ye irirege bik alak, 
Ibwata, Jesu.

CHORUS
     Yetindennyu,
     Kaswa saennyu;
     Ye irirege bik alak,
     Ibwata, Jesu.

Rirena, Kiptaiyandennyu -
A kiptengekyo.
Ye agutung'jin eng' saet,
'Stawa bistoet.

Ka-asomin ra itaacha
Eng' mie-indang'ung'.
Ka-agoninge isooba
Eng' korotiguk.

Jesu, I Kagaiga-indet;
Matinye age.
I Kamukta-indet, Inye
Mamitei age."
5023;Mazita Anodaidzwa - When The Trumpet;Ab;"Kuti Tenzi anoridza tsuri yekuguma'Iyo
Apo nguva yapasi yapera'wo:
Kuti vakanaka vese vanounganidzwa 'po
Mazita anodayidzwa, ndiripo.

Chorus
Mazita anodaidzwa
Mazita anodaidzwa
Mazita anodaidzwa
Anodaidzwa kudenga, ndiripo

Pamusi'wo vanomuka vakafa kuna Kristu
Vanoona mbiri huru yake'yo
Apo vasarudzwi vanosangana kumusha 'ko
Mazita anodayidzwa, ndiripo.

Ngatibate basa rake kuti rinozopera;
Ngati shumayire rudo rwaMwari
Ndizvo Jesu anouya kutora vanhu vake
Mazita anodayidzwa, ndiripo."
5110;MHALAMHALA YA XIKWEMBU;;"Mhalamhala ya Xikwembu
Yi ta twala le ntsungen‘,
E mixweni le‘yi nene ku ku
phaa!
Loko ndzi twa vito ra mina,
Ri kona ebukwin‘,
N‘ta ku: Himina ndzi n‘wi
langutela.

Yingisani Mhalamhala,
Mapapeni yi twakala
Yesu o ta vonakala
Ku kutsula vapfumeri
Nhlomulwen‘,

La‘va feleke ka Kriste
Va ta huma masirhen‘,
La‘va hanyaka va ta wutleriwa;
Yona Hosi hi xiviri
Yi ta xika he tilwen‘,
Hi ta hlangana na yona
Enpfukene‘,

A hi tirheleni Yesu,
Ha ha ri la misaveni‘
Hi ta rhurha hi ku hatla hi ya le.
Loko va ri hlaya vito
Ra mina hi le tilwen‘,
N‘ta ku: hi mina ndzi n‘wi
Langutela.
"
5115;Mi emet ne kararan mising';;"Mi emet ne kararan mising'
Ne kigeere amu kayanet.
Kiwa  Jesu kosib kochobwech
Koronoto barak kipsengwet.

CHORUS
     Tun kiboi . . . bo-itu,
     Ye kigeere Kiptaiyat kimni.
     Tun kiboi . . . bo-itu,
     Ye kigeere Yetindet Jesu.

Ongilosu mising' Kwandanyo,
Ne  kigonech Jesu Werinnyi,
Konunetab chamnyennyi ne o.
Mami chamnyet ne siirei noto.

Ongigiilge eng' Kiptaiyandet
Kot  koit nyonunetab Jesu,
Nyo komutech kebe oldanyi.
Ole kiboibo-itu agoi.

Tun kitieni ak tupchosiekyok
Ye Ki-itite Olin  barak.
Ma kegase nyalilda kogeny,
Ye Ki-it Ole mi kamuung'et."
5116;Mi kalyet;;"Agot ye ating'e kalyet muguleldo,
Anan ngo mi arogenet,
Ma kiy ole katepto oretab ng'ony,
Mitei kalyet muguleldanyu

CHORUS
     Mi kalyet..., mi kalyet...,
     Mitei kalyet muguleldanyu.

Agot ngonyalila kot
masambwanindet,
Atebye, ane, eng' kalyet.
Kitumda Jesu korotik eng' chamyet
Kingogeera ami tengekto.

Ki'yumji Jehovah chalwogik Werinnyi
Koyaaktawech besendanyo.
Abaibai nguno amu kigo-isto
Nyigisindo ne kita nenyu.

Jesu i-ngochok betunoto inyone
Ye iweekse-i eng' bolik;
Betut ne kigase igondit kocheei
Koegu kayanet soitaet."
5117;Mi kotugul nyoetab kaat;;"Mi kotugul nyoetab kaat
Amu kime Jesu.
Kitumdagei korotikyik
Eng' Kimurtoiyondet.

CHORUS
Mi kotugul nyoetab kaat
Amu kicham Jesu kome.
Alosu kot ak abaibai
Amu ki'stawa tengekto.

Kiabagach chalwogikyuk
Ak awe lapkeiyet.
Ki'tilila Yetindennyu
Ak kogona kalyet.

Kigi-itya imandanyi
Amu korotikyik.
Kwong'et ne o mieindanyi
Ne kona yetunet ."
5118;Mi kurgat tondet Jesu;;"Mi kurgat Toondet Jesu.
O . . . yatyi.
Kigonyo konyil Che chang'.
O . . yatyi.
Mogage otaach Ine;
Oyatyi Kiptaiyandet ,
Werit ne bo Jehovah.
0 . . .yatyi.

Ogas kutinnyi nguno.
O . . yatyi.
Olewen Jesu Kristo.
0 . . . yatyi.
Konok  boiboiyet ne o
AK koribok kotugul
Si olosu  kainennyi.
O . . yatyi.

Kagogongony Toondennyo
O . . yatyi.
Ibu berurto ne o.
O . . . yatyi.
Nyoiywok  kaat chalwogikwok
Ngot osigu eng' iman,
Si komutak kipsengwet.
O . .yatyi."
5119;Mi muguleldanyu boiboiyet;;"Mi muguleldanyu boiboiyet
Ne kibunu kipsengwet.
Atinye tiendo ne anyiny mising'
Ne kigona Yetindet.

CHORUS
     Mitei rani muguleldanyu
     Chamnyet  ne bo Jesu
     Ne kona boiboiyet.
     Mitei rani muguleldanyu
     Chamnyet ne kona agasge.

Achame Kristo ne kimecha
Si koun chalwogikyuk.
Agasige eng' tiendab yetunet,
Ak alosu Inendet.

Kitieni tugul eng kipsengwet
Tun kemi ak malaika,
Kitieni tiendo ne rurei inne
Agobo Kiptaiyandet."
5120;Mi tainyon luget;;"Mi  ta-innyo luget ak ko bichii Oret,
AK komitei  tiemutik Che chang';
Ago Jesu Kristo kimnatennyo ne o
Ne kitii-ege kotugul.
Kigakto-i Jesu ne kamang'unennyo
Ne Inendet Choruennyo iman.
Lapkeiyet ne bo ng'ony Ng'olyondennyi ne Kim
Ne ikweng`wech eng' orennyo.

Kigonyo Jesu ng`ony eng` chamnyennyi ne o
Nyo konyaliljech `agoi  kome.
Ago chobwech nguno oldo eng` kipsengwet
Ole mitei  ak  Kwandanyi.
Ongetien eng oret ne iitech  kipsengwet;
Magibestosi eng` bandanyo ,
Amu Jesu  Kristo  Lapkeiyenyo ne o
Ne ikweng'wech eng' orennyo.

Ongigilge anyun keboisiechi komie
Ak kibarte chamnyenyi ne o.
Ta kochang bik inne che mitei mesundei
Che igeni kogas Ng'alek.
Ongibarte Jesu betusiekyok tugul
Amun yaachech bichoto iman
Si koek Kiptaiyat Lapkeiyenywa ne o
Ne igweng'jin sobonwekwak."
5151;Mitei emet barak;;"Mitei emet barak ne tilil kot
Ole mi boiboiyet ne bo iman.
Tiendos che kigesor ak kolosu Laitoriat ­
Nenyi torornatet ak teegisto.

Ongebe emonin, kayanichu,
Ak kimutu alak, kebe tugul.
Ongisub Yetindet ne imutech kipsengwet
Si tun kemeny tugul ak Kwandanyo

Jesu ko Lapkeiyet eng' kipsengwet.
Mamitei mesundei eng' oloto.
Mi boiboiyet kityo amu mamitei me-et;
Ama mi chalwokto emonoto.

Tun kemitei tugul taitab Aruet;
Kilaachi ngoro-ik che leelachen.
Kilosu Jehovah ak kegeere togennyi ­
Nenyi torornatet ak teegisto"
5153;Mitei muguleldanyu tiendo;;"Mitei muguleldanyu tiendo
Ne bo Jesu ne ng'alalwa,
Kole mi Kobota kotugul
Kot kogesgei sobennyu.

CHORUS
     Jesu! Jesu! Jesu!
     Kainet ne siirei
     Atieni awendi;
     Asobe sobondanyi.

Asobe nguno mie-indanyi;
Atononi eng` ripsennyi.
Ageere togennyi Kotugul;
Iboibo-a Kot noto!

Nganda ityina nyalilwogik,
AK kobwanjina yomsosiek;
Nganda mi ka-iimutik Oret,
Asubi tiegutikyik

Negit komuta kebe barak
Ole bendi bikyiK tugul;
Si awo ole kigochobwa,
Ketebi ak Inendet."
5185;MOPONISI YESU;;"L‘a nga ta kwala i man‘?
Muponisi Yesu;
O tile ku hi fela,
Muponisi Yesu.

VUYELELO
Tanan‟ vamakwerhu,
A hi nkhinsameni,
Hi dzuna vito ra kwe,
Muponisi Yesu .

O rhandzile mani ke
Muponisi Yesu;
O rhandzile hinkwavo,
Muponisi Yesu.

O ta hi rivalela,
Muponisi Yesu?
A va a hi ponisa,
Muponisi Yesu.

Hi fanele ku tiva,
Kwala misaveni.
Leswaku hi kumile,
Vutomi tilweni.

Loko hi fa,
Hi ta ya eka yena Yesu.  Hi ta tshama na yena,
Masiku hinkwawo.
"
5319;Mwawa ng'alek chebo Jesu;;"Mwawa ng`alek Che bo Jesu,
Sir eng' muguleld'anyu.
Mwawa agobo Inendet -
Ng'alek Che miachen kosiir.
Mwa ne kitien malaikaisiek
Ye kingesichei Jesu.
Kile, Ogonyit Jehovah
Amu toror Inendet.

CHORUS
     Mwawa ng'alek Che bo Jesu,
     Sir eng' muguleldanyu.
     Mwawa agobo Inendet
     Ng'alek Che miachen kosiir.

Ki'mut Tamirmiriet  Jesu
Kwo ong'atet Inegei.
Konyo o-indet  koyomso,
Ama iterter Jesu.
Mwawa kwong'utik Che kiyai
Ye kingomi ng`onyuni.
Mwa agobo amda-ennyi
Ak logoiywekyik Che miach.

Mwawa nyalilda ne kinyor
Ye kingous bik  Jesu.
Mwawa agobo meennyi
Ye kingogas ng'wanindo.
Kiginde Jesu kererit
Ago ki'ng'eet Kwandanyi;
Ko tun kwo barak kipsengwet
AK ta konyonei kogeny."
5523;Nam Kainetab Jesu Kristo;;"Nam  Kainetab  Jesu  Kristo,
Inye, lakwetab nyalil.
Si ibaiba-itu mising`
Ye Ibwati Kainennyl.

CHORUS
Toror  kot  Kainennyi;
Konech boiboiyet  ne o.
Toror  kot  Kainennyi.
Ongegonyit  Inendet.

Nam  Kainetab  Jesu  Kristo
Si koek long`et  ne Kim.
Ye inyoru  ka-iimutik
Kuur Kainennyi eng` saet.

Nam Kainetab Jesu  Kristo
Kobaibai sobondang`ung`
Mwechi Jesu irimennyo,
Si igakte Inendet.

Kilosu  Kainetab  Jesu;
Ongibutyi kelyekyik.
Egu tun Laitoriandennyo
Tun kogesgei  bandanyo."
5557;Nda chechuk tugul;;"Nda chechuk tugul ama mi Jesu
Ko ma'muchi cho kotoreta
Nee ne 'boibo-iti muguleldo
Eng' tuguk che ta kobegu tun?
Nda chechuk tugul ama mi Jesu
Ko matilei kiy magornatet.
Magiroge kiy sobondab koigeny,
Agot chang'indab tugukab ng'ony

Ngot kochama bik che bo ng'onyuni
Ak ko len ichek a chi ne o,
Egu buch anyun chomyoni tugul
Ngo matun aite kipsengwet.
Nda chechuk tugul ama mi Jesu
Ne kicham komechi bik tugul,
Asige ano yetindet age
Ne imuchi kosorua iman?

U melewet tugukab ng'onyuni
Ngo matinyei chi Kiptaiyandet.
Ma bobibo-en bik tugul che begu
Ngo matinyei Jesu Yetindet.
Nda achamegei ama bo Jesu
Egu nee anyun ye ka-amei?
Kagobunja anyun oldab oik,
Ole ma anyoru yetunet!

Baibai chi ne magorio eng' Jesu
Tinyei kerichekab mugulel.
Nyochin kaat Jesu chito chalwogik
Nganda muruinen choto kosiir.
Nda atinye Jesu kityo,
Amatinye kiy age eng' ng'ony,
Ko a magorio eng' ine mising';
Kagoyama Jesu inegei."
5598;NDIKAYENDA M'NJIRA;;"Verse 1
Ndikayenda m'njira yansautso,
Ndikagwira nchito yolimba,
Ndidzam'ona Mfumu yokongola
N'kayenda mtunda wotsiriza.

Chorus
N'kayenda mtunda wotsiriza,
Ndidzapuma tsiku likatha,
Ndidziwa chimwemwe ndi chipeza,
N'kayenda mtunda wotsiriza.

Verse 2
Ngati ndifalitsa uthengawu,
Ndifuna nkhosa zotayika,
Adzandifupira mphotho yanga,
N'kayenda mtunda watsiriza.

Verse 3
Pansi pano pali kulekana,
Ndi misozi imaoneka
Koma sikudzakhala zisoni,
N'kayenda mtunda wotsiriza."
5666;NDLELA YA XIHAMBANO;;"Ysu a nga si vambiwa,
A nghena Getsemane,
A va siya van‘wanyana
A teka la‘vanharhu.
‗Mahlomulweni ya yena
Yesu a va sukela.
A le mahlweninyana
Ku ya le xihambanwen‘.

A hi yen‘ mahlweninyana
‗Mitileni ya Hosi
A tirheni swinen
Loko hi yi tirhela.

Vonani! Wa ha khongela,
Rifu ri le ku susuhi;
―Xinwelo a xi ndzi hundze, ˮ
A badhla yona ngati;
―Tanan, ku rhandza ka ku
Sweswi a ku endliwe. ˮ
O yile mahlweninyana
Ku ya le xihambanwen‘.
Vanhu va n‘wi ruketela
Lok‘a  avanyisiwa,
―Hi nyike yena Barabas,
Kriste a a vambiwe, ˮ
―O, Barabas, O, Barabas,
Yesu o ku ferile
Lok‘a ye mahlweninyana
Ku fa le xihambanwen‘. ˮ

Va n‘wi rhwexe xihambano,
Xi n‘wi heta matimba;
Sweswi wa fika Golgotha
Vanhu va n‘wi xanisa.
A tsikiwa hi maxaka,
A twa gome ra ku fa.
O yile mahlweninyana
Ku fa le xihambanwen‘.
"
5687;NDZI   FUMI, HOSI;;"Tatana a ndzi hambuka,
Ni le kaya a ndzi suka,
Ndzi dyondzise ku hundzuka;
Ndzi fumi Hosi.
Hambi ndzi le hlomulweni,
N‘to miyela ndzi to yini?
N‘to khongela miringweni;
Ndzi fume Hosi

Hambi u ri ndzi swi tsika
Swilo leswi ndzi rhandzaKa,
N‘ta hlamula hi tsaka;
Ndzi fume Hosi

Wena l‘a  nga ndzi hanyisa;
Hi Moya ndzi katekisa,
Hi tintswalo ndzi tiyise;
Ndzi fume Hosi

Mbilu ya nga kendlukela,
Susa swa ku ku alela,
Hambi swi ndzi nonon‘hwela;
Ndzi fume Hosi.
"
5688;NDZI NA NDLALA, NDZI NA TORHA;;"Ndzi yingise Hosi ya nga
Ndzi ku tshinelela wena,
Mbilu ya nga ya ku lava,
Ndzi phamele, ndzi na
ndlala.

Ndzi nwise mati, ndzi nyike
vuswa
Bya vutomi bya le henhla.
Ndzi na ndlaça ndzi na torha,
Yesu, Hosi ndzi phamele.

U ndzi kamba tiva mbilu,
Ndzi hlavutele swa le ndzen‘,
Ndzi basise, ndzi dyondzise,
Ndza ku lava wena ntsena.

Moya wa nga, wu ni torha,
Hi me mupfumari, Hosi,
U nga fihli mombo wa ku,
Tikombise eka mina.

Ku kotisa yona mhala,
Le‘yi ril elaka mati;
Sweswo ndzi ku naverisa!
Ndzi ni torha ra Xikwembu.

Hanyanyisa mahlo ya nga,
Rito ra ku ra nandziha ,
Ndzi dyondzise ku twisa,
Hlavutela ni swihundla.
"
5689;NDZI NGHENILE NDYONDZWENI YA YESU;;"Ndzi nghenile ndyondweni ya
Yesu
Ndzi amukerile Muferi;
Swidyoho swa mina swi herile,
Ndzi le ndleleni ya vutomi.

Joko ra Yesu ra olova
Ndzhwalo wa yena wu vevuka,
Tidyondzo ta yena ta tsakisa
Endleleni le′yi yaka kaya.

Sweswi ndza rhwala j oko ra
Yesu,
Ndzi  havi ya yena Kunene
Ndzi rhandza ku pfuniwa hi
Hosi.

Ndzi tsakile ku n′wi tirhela.

Ndzhwalo wa nala a wu karhata,
Joko ra Yesu ra olova;
Milawu ya Yesu a yi tiki,
Wa ndzi ha matimba ku hlula.

Ndzi kumile ku wisa ka Yesu,
Wa ndza ha ku tsaka masiku;
Yesu o ni mbilu ya tintswalo,
Wa hlayisa vanhu va yena.
"
5690;NDZI TA KA WENA, HOSI;;"Ndzi  twa  rito  ra  ku
Ri  vitana  mina,  Wa  swi  lava  ku  ndzi
hlantswa,
Hi  ngati  ya  wena.
Ndza  ta  ke,  Hosi,
Ndzi  ta  ka  wena,
Ndzi  basise  hi  ngati
Ya  ku Xinyimpfana.

Ndzi  swi  ringetile,
Ku  susa  swidyoho,
Ni  ku  ti nhlantswa  swinene,
Kambe  ndzi  tsandzeka.
Ndzi  swi  ringetile
K‘endla  swo  saseka,
Kambe  a  swi  pfuni  nchumu,
Ndzi  nga  ri  na  wena.

A  ndza  ri  ngeti,
Swi  ndzi  tsandzile  ke,
Ndzi  tisola,  ndzi  pfumela
E ka  wena, Yesu.

Wena  u  ndzi  fele,
Murhin‘  wa  Golgotha,
Ngati  ya  ku, yona  ntsena
Ya  susa  swidloyo.

Ndza   ta,  ndzi  ni  chaka,
Ndzi  bihile ngopfu.
Ndzi  nyike  mbilu  le‘yintshwa
Ndzi  ta  ku  hanyela.
"
5692;NDZI TINYIKETA;;"Eka Yesu ndzi nyiketa,
Swilo hinkwaswo swa nga.
Ndza n‘wi rhandza, ndzi n‘wi
landza;
Hi masiku hinkwawo.

VUYELELO
Ndzi tinyiketa,
Ndzi tinyiketa,
Hosi Yesu, Murhandziwa,
Ndzi tinyiketa.

Eka Yesu ndzi nyiketa,
Mavoko ni milenge,
Leswaku   ndzi n‘wi tirhela
Muponisi wa mina.

Eka Yesu ndzi nyiketa,
Ni ririm i ra mina,
Leswaku ndzi vulavula
Vumboni bya Muferi.

Eka Yesu ndzi nyiketa
Ni masiku ya mina,
Ku tifuma a ndzi rhandzi,
Yesu i n‘wini wa nga.

Eka Yesu ndzi nyiketa,
Ni matimba ya mina,
Xuma ni rifuwo ra nga,
Hinkwaswo i swa yen a.

Eka Yesu ndzi nyiketa
Ni mbilu ni rirhandzu,
Moya ni mmiri wa mina,
Xi nga xiviri xa nga.

Eka wena, Hosi Yesu,
Ndzi tinyiketa sweswi,
Amukela mhamba ya nga.
Ndzi ve wa ku makumu.
"
5693;NDZILO WA HOSI;;"Vanhu la‘va orhaka ndzilo,
Va twa ku kufumela,
Na vona ngi va hi byela
Leswaku wa  nandziha;
Kambe ndzilo wu ta hisa
Le‘swi khumbaka wona.

Swi tano hina vamakwerhu
Lava hi nga vakriste;
Ku ni ndzilo wa Yehova
Lo‘wu pfurhaka sweswi.
Tshinelela, tshinelela,
Wu ta hisa swa nyama.

Loko hi ma lava matimba
Ya ku tirhela Hosi,
A hi kombeleni ndzilo
Hi hisekela Hosi;
Wu ta pfurha, wu ta pfurha,
Wu hi pfurhisa hina.

A hi tshineleleni sweswi,
Hosi hi pfurhisa,
Hi tala ndzilo wa Moya
Moya wa Pentekosta,
Rhuma ndzilo, rhuma ndzilo,
Wena Hosi ya hina.
"
5725;Nenyunet Jesu;;"Nenyunet Jesu, nenyu iman; 
Kiala Ine eng' korotikyik.
Kisicha eng' Tamirmiriennyi, 
Ak koganaba eng' eunnyi.

CHORUS
     Atieni tiendo ne bo iman, 
     Ne atorore Yetindennyu.
     Atieni tiendo ne bo iman.
     Ne atienoti alosune.

Agase it, ak abaibai kot
Eng' rirenennyi ak mie-indanyi.
Acheng'e tuguk che mi barak
Che ineta Bukuit ne Tilil.

Atinye kamuung'et eng' Jesu, 
Kona Inendet kaberurennyi, 
Chamei koteswa mie-indanyi, 
Kota ageni nyonunennyi."
5763;NGATI YA YESU NTSENA;;"Ndzi nga hlants‘wa hi yini?
Hi ngati ya Yesu ntsena.
Ndzi nga pona hi yini?   Hi ngati
ya Yesu ntsena.

I xuma e ka mina,
Yona ya ndzi basisa,
I xona xihlovo xa nga,
I ngati ya Yesu ntsena

Ndzi suseriwe swivi
Hi ngati ya Yesu ntsena.
Ndzi rivaleriwe
Hi ngati ya Yesu ntsena.

Hi yona mhamba ya nga,
I ngati ya Yesu ntsena.
A hi swiendlo swa nga
I ngati ya Yesu ntsena.

Sweswi ndzi ni ku hlula
I ngati ya Yesu ntsena.
Ndzi ta fika nie tilweni
I ngati ya Yesu ntsena.

Ndzi tsakile, ndzo tshemba
Engatin‘ ya Yesu tsena.
Ku lulama ka mina
I gati ya Yesu ntsena.

Ndzi gandzela Xikwembu
Hi ngati ya Yesu ntsena.
Ndzi khongela ka xona
Hi ngati ya Yesu ntsena.

I risuna ‗ka mina,
Nkateko lo‘wukulu,
I rifuwo ‗ka mina,     I ngati ya Yesu ntsena.
"
5774;NGHALA YA YUDA;;":I: Yona nghala ya Yuda
Yi hlurile Satana,
Loko ndzi ri na yona
N‘ta hluriwa hi mani?  :I:
"
5867;NJI MUYENJI.;;"Hi mi muyenji la misaveni,
Nji jula tilo akaya ja nga,
Nambi minjingo mi le ndleleni,
N‘ta va nji wisa ku Yesu wa nga,
Nji tshinjekela ku Hosi ya nga,
Yi  langusela ku famba kwa nga,
Yi ta nji pfuna ni le ku feni,
Yi ta nji yisa akaya ja nga.

Nambi nji yambala ni
psitxhangati,
Wu ku nun‘hwela nji ta yambala,
Siku nji hetaka mpfuka wa nga.
Nambi nji yingela mikarato,
Nji sanjiwa nji hlekiw‘ hi vanhu,
Ku ta lulama hinkwapsu -
kwapsu,
Loko nji tlhasa akaya ja nga.

Nambi nji rhwala ni xihambano,
Xi binja xone, nji vavisiwa,
Nji ta nyikiwa ngiyana kone.
Le‘ya vutomi, hi ni lisima,
Nji ta mu vona lwa nji rhanjaka,
Nji tjhama na Muhuluxi wa nga,
Nji yimbelela tinsimu kone,
Nji mu dzumisa Mufeli wa nga.
"
6002;Nyo inye Kaberurindet;;"Nyo, lnye, Kaberurindet
Atieni mie-mdang'ung'.
Alosun amu chamnyeng'ung'
Ne irirege biguk.
     'Neta tiendab boibo-indang'ung'
     Ne tieni che mi barak.
     Alosun, Jesu. Ruandennyu;
     I chamnyetab Jehovah.

Ki-iyeta eng' chamnyeng'ung'
Ribota kimnateng'ung'
Angen ale imutata
Agoi ait oldang'ung'.
     Kiabetoti eng' orennyu,
     Ko a lusat eng' chalwok.
     Ki-isorua eng' me-eng'ung':
     Asubun inye. nguno.

O mie-indo ne kiyeta
Ak koriba kochulyo.
Kagonin muguleldanyu
Inet koyai mageng'ung'.
     I-ngonama eung'ung' ne kim
     Ak kondoiywa eng' oret
     Kot ait barak kipsengwet
     Ak kegeerge ak inye."
6101;O NDZI FELE XIHAMBANWENI;;"I  Kor. :;   I  Kor. :3.
Muponisi l‘a hlamarisaka,
O Ndzi fele xihambanweni,
O halatile ngati ya kwe
Ku ndzi kutsula vudyihwen.

VUYELELO
O ndzi fele xihambanwen
O ndzi fele xihambanwen
Matshen‟weni ya nga, Yesu
O fele
O ndzi fele xihambanwen‟.

O siyile kaya ni vuhosi
Hi ku rhandza ka Tatana,
O tswariwile la misaveni,
Hi xivumbeko xa vanhu

O tlhaviwile hikokwalaho
Ka swidyoho swa
hinkwenhru;
I Muhanyisi wa mavabye,
Hi tsunguriwa hi yena

O nyikete vutomi bya yena,
Ku hi kutsula Swivini;
O yile ku hi unghisele
Tindlu to saseka tilwen‘."
6172;Obwa, bik che o lusyotin;;"Obwa, bik . . .che O lusyotin,
Si onyor . . . u sorunet;
Kia chi . . . ne ya agane
Kingosor . . . Yetindet

CHORUS
Angen ale. . . yeta Jesu
Ak komuchi koun muguleldang'ung' .
Angen ale. . . yeta Jesu
Ak komuchi koun muguleldang'ung'.

Konech je . . . su kimnatennyi;
Chobweeh O . . . ret eng' yomset.
I terter . . . wech bunyondennyo;
Igoigo . . . ech eng' nyaliI.

I-ndoi'ywech . . . eng' mesundeito
Ak kogon . . . eeh lapkeiyet.
Imuteeh . . . kebun orennyi
Si kenyor . . . u kamuung'et.

Koboch ra . . . ni agoi koikeny
Koribo. . . tech Mestowot;
Nganda iim . . . ech kot bunyondet
Komukta . . . wech Kiptaiyat."
6180;Ogas, okwek tugul ng'alechu;;"Ogas, okwek tugul, ng'alechu
Amu kwong'utiet ne o
Kichorgei Jesu eng' kipsengwet
Kingota Ki lusyotin

CHORUS
     Kisoruech Ng'o eng' lusennyo?
     (Kisoruech Jesu Inegei)
     Kiyaiywech nee?  (Ki'goitoge )
     Mitei ano?   (Mi kipsengwet )
     Nai ile saiywech Inendet.

Kima bit tiseiywondet age
Ne ki'muchi komechech,
Ago kigon Jehovah Jesu
Koek Tiseiywondennyo.

Rirji Yetindet Jesu nguno
Si kosorun eng' me-et.
'Gochi Inendet muguleldo
Si inyoru katiaget."
6319;Omutu, omutu;;"Kas kuurset ne bo Mestowot,
Kuurei arek che kibetyo,
Che loo en eng' ye mi akwet.
Kuursei Ine eng' ong'atet-

CHORUS
     Omutu, omutu,
     Omutu komong' eng' chalwogik.
     Omutu, omutu,
     Omutu kobwanji Jesu.

Toreti ng'o Mestowondet
Kocheng' arek Che betyotin,
Si komut kobwa akwennyi
Ole ribotin eng' ng'oet?

Kigase rirek che bo bik
Eng' tulonok che mi ng'oet;
Kas, kong'alalun Kiptaiyat,
Kole icheng' kechirekyik."
6376;Ongebe askarik;;"Ongebe askarik Che Kibo Kristo;
Mi ta-innyo Jesu; ongisubote.
Kagondo Kiptaiyat ole mi luget;
Obwa kebe tai amu Ine Kando-indet.

CHORUS
     Ongebe askarik che Kibo luget;
     Kisuboti Jesu, Kando-indennyo.

Lugoni Kitinye ko bo oindet;
Mwee ine ye kasei Kainetab Jesu.
Botani bunyondet ye gas Che-et
Ne bo boiboiyetab tiedndab katerterisiet.

Kanisetab Jesu -  kiroge  luget.
Ongisub Kiptaiyat ne Kando-indet.
Ki borto agenge; magibestosi.
Kiborie lugoni o eng' kagiiletab ge.

Ongebe tai tugul che kimi oret,
Kisubi Inendet ne Kando-indet.
Bo Laitoriat kondit ak telunatet;
Nyoljin Kiptaiyandennyo kalosunet ne o."
6377;Ongeib ng'alekab sorunet;;"Mi kuurset ne bunu komoswek Che chang`
O-ibwech lapkeiyet!
Saisaisie bik Che mi mesundeito
O-ibwech lapkeiyet!

CHORUS
     Ongeib ng'alekab sorunet
     Si koluu eng' ui tugul.
     Ingoit emotinwek tugul
     Lapkeiyet ab kipsengwet.

Ongesa Jesu  koyapta ng'alekyik,
Si koyan ng'ony  tugul;
Ongi`gochi Ine konuno-ikyok
Si kotes boisienyi

Mongeng'etye eng' boisioni bo chamnyet;
Ongeib lapkeiyet!
Ongimutyi bik Yetindennyo Jesu,
Si konyor lapkeiyet!"
6378;Ongemwachi emet tugul;;"Ongemwachin emet tugul
Logoiywechu miachen kot
kou ye tiendos malaika 
Kagesikwok Yetindet''

CHORUS
Ongebwanji Jesu kristo 
Ak kilosu Inendet.

Okwek che oyagisie
Oribe kechirekwok
Kagonyo Jesu Yetindet
Konyo komeny kobotech.

Obagach okwek ng'omotik
Kabwatutik chebo ng'ony
Si kocheng' Ine ne 'muchi
Kong'omitok ne siirei.

Okwek che omi tengekto
Kiteywok, osigu ra.
Kigonyo kiptaiyat Jesu 
Si kogonech yetunet.

Okwek Lagokab Jehovah
Che ogeni kiptaiyat
Ma kochorgei Yetindennyo,
Eng' nyonunetab oeng'."
6382;Ongigilge kebe gonnyo;;"Ongigiilge kebe gonnyo
Ne mi kipsengwet.
Mat ongenyalulse eng' yu;
Ongigiilge kot.

CHORUS
     Ong`eetye! Amat ongiywei
     Ongebe gonnyo!
     Kristo ko Kando-indennyo
     Ongigiilge kot!

Kigoib Jesu Inegei
Tengekwogikyok.
Inendet ko Yetindennyo
Ne tun torochech.

Mitei mestonok eng'  Oret -
Richei bik alak.
Mitei yomset ak  nyalilda
Eng' oranato.

Tinyei, iman, bichi-indo
Oretab sobon;
Ago ribech Kando-indet
Si ma'nachech kiy."
6383;Ongtien eng' bandanyo;;"Ongetien eng' bandanyo,
Achek che ki'yanotin.
Ongilosu Yetindet;
Ine ne o eng' tugul.

Kimi rutoito achek,
Kibendi ga kipsengwet;
Kigoit Emonoto
Bik che kigondo koba.

Ongetien achek tugul,
Nganda mi ka-iimutik.
Tuguk che uuen nguno
Onai ole matebyei.

Mat o'ywei, tupchosiechu,
Ongegimegitu kot.
Mitei Jesu ne ribech,
Si ma'beetech bunyondet.

Kagelakte che bo ng'ony,
Kagegasin it, Inye;
Kisubotin, Kiptaiyat,
Ne I Kando-indennyo."
6583;PFUKANI N‟WINA VAPFUMERI;;"Pfukani ke swswi niwina
vapfumeri
La‘va nga tinhelengeletano ta
Hosi,
Moya ‗wo kwetsima wu tile ka
hina,
Ku hi katekisa.
Kunen‘ wu misaven‘, wu hume
etilwen‘,
Ku ta hi kombisa swivi swa hina
Wa hi basisisa ni ku hi
dyondzisa
Marito ya Yesu.

Vanhu, yingisani, O vitana
n‘wina,
Leswaku mi suka mi n‘wi
nkhinsamela,
Mi kombela Yesu ku rhumela
wona,
Wu ta mi tiyisa.

A he! Wu tile la xikarhi ka hina,
Ku hi hlulela nala yena satana,
A hi pfaluleni timbilu ta hina,
Wu ta nghena sweswi.

Tanan‘ vamakwerhu, hi kombela
Hosi
Ku hi rivalela milandzu ya hina,
Ni ku hi tatisa hi Moya wa yona,
Hi tirhela Yesu.
"
6899;Riba eutab Jesu;;"Riba eutab Jesu
Eng' bandanyu tugul.
Agasege chamnyennyi -
Noto ne ribota.
'Ng'omitech Tamirmiriet
Kiguiye logoiywekyik
Asi konetech oret
Ne iitech kipsengwet.

CHORUS
     Riba eutab Jesu
     Eng' bandanyu tugul.
     Agasege chamyennyi
     Noto ne ribota.

Riba eutab Jesu;
Mami kiy ne ng'ema;
Agot eng' yomset tugul
Ko magitertera.
Ye tun kimi ak  Jesu
Ko mami ka-iimutik.
Mamitei nyalilwogik,
Ama mi beekab kong"".

Jesu Kosobindennyu
Ne kona kamuung'et.
Ruandet ne atonone;
Amang'u Inendet.
Ageni Kiptaiyandet
Ne nyonei komutech ga,
AK amwaitooti  Jesu
Kot koit Inendet."
7253;Siyakutanda Moya Oyingcwele;;"Ngiya kuthanda
Moya oyingcwele
Moya oyingcwele (x2)

Siyakuthanda
Moya oyingcwele
Moya oyingcwele (x2)"
7436;Stoena tuguk chebo ngwony;;"'Stoena tuguk che bo ng'ony
Amu buch Tuguchuto
Koboch ra amache Jesu
Ne mawalaksei agoi

CHORUS
     O kot rirenetab Jesu
     Ama ng'etei chamnyennyi
     Kigo-alech ak kochobwech
     Gorikyok eng' Kipsengwet

Stoena tuguk che bong'ony
Jesu ne igoigoa-a
Atienoti eng' banito
Nganda mitei nyalilda

Stoena tuguk che bong'ony
Si arikyin, Kiptayat
I-ngondoiywa lapkeiyeng'ung'
Kot kogesgei bandanyu.

Stoena tuguk che bong'ony
Atii-enenge, Jesu
Ye tun aitu kipsengwet
Agerin, Inye, kimni."
7527;Ta konyone Jesu kogeny;;"Ta konyonei Jesu kogeny
Ko u ye kigomwawech.
Mi bik ng'isiat che igeni
Nyonunet ne bo aeng'
Haleluya! Nyonei Jesu Kogeny!
Haleluya! Nyonei Jesu Kogeny!

Kinyaliljech Yetindennyo
Si kosoruech eng' me-et.
Togunotin ng'otobosiek
Che kinyor amu achek.
Kisoobech eng' ng'otobosiekab Jesu;
Kisoobech eng' ng'otobosiekab Jesu.

Rigunat nguno kamutet
Ne kimutech kebe ga.
Ye kituiye ak Kiptaiyat
Ne torochech eng' bolik-
Kotorochech Jesu Kiptaiyandennyo;
Kotorochech Jesu Kiptaiyandennyo

Tun kigeere tugul Jesu
Ye tun nyo kolaitoran;
Ak bororiet ne kitoorei
Ko tun keerei agichek.
Kutung'dos tun bik tuguleng' Kainennyi;
Kutung'dos tun bik tuguleng' Kainennyi."
7567;TANANI EXIHLOBYENI;;"Tanani  exihlobyen‘
Xa  mati  ya  vutomi,
Hambi  n‘win‘  la‘va  pfumalaka
mali.
Tanani, mi  ta  xava,
Vuswa  na  wona  ntswamba,
Mi dya  mi  kondza  mi  xurha
swinene.

Xihlobyeni,  xihlobyeni,
U  kumile  mati  la‘ma
pfelelaka  kona.
Xihlobyeni,  xihlobyeni,
Xihlobyeni  xa  mati  ya  vutomi,

Yingisani, mi ta dya,
Mi  nwa  le‘swo  nandziha,
Mimoya  ya  n‘wina  yi  ko  yi
hanha.
Mi  nga  hakeri  nchumu,
Mi  kuma  hi tintswalo,
Le‘swi  hanyisa ka  mmiri  ni
moya.

Lavani  yehova  ke,
loko  a  ha  kumeka,
khongelani  ka  yena,
muhanyisi.
Tshikan‘  ndlela  ya  n′wina,
Ni  hinkwaswo  swo  biha,
Tlhelelan‘  ka  Yehova,
Mi  ta  pona.
"
7599;Tebye koigeny iman;;"Tebyei koigeny iman
Ng'olyotab Jehovah;
Noto ne indoiywech
Ak koboruech oret.

Ya masambwanindet -
Machei kot kolusech.
Ribech kot Jehovah,
Asi magibetech.

Ng'olyotab Kiptaiyat
Ne mitei kobotech;
Mitei kimnatennyi
Betutab usonet.

Inendet ne 'yani
Ng'olyotab Jehovah
Kotinyei boiboiyet -
Kimnatennyi Noto.

Kiboibo-itu kot
Ye ki-it kipsengwet,
Ak kigasige kot
Tun kagigeer Jesu.

Toreti Sirutik
Bik che mi nyalilda.
Ongecham Inendet
Si kebe kipsengwet."
8282;Tia kalyetab Jesu Kristo;;"Tia kalyetab Jesu Kristo
Ne mi sobondanyu!
Betwa ng'aleK che amwa-e
Agobo kamuung'et.

CHORUS
     Mitei kalyet muguleldanyu,
     Nyiitat kalyet muguleldanyu;
     Agot ngo yiema nyalilwogik
     Amangu Yetindet.

Akwong'e amu Kiptaiyat
Ne kigogoitogei.
Ki'ming'ingei agoi me-et
Kosikwa yetunet.

Ye kingo'stawa mesundei
Kogona lapkeiyet.
Mamitei kiy ne aroge
Kwong'utiet ne te ni."
8294;Tiem iige Daniel;;"Ongenyiganitu kot,
Kegas it Jesu.
Ma Chang' bik betusiechu
Che lumdogei iman.

CHORUS
     Tiem iige Daniel
     Ne Ki nyigan kot.
     Mie imang'u Kiptaiat;
     Konyit Ka,ennyi.

Betos bik che Chang' inne
Che ma'yanotin,
Ago 'terteri choto
Che 'mang'u Kiptaiyat.

Nam songolietab Kristo
Eng' lugoni o.
Mi Jehovah koboten
Eng' bandang'ung' tugul.

Lumdege eng' Kiptaiyat;
'Terter o-indet.
Egu ne nyigan inne
Eng' sobeng'ung' tugul."
8300;TIKO RA KANANA;;"Hi ta ya tikweni ra la‘vo
kwetsima,
Kaya ra ku rhula le‘ri nga
henhla,
Na n‘wina vadyohi ndleleni ya
rifu,
Xana mi ta ya tikwen‘ ra
Kanana.

VUYELELO
Mi ta ya? Mi ta ya?
Mi ta ya? Mi ta ya?
Xana mi ta ya tikwen‟ ra
Kanana?

A ku na vuvabyi, Yesu i vutomi,
Kwaleyo ku ko na ku tsaka
ntsena,
A ku na miringo, hambi a ri nala,
Xana mi ta ya tikwen‘ ra
Kanana?

Etikweni le‘ri katekisiweke,
Hi ta va na Yesu nsin‘wini ya
kwe,
A hi nga pfumali, hi ta va vafuwi
Xa na mi ta ya tikwen‘ ra
Kanana?

Yanane vafambi, ra ha ri
mahlweni
Mundzuku hi ta dya ndzhaka le
henhla,
N‘wina la‘va nga timbilu to tika,
Xa na mi ta ya tikwen‘ ra
Kanana?

Ndzi ta ya,  ndzi ta ya,
Ndzi ta ya, ndzi ta ya,
Ina ndzi ta ya tikwen‘ ra
Kanana.

. “WA NGA TLHELA U
NDZI  AMUKELA ˮ
Yesu a ndzi ku tshikile,
Kasi wena u ndzi fele,
Ndza ta sweswi, ndzi mudyohi,
Wa nga tlhela‘u ndzi am‘kela.

Ndzi na swivi le‘swikulu,
Swa ndzi tsandza, swa lovisa.
Ndzi languta eka wena,
Wa nga tlhela‘u ndzi am‘kela.

Le‘swi ndzi ku dyoheleke,
Ndza tisola, ndza swi tshika,
Hosi ya nga, ndzi tiyise,
Wa nga tlhel‘u ndzi am‘kela.

A ndzi fanelanga mina,
Ku vuriwa n‘wana wa ku.
Kambe sweswi, ndza hundzuka;
Wa nga tlhel‘u ndzi am‘kela.

Hosi Yesu ndza nyiketa,
Mmiri ni mbilu ya mina;
Wa nga susa na ndzu wa nga,
Wa nga tlhel‘u ndzi am‘kela.
"
8315;TINDLE  LA  TIMBIRHI;;"Ka  fambiwa  misaveni,
Hi  tindlela  le‘timbirhi,
Yin‘we  i  le‘ya  ku  lova,
Yin‘wanyana  ya  ku  pona;
Ya  kulova, le‘yandzilo.
I  budula  le‘ri  kulu.

Yi  fambiwa  hi  vanyingi
Vo  titsona  swa  vutomi,
Muponisi  va  m‘ pfumala,
Ku  hundzuka  va  ha  ala,
Va  kongoma  e  ku  feni,
Va  ta  lova  le  ndzilweni.

Loko  yi  ri  ya  ku  pona
Yi  larile ngopfu  yona,
A  va  fambi  l‘avotala
Eka  le‘yi  yaka  kaya,
Vanhu  la‘va  pfumelaka
Hi  vo  la‘va  yi  landzaka.

Va  m‘  tsakela  Hosi  Yesu,
L‘anga  na  vo  hi  masiku,
Va  nyikiwa  hi  tints walo
Swo  saseka  swa  matilo.
Endleleni  le‘yo  khuma,
Va  ta  kuma  ni  ku  fuma.

Nghena  swesw‘  ndlelen‘  leyi,
Amukela  yona  Hosi ,
Fularhela  le‘swo  biha
Swa  misava  ni  swa  nsila,
U  nga  tshuki  u  yi  landza
A  budula  ra  kulova
"
8394;Tos sirat kainenyu?;;"Mamage kiy magornot
Anan tugukab ngony ;
Kit ne o ne amache
Ko ait kipsengwet.
Amu tatun kobegu
Kiy tugul ne bo ng'ony,
Ago tebyei kochulyo
Che bo Jesu Kristo.

CHORUS
     Tos sirat kainennyu
     Eng' barak kipsengwet?
     Mitei bukuit olindo;
     Tos sirat kanennyu?

Chang' chalwogikyuk iman,
Te suswekab timin;
Ago yamei kouna
Korotikab  Jesu,
Amu kigiarorua
Eng' Bukuit ne Tilil,
Kole, Nga Chang' chalwogik
A-istoi tugul.""

Kagesirji kainennyu
Bukuitab sobondo
Ne mi nganaset ne leel
Ole mi Laitoriat.
Magichamjin oloto
Kiy tugul ne muruon.
Baibai muguleldanyu -
Kagesir kainennyu."
8440;TSHEMBA RA HINA;;"Tiya Hosini! —u tshemba
Muhluri,
U tiyisela endlelen‘;
Kaya tilwen a ka ha ri kule,
I mpfhukanyana le mahlwe‘;
U nga titsoni tintswalo ta Hosi
Ti ta ku nyika ku tiya,
Ti ta ku pfuna leswaku u hlula
Hinkwaso le‘swa ku biha

Hosi ya vuya!
Ku tsonga!
Kutsongonyana
Yesu l‘a t akawa fika;
Wa swi twa xana?
Swin‘we na yena
Hi ta nyikiwa ku fuma,
L‘a hitekaka,
Kunen‘ o tsaka,
O ta dya ndzaka ni xuma.

Yesu wa hanya, wa vona ku
tsana,
Ka wena eku pfumelen‘;
Wa nga ma tshemba matimba
ya yena,
Ma endlakakala ‗ku tsan‘;
Pfuxa mavoko na wona matsolo
La‘ma nga ni ku karhala;
Tiyisa mbilu, hi ntamu wa yena,
U nge phasiwi hi nala.

Sweswi i nkarhi ku tiya Hosini,
U va u pfuka vurhongwen‘,
Byona vusiku bya hundza ni
dyambu
Ra xa sweswi kwale vuxen‘;
Hi wona nkarhi, hakarha
matlhari!
Vulolo u fularhela;
Swi nga vavisa ku lahlekiriwa
Le‘swi u nga swi tirhela.
"
8455;Tun keerei Jehovah bikyik;;"Tun keerei Jehovah
Bikyik che tililen;
Chamei Jesu kong'ang'jigei
Che kase it Ine.

Kibagach Kiptaiyat
Gonnyi ne mi barak,
Konyo koteb koboto bik
Ak komechi ichek

Kinyo koming'ingei,
Konam itondanyo.
Kaborunennyo Inendet,
Achek che kiyani.

Kicheng'in, Kiptaiyat,
Itililech nguno.
Kisomin ra iberurech,
Inye, ne I tilit."
8483;U UAKAMA!;;"Njambi Tata, nji na komoka viose
Vininie viove ua tanga hantsi
Zintongonosi, na muhiato muilu
Nzili yove U na i solola

Co nji imba ku Tata Kalunga,
U ua kama, U ua kama.

Omo nji hita ku musenge kuose
Njivua tuzila vemba mua cili;
Cipue cana, ni muncinda ua kama,
Viose, njambi, vi ku sangaziala.

Nji vukula ngue njambi Tata vene
Ka vianene ku tuma Muanendi
Mu ku tsila etu vantu va vapi;
Nji komoka cikwama ngecize

Litangua omo Kilistu A keza
Ku nji tuala mu mbala ya muilu,
Ntsimbu ize ua nji ka sangala ngambu
uze ua nji lingilileviose.";© Public Domain
8610;VANDLA RA VAPHASI;;"Vandla ra vaphasi,
Pfukani n‘wina,
Nanga yi yimbile,
Yanan‘ mahlweni.
Yisan‘ Evangeli mitin‘
Ya vanhu;
Mi ya va dyondzisa
Ta Hosi Yesu.

VUYELELO
Vandla ra phasi
Pfukani sweswi,
Twarisan‟ mahungu
Ya Muponisi.

Yesu wa vitana, a ku:
―Ndzi landzen‘,
Mi ta va vaphasi va vanhu
khombyen‘, ˮ
Vanhu va lahleka,
A va twisisi,
Timhaka ta yena Yesu Muferi.

Yesu l‘a yimaka ematilweni,
Wa va khongelela
Va le ndzingwini.
Va vona mirhwalo
Le‘yi  tikaka,
Na tona timhaka le‘ti
vavisaka.

Hosi ya tintswalo, a yi swi lavi         ‗Ku lova ni un‘we wa vo
vadyohi
Pfukani mi vula ta le matilwen‘,
Vaphasi tirhani,
Va wutle ‗ndzilwen‘.

Dyondzani ta Hosi,
Mi ta tlhariha:
Lungisan‘ tinjovo,
‗Bohan‘ tinyama,
Va kombise ndlela ya ku
chupuka,
Kombela ka Moya wu ta
khorwisa.

Khongelan‘ vaphasi
Mi va mi tshemba.
Mi nga heli mbilu, nala wa
chava,
Hosi ya hlamula yi ta mi pfuna
Ku phasa mimoya ya la‘vo tala.
"
8701;VITO RA  YESU  RA PFUNA;;"Vito  ra  Yesu  ra pfuna
Wena  n‘wana  wa  khombo,
Rona  ri  ta  kutsakisa
E  ku  famben‘  ka  wena.

Vito  le‘ ritsakisaka,
Vito  le‘ri  hanyisaka,
Vito  le‘ro  nandziha,
Hi  ro  vito  ra  Yesu.
Va  n′wi  cha vito  ra Yesu.
Muponisi  wa  vanhu;
Wa  kota  ku  susa  swivi
Timbilwini  ta  hina.

Xikwembu   xi  twarisile
Vito  leri  ra  Yesu,
Leswaku  l‘a  pfumelaka
O  ta  londzovotiwa.

E  hlomulwen‘  ne  miringwen‘,
Yesu  wa  chavelela,
Ne  ku  vabyen‘  wa  hanyisa,
I  Mupfuni  wa  hina.

Vito  leri  ra  chavisa
Tintsumi   ta  Satana;
Tshemba  vitweni  ra Yesu
U  ta  hlula  hinkwaso.

A  hi  nkhinsamen‘  hi  nkhensa
Vito  leri  ra  Yesu,
Hi  n‘wi twarisa  namuntlha,
Ni ma siku  hinkwawo.
"
8717;VONAKALISA MBILWIN‟;;"Xana wa ha chava nala wa
vanhu?
Xana wa chava ku tshika
munyama?
Pfula majinela,pfula ni nyangwa;
Vonakalisa mbilwin‘,

Vonakalisa mbilwin‘,
Vonakalisa mbilwin‘,
Pfula majinela, pfula ni
nyangwa,
Vonakalisa mbilwin‘.

Xana wa lava ku tsaka endleni?
Xana wa lava ku huma
‗munyamen‘?
Pfula majinela, pfula ni
nyangwa,
Vonakalisa mbilwin‘.

U tsaka, u ta rhula misaven‘,
U tsaka, u ta rhula matilwe‘;
Loko u pfula mbilu ya wena,
Vanakalisa mbilwin‘.
"
9393;XANA NGATI YI KU HLANTSWILE;;"Xana u hlantswile
exihlobyeni,Engatin‘  ya Yesu
Muferi?Wa tshemba tintswalo ta
yena sweswi?Xana ngati yi ku
hlantswile?

VUYELELO
Ngati ya Muferi
Ya swi kota ku susa swivi.
Ya basisa mbilu, yi ku yi tenga.
Tana exihlobyeni sweswi.

Xana wa landza Yesu hi
masiku?
U hlantswiwe ngatin‘ ya Yesu
Xana wa tshemba Muferi, wa
rhula?
Xana ngati yi ku hlantswile?

Loko hosi yi ta, u ta tenga ke?
U ta pfumala ni xisandzu?
U ta lulamela ku nghena tilwen‘?
Xana ngati yi ku hlantswile?

Cukumeta mikhuva ya misava,
Amukel a swa Hosi Yesu,
Tana u tinyiketa e ka yena
U hlantswiwa ‗ngatini ya kwe.
"
9394;XANA U TA YA KWIHI?;;"―U ya Kwihi?‖ Yohane 13:36,
14:5,6

Xana u ta ya kwihi ke?
Wa vutisiwa namuntlha.
Wa kaluta misaveni,
U ta ya, u ta ya kwihi?

U ya kwihi? U ya kwihi?
Hlaw ula,hlamula sweswi.

Van‘wana va n‘wi hlavula,
Yesu loy‘a nga hi fela.
Va hundzuka, va pfumela,
U ta ya kwihi ke, wena?

Ku ni swivandla swimbirhi,
Tilo ni tiva ra ndzilo.
Ndlele i yin‘we yo pona,
U ta ya kwihi ke, wena?

Vanhu va landza swo biha,
A tsundzuku xidziva,
Masiku ya hun.
dza sweswi,
Wena wa kongoma kwihi?

Tintswalo ti kona sweswi,
Mundzuku ku ni vukarhi,
Ku lova kule kusuhi ,
Wena wa kongoma kwihi?

Tana amukela Hosi,
Yi ta ku hlantswla swivi,
Yi ta ku nyika vutomi,
U ta va ni kaya tilweni."
9396;Yaaktaindetab bik tugul;;"Yaakta-indetab bik tugul
Werit ne bo Jehovah!
Kiyaaktawech besendanyo
Kiptaiyandennyo, Jesu.

CHORUS
     Kosobindennyo Jesu -
     Inendet ne tala;
     Ak ko Yaakta-indennyo
     kiptaiyat Jesu.

Ki'tiachech eng' chalwogikyok
Kiptaiyandennyo Jesu;
Kitil boroonikab tengek
Kat-iagindennyo, Jesu.

Mi  Jesu muguleldanyu
AK kondoiywa Inendet.
Igimita eng` bandanyu
Kando-indennyu, Jesu."
9398;Yama Jesu;;"Yama Jesu eng' ka-iimutikyuk;
Mami choruet ne siirei Inendet.
Yama Yesu; indoiywa kotugul.
Tononjingei alak ago amache Jesu.

CHORUS
     Yama Jesu, yama Jesu;
     Yama Jesu kotugul.
     Yama eng` boibo-indo,
     Anan eng' nyalilwogik.
     Yama Jesu kotugul - amache mising.

Yama Jesu, Inendet Choruennyu
Ne 'mutata eng' bandanyu tugul.
Yama Jesu ye yoma bunikyuk;
Aterteri luget amu igiila Jesu.

Yama Jesu kondoiywa eng' oret;
Yama Ine agoi betutab let.
Yama Jesu; mayama chi age.
Choruennyu Jesu eng' iman ne siirei tugul."
9406;Ye kibendoti twai;;"Ye  kibendoti t'wai ak Kamukta-indet
Keboibo-itu eng bandanyo.
Ye kiyani Jesu  ak  kegas it Ine,
Ko mame-ech mugulel agoi.

CHORUS
     lyan Jesu ak igas it Ine.
     Mi boiboiyet eng` Jesu ye kisub orennyi.

Lapkeiyet Ng`alekyik che ikweng`wech oret
Ak koboruech komie magennyi.
Onei lapkeiyennyi mesundeito tugul,
AK nyalilda ne iimech mising

Nganda bichii Oret ak Ko chang' yomsosiek
Ko matebyei tuguchoto tugul.
Biitu  tun kamuung`et  ko kabek betusiek
Ak kemi tugul ak Jehovah.

Magimuchi kenai boiboiyet ne nyiitat
Kot kigochi  Jesu  kiy  tugul
Nyoru  bik  kalyennyi ak  kagasetab ge
Ye igochingei Jesu kityo."
9409;Ye kingoribei mestowek akwatisiek;;"Ye kingoribei mestowek
Akwotisiek kemoi
Kochorjigei malaikaiyat
Eng' lapkeiyet ne o.

Kimwachi anyun malaika
Kolenji, ""Mat o'ywei,
Aibwok logoiywek che miach
Che ityin bik tugul.

""Mi nganasetab Betlehem
Lakwet ne kagesich.
Inendet  Kristo Kiptaiyat
Ne ibu sorunet.""

Kiboibo-itu mestowek
Kogeer Lakwet Jesu;
Kiba anyun komwachi bik
Kwong'utietab siget.

Ki'ming'ingei koru kaptich
Lakwetab kipsengwet.
Kiek kibananiat  Jesu
Ine ne Laitoriat."
9419;Yehla Moya oyiNgcwele;;"Yehla moya oyiNgcwele,
Yehla moya oyiNgcwele.
Yehla moya oyiNgcwele,
Yehla moya oyiNgcwele.

Mayenziw' intando yakho,
Mayenziw' intando yakho,
Mayenziw' intando yakho,
Mayenziw' intando yakho."
9422;YERUSALEMA, KARIKWERHU;;"Yerusalema, karikwerhu,
Kaya ro phyupheka,
Ndzi ta fika  rini kona?
Muti wo rhandzeka (2x)

Ndzi ta hlalela rini xana
Makorwa yo xonga?
Ni mitsendzele ya nsuku,
Sweswi ndzi ta longa (2x)

U tlula Éden hi ku xonga,
Wena muti wa nga,
Tihari ni xiluvelo
Ndzi xuva ku vona ( 2x)

Xana makhombo ni maxangu
Swi nga ndz i sivela?
Sweswi ndza ku langutela
Muti wo phatima (2x)

Ndzi xuvile swonghasi kwala,
Ndzi rhanza ku muka,
Ndzi ta khapa hi ku tsaka
Loko ndzi goduka (2x)"
9451;YESU I MUHANYISI;;"Hosi Yesu wa khaluta,
A ku lavi ku mu khumba?
We, muvabyi wo xaniseka!
Yesu M uhanyisi.

VUYELELO
Wa ha tshungula, namuntlha,
Vuvabyi wa ha hlongola;
O ta ku nyika ni ku hanya,
Yesu i Muhanyisi.

Mukhuhlana ni nhlokonho
Ni ku pandza ka tinhloko,
Ma hola mavabyi hinkwawu,
Yesu i Muhanyisi.

Mademona a hlongola,
A horisa ni timbanga,
Na yo ngati le‘yi tlhavaka,
Yesu i Muhanyisi.

L‘a vabyaka a nga ta la
A totiwa hi mafurha
Kutani hi ta m‘ khongela,
Yesu o ta m‘horisa.
"
9452;YESU I MUHLURI;;"Aleluya! Nkateko!
Yesu o ni matimba.
Hi yena Muhluri;
Valala va nga pfuka,
Yesu o ta hlula,
Hi yena Muhluri

VUYELELO
Hi hlula hi matimba,
Aleluya! Nkateko!
Yesu wa hi hlulela,
Ha n‟wi nkhensa, aleluya!
Hi yo Hosi ya hina .

Ha n‘wi tshemba Muhluri,
Yena a nga hluriwe,
Hi yena Muhluri;  Namuntlha hi tsakile,
Swidyoho swi herile,
Hi yena Muhluri;

Huwelela hinkwako
O hluerile hinkwaswo,
Hi Yesu Muhluri;
Hi ta khana halenu,
A hi nga chavi nchumu
Hi yena Muhluri;

Ha langutela Yesu,
O hlurile ni rifu,
Hi Yesu Muhluri;
Hi ta pfuka eku fen‘,
Hi ta tsaka e tilwen‘,
Hi Yesu Muhluri.
"
9457;YESU L‟A NGA NDZI RHANDZA;;"Swi hundzile hinkwas wo swa
khale,
Swswi ndzi xivumbiwa
le‘xintshwa,
Mbilu yi ni ku tsaka ka tilo,  Ngati ya Yesu yi hlantswile
hinkwaswo.

VUYELELO
I Yesu, I Yesu,
Loy‟a nga ndzi rhandza,
O file xihambanweni
Ku ndzi tshunxa.

Khale a ndzi bohiwa ku dyohen‘,
O ndzi lova, a ndzi le
munyameni‘,
A ndzi chava vukarhi bya Hosi,
Kambe ngati ya Yesu yi ndzi
kutsula.

A ndzi phasiwa, a ndzi tlunyiwa,
A ndzi tsandzeka ku tiponisa,
Swsi ndzi hanyanyisiwa mahlo,
Ndzi le ku tsakeni, ndzi
mboni ya Yesu.
"
9482;Yetindenyun, indoiywa;;"Yetindenyun, indoiywa, 
Eng’ oreng’ung’ kotugul .
A ribot eng’ chamnyeng’ung’, 
Amu kibendoti t’wai.

CHORUS
Ndoiywa, ‘ndoiywa
Ndoiywa, jesu , si mabet
Ndoiywa betusiek tugul.
Si asubun kotugul

Mwechinin sobondanyu, 
Ye kabwa nyalilwogik.
Ma 'ywe-i ye kimi t'wai; 
Inye Kamang'unennyu.

'Ndo'ywa kot koit betut, 
Ne ka'gesgei usisiet,
Ak kibukwa beekab kong', 
Eng' olin bo kipsengwet."
