136;Akristu Limbikani;;"Akristu limbikani,
Imani mtima nji!
Mbendera nyamulani,
Msatenthemere bi,
Wotsogolera wathu
Ndi Mwana wa Mulungu;
Adzagonjetsa onse
Adani athuwo.

Tigwire nkhondo yomwe
Ya Mbuye wathuyo;
Tileke zakuipa
Zokhala m'mtimamo.
Sitikwanira tokha
Kuleka zathu zomwe,
Koma Mbuyathu Yesu
Atithangatatu.

Tsopano timenyana
Ndi zakuipazi;
Pamene nkhondo yatha
Tidzanka kwathuko.
Yesu adzalandira
Ankhondo ake onse;
Adzakhalika naye
Kumwamba komweko."
137;Akristu Limbikani, Stand Up For Jesus;;"Akristu limbikani,
Imani mtima nji!
Mbendera nyamulani,
Msatenthemere bi,
Wotsogolera wathu
Ndi Mwana wa Mulungu;
Adzagonjetsa onse
Adani athuwo.

Tigwire nkhondo yomwe
Ya Mbuye wathuyo;
Tileke zakuipa
Zokhala m'mtimamo.
Sitikwanira tokha
Kuleka zathu zomwe
koma Mbuyathu Yesu
Atithangatatu.

Tsopano timenyana
Ndi zakuipazi;
Pamene nkhondo yatha
Tidzanka kwathuko.
Yesu adzalandira
Ankhondo ake onse;
Adzakhalika naye
Kumwamba komweko."
153;Alimanja Maatate;;"Wonse wosambidzidzwa ndimazi waYesu
Alimanja maatate x2

chorus
Alimanja maatate x2

Wonse wosambidzidzwa ndiMuzimu woera
Alimanja maatate x2

Vose vakashambidzwa muropa raJesu
Vari mumaoko ake

Vari mumaoko ake X2"
255;Amazing Grace-chewa;;"Chisomo chodabwitsacho
Chapulumutsa 'ne,
Woipa wopambanatu;
Ndapeza moyo 'ne.

Chisomocho chachotsadi
Mantha a imfayo
Pakukhulupirira 'Ye,
Ambuye Yesuyo.

Chisomo chandisungadi
Panjira yangayo,
Chisomo
chidzasunga' ne
Mpakatu kwathuwo.

Kwathu ndidzaimba nyimbo
Ya chisomo chake,
Yolemekeza Mlunguyo
Kunthawi zosatha.

Hallelujah Amen"
324;ANYAMATA A MULUNGU;;"Verse 1
Anyamata a Mulungu, muzigwira nkhondoyo,
Mumenyane ndi Satana mzimu wakanyengayo.

Verse 2
Komwe asauka anthu akukhala m'mdimamo,
Osamdziwa mpulumutsi, phunzitsani konseko.

Verse 3
Pomangidwa anthu nayo m'yando yoipitsayo,
Pomwe amaopa cabe, masulani golilo.

Verse 4
Walitsani nyali yanu ikacotse mdima bii!
Mpaka ikainga zonse zosautsa m'dzikoli.

Verse 5
Akutopa ndi ofoka mwatonthoze mtima pee!
Osocera, onyozeka muwafunefunebe.

Verse 6
Acisoni, obvutidwa, mwathandize msangatu;
Zosautsa zao zonse Yesu azacotsa du.

Verse 7
Anyamata limbikani, gwiranitu nkhondoyi,
Yesu salephera mwini, satiiwalira 'I

Verse 8
Isaleke nchito yace mpaka anthu onsewo,
Alambira Mfumu yathu, namgonjera konseko."
414;ATAWALE;;"Atawale atawale tu, 
Mwachie Yesu atawale
Atawale atawale tu, 
Mwachie Yesu atawale"
1402;EVERYBODY OUGHT TO LOVE JESUS;;"Kila mtu ampende Yesu
Yesu, Yesu:
Aliyekufa msalabani,,
Kila mtu ampende Yesu.";;
1585;Gadzikana uzive;;Gadzikana uzive, kuti;
2126;HE WILL BREAK EVERY FETTER;;"Yesu huvunja kifungo,
 Yesu huvunja kifungo;
 Yesu huvunja kifungo,
 Anifungua.";;
3260;Idzodzi Inyasha;;"Hama idzodziwo inyasha
Idzodziwo inyasha
Idzodziwo inyasha
DzeMwanakomana

Kuti tiwane Shoko rakanaka
Hakuzi kungwara
Asiwo inyasha

Kuti tiwane mufundisi akanaka
Hakuzi kungwara
Asiwo inyasha

Kuti tiwanehama dzarakanaka
Hakuzi kungwara
Asiwo inyasha

Kuti tiwane vana vakanaka
Hakuzi kungwara
Asiwo inyasha";
3688;J'aime Jesus;;"J'aime Jesus
J'aime Jesus
J'aime Jesus
Qu'lL soit Loue Amen

Qu'lL soit Loue Allelujah !
Qu'lL soit Loue Amen !
Qu'lL soit Loue Allelujah !
Qu'lL soit Loue Amen !

Namupenda Yesu
Namupenda Yesu
Namupenda Yesu
Asifiwe Amen

Asifiwe  Allelujah !
Asifiwe Amen !
Asifiwe Allelujah !
Asifiwe Amen !

Akumama Allelujah !
Akumama Amen !
Akumama Allelujah !
Akumama Amen !"
3749;Jehovah Mufudzi Wangu;;"Jehovah Mufudzi wangu;
Handichazoshayiba
{Ndiye anondiradzika
Pane mafuro ake.} x2

Ndiye anondinyaradza
Nekunditungamira
{Munzira dzakarurama
Muzita rake, Tenzi.} x2

Handichatye zvinyangadzo
Nhambwe dzose aneni,
{Ndiye anondinyaradza
Ngemudondoro wake.} x2

Anogadzira tafura
Mberi kwemhandu dzangu
{Ndizvozvo mukombe wangu
Wazara ngemafuta} x2

Idi, runako nenyasha
Zvichazonditevera.
{Ndichazogara mudenga
Nekusingazoperi.} x2

Halleluya, halleluya
Halleluya, amen
Halleluya, halleluya
Halleluya, amen
Halleluya, amen"
3757;Jehovha Mufudzi Wangu;;"Jehovha Mufudzi wangu;
Handichazoshayiba
Ndiye anondiradzika
Pane mafuro ake.

Ndiye anondinyaradza
Nekunditungamira
Munzira dzakarurama
MuZita rake, Tenzi.

Handichatyi zvinyangadzo,
Nhambwe dzose aneni,
Ndiye anondinyaradza
Ngemudondoro wake.

Anogadzira tafura
Mberi kwemhandu dzangu
Ndizvozvo mukombe wangu
Wazara ngemafuta

Idi, runako nenyasha
Zvichazonditevera.
Ndichazogara kudenga
Nekusingazoperi.

Hareruya, hareruya
Hareruya, ameni";
4151;KALELO ANTHU ONSE;;"Verse 1
Kalelo anthu onse nacimwa kwa Mulungu,
Mulungu anaona, naona chimo lao,
Nafuna, nafuna, nafuna kwaononga
Nafuna kwaononga, nafuna kwaononga.

Verse 2
Mulungu anatuma, natuma Nowa uja,
Wamanga combo cace, ndicacitalitali,
Nowayo, Nowayo, Nowayo nayendamo,
Nowayo nayendamo, Nowayo nayendamo.

Verse 3
Mulungu anatuma, Natuma mvula ija,
Yadzaza dziko lonse, anafa anthu onse,
Anafa, Anafa, Anafa mvula muja,
Anafa m'mvula muja, anafa m'mvula muja.

Verse 4
Nowanga anatuma, natuma cikwangala,
Catsika pansi pansi, cosabwerera konse,
Cithawa, cithawa, cithawa mtalitali,
Cithawa mtalitali, cithawa mtalitali.

Verse 5
Kutuma wabwereza, natuma nkhunda ija,
Tatsika pamadzipo, yathyolatu mayani,
Yampatsa, yampatsa, yampatsa Nowa yemwe,
Yampatsa Nowa yemwe, yampatsa Nowa yemwe.

Verse 6
Kalelo Mbuye Yesu 'nafera anthu onse,
Ndiyeyo combo cathu, tikabisale mommo,
Tipulu, tipulu, tipulumuka mommo,
Tipulumuka mommo, tipulumuka mommo"
4175;KASUPE ALI WODZAZA;C;"Verse 1
Kasupe ali wodzaza ndi mwazi wa Yesu;
Omwe asamba mwa uyu, ataya zoipa.
Ataya zoipa, ataya zoipa ;
Omwe asamba mwa uyu, ataya zoipa.

Verse 2
Woba wakufa 'napenya kasupe, nakondwa;
Ndimo inenso mwa uyu ndisamba ndiyera.
Ndisamba ndiyera, ndisamba ndiyera;
Ndimo inenso mwa uyu ndisamba ndiyera.

Verse 3
Mwazi wa Yesu wokondwa ukhala wa mphamvu;
Kwa ana onse a Mulungu, ucita kwombola;
Ucita kwombola, ucita kwombola;
Kwa ana onse a Mulungu, ucita kwombola;

Verse 4
M'mene ndapenya mwazi wa anuwo;
Kukonda kwanu nditama kwa katha kwa moyo.
Kwa katha kwa moyo. kwa katha kwa moyo.
Kukonda kwanu nditama kwa katha kwa moyo.

Verse 5
Kumwamba ndikayimbanso zimphamvu za M'lungu;
Zopulumutsa onsewa omvana ndi Yesu.
Omvana ndi Yesu, omvana ndi Yesu.
Zopulumutsa onsewa omvana ndi Yesu."
4308;KRISTU ANAKHETSA MWAZI;Eb;"Verse 1
Kristu anakhetsa mwazi, nafa Mfumu Yanga,
Wapatsiranji mutuwo kamba ka ocimwa?

Verse 2
Pa mtanda, Pa mtanda, ndinaunikiridwa,
Katundu wa mtimanga unatha;
M'cikhulu'piro, ndinaonanso,
Tsono tsiku lonse ndakondwa.

Verse 3
Zompacikitsa pa mtanda ndi zocimwa zanga,
Cisomo codabwitsatu, cikondi coposa.

Verse 4
Dzuwa lija linabisa kuwalako kwace,
M'mene Mlenje anafera olengedwa ace.

Verse 5
Ngongole sindingalipe ndi cisoni canga,
Comwe ndingathe kucita, ndi kudzipereka."
4319;KUHAVA;;"Angakona Munghanaun‘wana,
Kuhava! Kuhava!
A ngakonaMuferiun‘wana,
Kuhava, kuhava!

Yesu waswitivahinkwaso;
Wahifambisa‘ masiku.
O kwihil‘a fana nbaYesu?
Kuhava! Kuhava!

Muponisiu n‘wana kuhva,
Kuhava! Kuhava!
Muhanyisiun‘wanakuhava!
Kuhava! Ku hava!
"
4340;Kungalile bapetelo;;"Kungalile bapetelo
Basabuka va mbu
Buke buke babonsono
Batatuka yensi

Chorus
Mu diatanga ye Yesu
Mutukisanga yenge
Ye tualanga ku mpulusu
Ku moyo wanade.

Kusimu bu kwatatuka
Vambu vakituka
Mayo ye tombe bizibwa
Babo bazakama.

Se Yesu ntumbu sadisa
Eta kwambu Napii!
Yeyandi lenda vuvika
Bu kena Mvuluzi.

Ye beto ve tuzungulu
Kwa nsisi vo mambi
Mu Yesu tuena ndungunu
Bu kena Mvuluzi.";;
4360;Kuyenda Opanda Yesu;;"Kuyenda opanda Yesu
Ine sindingate

Chorus
Sindingate"
4372;Kwathu N'kuwamba;;"Kwathu N'kumwamba
Amen
Kwathu N'kumwamba
Amen
Kwathu N'kumwamba
Amen Amen Amen"
4373;KWATHU SIPADZIKO;;"Kwathu sipadziko, ndingopitirira,
Ndadzikundirira chuma
kumwambako;
Ngelo akodola pakhomo la
m‘Mwamba;
Ndipo dziko lapansi,
sindiyesakwathu.

CHORUS
Mbuye ndinu bwenzi langa
ndithu.
Ndichitenji ngati kumwamba
sikwathu?
Ngelo akodola pa khomo la
m‟Mwamba;
Ndipo dziko lapansi, sindiyesa
kwathu.

Andiyembekeza chinthuchi
ndidziwa,
Mpulumutsi wanga
wandikulu‘kira;
Adzandipoletsa pamene
ndafoca,
Ndipo dziko lapansi, sindiyesa
kwathu.

Yesu watsogola ku Ulemerero,
Ndifuna kugwira dzanja lake
konko;
Andidiranso pakhomo la
m‘Mwamba,
Ndipo dziko lapansi, sindiyesa
kwathu.
Mu Ulemerero, tidzakhala
m‘yaya,
Oyera mtimawo ali kulambira,
Ati haleluya kwa Mulungo wa
mphamvu,
Ndipo dziko lapansi, sindiyesa
kwathu.
"
4628;LIDZE MSANGA DZUWA LANU;;"Verse 1
Lidze msanga dzuwa lanu
Lolonjezedwa, Ambuye;
M'dalinena polawira kwa anyamata
Ambuye.

Chorus
Kuli chimwemwe m'dzuwalo,
Lakufika, Ambuye;
Ha! Ha! Ambuye bwerani;
Ha! Ha! Ambuye bwerani.

Verse 2
M'dziko lino Chimwemwecho
Chikudza ndi Yesu Mbuye;
Mfumu yathu yakumwamba ndi
Dziko lonse lapansi.

Verse 3
Adzakhala pampando po
Wakuweruza makamu;
Amitundu adzaima pamaso
Pa Mbuye Yesu.

Verse 4
Adzanena kwa anthuwo
Akudzanjatu lamanja,
Lowani 'nu M'chikondwero
Cha Atate nthawi zonse."
4665;LIMBA MTIMA MBALE WANGA;;"Verse 1
Limba mtima mbale wanga,
Usapunthwe m'njirayi;
Onatu nyenyezi ija
Ikusogoleradi;

Verse 2
Tamveratu Mulungu Yekha,
Chita zolungama 'we,
Yenda bwino, khulupirira,
Mbuyeyo, Mbuyeyo, Mbuyeyo,
Ndi kucita zakezi.

Verse 3
Taya zako zochenjera,
Taya zamumdimanso;
Nthawi zonse khulupira,
Chita zolungamazo;

Verse 4
Usayanganire wina
M'nkhondo yako yomweyi,
Koma m'zonse khulupirira;
Mbuyeyo, Mbuyeyo, Mbuyeyo,
Ndi kucita zakezi.

Verse 5
Mawu ake atipasa mphamvu
Ndimtenderenso,
Bwino atitsogolera,
Tikhulupirira wo,

Verse 6
Limba mtima usapunthwe,
M'njira yamumdimayi;
Yenda bwino, khulupirira,
Mbuyeyo, Mbuyeyo, Mbuyeyo,
Ndi kucita zakezi"
4893;M'MAWA TIZIFESA (BRINGING IN THE SHEAVES);Bb;"Verse 1
M'mawa tizifesa mbeu zakukoma,
Msana ndi usiku tizifesa momwe;
Nyengo yamasika tidzatema m'munda,
Tidzabwera tonse ndi zipatsozo.

CHORUS
Ndi zipatsozo, Ndi zipatsozo,
Tidzabwera tonse ndi zipatsozo,
Ndi zipatsozo, Ndi zipatsozo,
Tidzabwera tonse ndi zipatsozo,

Verse 2
Tizifesa m'dzuwa, tizifesa m'mthunzi,
Sitiopa ife mtambo ndi cisanu;
Athatu masika, nchitozi zidzatha,
Tidzabwera tonse ndi zipatsozo

Verse 3
Tingolira kaya, koma tizifesa
Mbeu za Ambuye; nchotoyo nja Yesu.
Adzacotsa msozi, adzatilandira,
Tidzabwera tonse ndi zipatsozo"
5034;Mbuye;;"MBUYE
MWALONJEZANA NDI IFE,
KUTI MUDZATUMIZIRA
MADALITSO AMBIRI.

Chorus
MUTIDALITSE
TISOWA MADALO ANU,
TIFUNITSITSA AMBIRI,
MUTIGWETSERE LERO.

MBUYE
MTIDZUTSENSO LERO,
MVULA YOTITSITSIMUTSA,
ITIGWERENSO LERO.

MBUYE
MTITUMIZIRE LERO,
LOLANI CIFUNDO CANU.
MONGA MWA MAU ANU,

MBUYE
TIKUPEMPHANI LERO,
KUSOWA KWATHU KULIPO,
MUTIDZAZITSE LERO  ."
5035;Mbuye Mbuye - Jesu Mundirangarire - Do Lord;;"(Ndiri ndi mudzi wina,      
wowala koposa dzuwa) x3
Uko Kumwamba uko

Chorus
(Mbuye Mbuye,        
Mundikumbukile ine) x3
Uko kumwamba uko

(Ngati susenza mtanda      
Sungathe kuvala korona) x3
Uko Kumwamba uko

(Yesu abwera,               
abwera posachedwa) x3
Uko Kumwamba ko"
5036;MBUYE WONDIPULUMUTSA;;"Verse 1
Mbuye wondipulumutsa mulandire mtima wanga,
Mwandipatsa Mzimu wanu womeretsa zipatsomo.

Chorus
Ndiye Mzimu wakuyera atipatsa ife
Makhalidwe,
Ofanana naye Yesu, anatsika Kumwambako.

Verse 2
Naye Mzimu mndiphunzitse kukondana nsiku zonse,
Ndikukhala ndi mtendere osaderatu nkhawa 'i.

Verse 3
Mndithandize kukondana ndikuthangatira onse,
Ndikukhulukirabe akundicimwirawo.

Verse 4
Mndilimbitse ndipirire osadandaula
Konse,
Ndi kulamulira thupi ndi zofuna zacezo.

Verse 5
Kuzilala ndi kufatsa, inde, zonse
Muzikonda,
Mndiphunzitse pondipatsa Mzimu wanu
Woyerawo."
5230;MTIMA WANGA UYAMIKE;;"Verse 1
Mtima wanga uyamike Mfumu
Yakumwambako,
Anandiombola ine nanditsuka
M'mtimamo.

Chorus
Ife tonse, Ife tonse,
Tiyamike Mulunguyo.
Ife tonse, Ife tonse,
Tiyamike Mulunguyo.

Verse 2
Tiyamike Mulungu wathu kaamba ka Chifundocho;
Nthawi zonse sasanduka Mulungu
Wathu yemweyo.

Verse 3
Nthawi zonse monga 'Tate
Atisamariratu;
Atisunga M'manja mwake
Atipulumutsatu.

Verse 4
Anthu amitundu yonse,
Ndipo a kumwambako,
Yamikani Mulungu wathu
Ndiye wakukomatu.

Anthu onse, Anthu onse, ayamike Mulunguyo."
5320;Mwazi Wayesu;;"Mwazi waYesu, mwazi waYesu ndaima
Iwe satana sungadite ndaima
Ine ndaima (ndaima)
Mwazi waYesu ndaima

Ayesu ndinu number one x2
maina enawa ndiaboza
maina enawa ndia fake
Ine ndaima (ndaima)
Mwazi waYesu (ndaima)"
5336;MWINA TIMAVUTIKA;;"Mwina timavutika panynja ya
nsautso,
Ndi namondwe aakuopsya
amalo ndola dzuwa;
Koma m‘dziko langwiro
zitachoka nkhunguzo,
Tidzazindikira bwino patsogolo.

CHORUS
Patsogolo, mmene mawo‟bwera,
Pamene oyera adzafika kwawo;
Tdzanena nthano tag onjetsa
bwanji,
Tidzazindikira bwino patsogolo.

Zofunika zathuzi nzosoweka
m‘dzikoli
M‘thupi njala ndi usiwa m‘munda
milibe m‘mela,
Tikkhupire Mbuye, malinga ndi
mawu,
Tidzazindikira bwino patsogolo.

M‘mbali zonse zovuta
nzosazindikiraka,
Njira zosiyana zonka ku dzoko
la lonjezo;
Mulungu chifukwa chomwe
timayesedwa,
Tidzazindikira bwino patsogolo.
"
5480;N'THAWIREKO KWA MBUYE;F;"Verse 1
Pansi pano padziko locimwa, cuma cambili ndiribe;
Pokomana ndi yeso lowawa, n'thawireko kwa Mbuye.

Chorus
N'thawireko, n'thawireko,
Kwa Mpulumutsi wa moyo;
Pofuna bwenzi potha moyowu,
N'thawireko kwa Mbuye.

Verse 2
Anansi anga ali okoma, timayanjana bwinotu;
Koma posowa Mana amoyo, n'thawireko kwa Mbuye.

Verse 3
M'moyo uno Akristu ndakonda, Mau a Mulungu andikwana;
Koma poona dzanja la imfa, n'thawireko kwa Mbuye.
imfa, n'thawireko kwa Mbuye."
5571;NDAOMBOLEDWA, HALELUYA;;"Ndaomboledwa, haleluya,
M‘mwazi wa Mwana wa nkhosa,
Ndaomboledwa mwa chifundo,
Ndine mwana‘ke kosatha.

CHORUS
„Mboledwa, „mboledwa,
Ndi Mwazi ndaomboledwa,
„Mboledwa, „mboledwa,
Ndine mwana‟ke kosatha.

Ndaomboledwa ndakondwera,
Chimwemwe nchosaneneka,
Kuwalako kwa nkhope yake
Kundiphimba kosaleka.

Ndisinkha za Mombolo wanga,
Ndimsinkhira tsiku lonse,
Ndiyimba, sinditha kuleka,
Nyimbo za chikonde chake.

Ndidzaona Mfumu yokoma,
Lamulo lake n‘labwino,
Atchinjiriza njira yanga,
Kukada pa dziko lino.
"
5576;Ndatula Katundu Wanga;;"Ndatula katundu wanga
M'ziko la Kenan',
Ndakhala pali mtsinje wochiza
Sindiyendanso m'chpululu 
 cha kukayika,
Ndakhala pali mtsinje wociza

Chorus
Ndiri pagombe, o ndiri pagombe
Ndakhala pali mtsinje wochiza
Ndiri pagombe, o ndiri pagombe
Ndakhala pali mtsinje wochiza

Noa a Israyeli acikhulupiro
Ndakhala pali mtsinje wociza
Ndatogozedwa ndi mtambowo
 wa moto lero
Ndakhala pali mtsinje wociza

Wakhuta mtima wanga ndi""mama""
 a kumwamba.
Ndakhala pali mtsinje wociza
Sindimamvanso ludzu ndamwa
 madzi am'Mwala
Ndakhala pali mtsinje wociza

Ndiyimba aleluya, moyo wanga uli nji
Ndakhala pali mtsinje wociza
Naapuma mwalonjezo, ndakonzeka
 mwa Mwazi,
Ndakhala pali mtsinje wociza."
5594;NDIDZAIMBA ZA MULUNGU;;"Verse 1
Ndidzaimba za Mulungu,
Za kukonda kwakeko;
Anatuma mwana wake
Kundifera kalelo

Chorus
Inde ndidzaimba nyimbo,
Yakukonda kwakeko,
Ndidzaimba ndi Angelo
Akukala m'mwambamo.

Verse 2
Wandipatsa moyo Wake,
Moyo wakuyera mbu;
Ine ndiri mwana Wake,
Wandilera inetu.

Verse 3
Ndiyamika Mbuye wanga,
Ndi kumulemekezatu;
Ndipititsa mbiri yake,
Ya kukonda Kwakeko."
5599;NDIKONDA DZINA LA YESUYO;;"Verse 1
Ndikonda dzina la Yesuyo,
linena la mpulumtsi,
Amene nandikonda ine, nafera pa kalvari.

CHORUS
E, ndimkonda Yesu,
E, ndimkonda Yesu;
E, ndimkonda Yesu,
Cifukwa nandikonda

Verse 2
Ndikonda dzina la yesuyo,
Linena la malonjezo,
Zimene 'Tate nandipatsa
Kuwala njira yanga.

Verse 3
Ndikonda dzina la yesuyo,
Pamene ndiri ndi nsoni;
Linena kuti asamala,
'Cotsa katundu wanga."
5601;Ndima mpenza;C;"Ndima mpenza,
Ndima mpenza,
Nyonso 'ekosalema,
Ndima mpenza !
Ndima mpenza,
Ndima mpenza,
Nyonso 'ekosalema,
Ndima mpenza !


Yesu azali,
Yesu azali,
Nyonso 'ekosalema,
Yesu azali !
Yesu azali,
Yesu azali,
Nyonso 'ekosalema,
Yesu azali !

Ngai nandimi,
Ngai nandimi,
Nyonso 'ekosalema,
Ngai nandimi !
Ngai nandimi,
Ngai nandimi,
Nyonso 'ekosalema,
Ngai nandimi !";© Public Domain;
5604;NDIMITIMA YOKONDWERA;;"Verse 1
Ndimitima yokondwera
Mbuye wathu tiyamika.

Chorus
E, chifundo chake conse
Ndi cosatha nthawi zonse.

Verse 2
Dzina lake tibukitsa,
Mulungu ndiye yekhayekha.

Verse 3
Mphamvu yake inalenga,
Dziko lonse ndi kumwamba.

Verse 4
Anatsogolera kale
M'chipululu anthu ake.
Ndi cifundo atipenya,

Verse 5
M'Yerusalemu watsopano,
Simudzakhala za chisoni,
Simudzakhala zakulila,
Za imfa zonse zidzatha.

Verse 6
Mpulumutsi andirindira,
Wandikonzeratu malo,
Mtima wanga uyembekeza,
Ndilowemo mokondwera."
5609;NDINAPEZA BWENZI LANGA;;"Verse 1
Ndinapeza bwenzi langa,
dzina lace Yesu,
Apamban'anthu onse m'moyo mwanga;
Ndiye kakombo wa m'zigwa mwa iye ndiona Zonse ndisowa zakunditsukira.
Ngakhale mu cisoni, kapena m'zobvuta,
Ananyamula katundu wanga yense; alleluya!
Ndiye kakombo wa m'zigwa, nthanda yokomatu,
Apamban'anthu onse m'moyo mwanga;

Verse 2
Wanyamula masautso, cisoni canganso,
Ku mayeso andilanditsa ine;
Zoipa zonse ndasiya, mafano ndaswatu,
Lero  ndasungidwa ndi mphamvu yace.
Abwenzi akacoka, Satan' akayesa,
Mwa Yesu ndidzafika Kumwambako, Alleluya!
Apamban'anthu onse m'moyo mwanga;

Verse 3
Sadzandilephera konse pa dziko linotu,
Ndikakhala ndi cikhulupiriro;
Ndi moto amandizinga kuti ndingaope,
Ndi ""mana"" ace amandikhutitsa.
Ndikwela posacedwa kuona Mbu'yanga,
Ku mitsinje yamoyo kumwamba, Alleluya!
Ndiye kakombo wa m'zigwa, nthanda yokomatu,
Apamban'anthu onse m'moyo mwanga."
5655;Ndiwabwino;;"Ngomunotu Yesu Amasamala
Ndiwabwino Yesu Amati Sunga

Ngomunotu Yesu Ulatuyanda
Ngomunotu Yesu Ulatibamba

Wakanaka Jesu 
Anotisimbisa
Wakanaka Jesu 
Anotichengeta

Ndashaya Kudya 
Ndashaya Nguwo
Ndikapfugama 
Anondipa zvose";
6152;O, JESUS IS A ROCK;;"Yesu ndiye Mwamba nchini kavu,
 Nchi kavu, Nchi kavu;
 Yesu ndiye Mwamba nchini kavu,
 Ndiye Kimbilio letu.";;
6161;O, SAY BUT I'M GLAD;;"Verse 1
Ndiyimba ndi cimwemwe lero 
kale ndinalephera;
Wandicotsera Yesu Chimo,
O, aleluya.

Chorus
O, aleluya, O aleluya
Walowa Yesu mumtima mwanga,
O, aleluya.

Verse 2
Walowa ndi cikondi cace 
Mumtima Wacisoni,
Tsiku lonse ndirikuyimba, O, aleluya.

Verse 3
C'yanjano cathu ciri bwino
Kopotsa cina conse,
Kukhala ndi Yesu ndikondwadi,
O, aleluya."
6491;PA PHIRI KALELO;;"Verse 1
Pa phiri kalelo panaima mtanda,
Cizindikiro ca cisoni;
Ndikonda mtandawo pomwe wokondedwa anafera dziko lonseli.

Chorus
Tere ndikumbukira mtanda,
Mpaka ndigwetsa mtolo wanga;
Ndidzakangamira mtandawo,
Ndikusinthana ndi korona.

Verse 2
Mtandawo wakale wonyozeka m'dziko,
Ndidabwa nawo kwambiri;
Poti mwana nkhosa anacoka mwamba,
Kuusenza mpaka kalvari.

Verse 3
Mtandawo wakale wothiridwa mwazi,
Umandikomera ndithu;
Poti pa mtandapo Yesu anafera,
Kuti andiyeretse mbuu.

Verse 4
Mtandawo wakalendidzausungabe,
Ndi kusenza thonzo lace;
Mpaka tsiku lina adzandiitana,
Ku ulemelero wace."
6506;PAMTANDA MBUYE ANAFERA;Ab;"Verse 1
Pamtanda Mbuye anafera,
Ndinadzapo ndi chimo langa,
Pomwe mtimanga watsukidwa,
Ulemerero.

Chorus
Ulemerero 
Kwa dzina lake,
Pomwe mtima wanga watsukidwa,
Ulemerero.

Verse 2
Ndapulumuka modabwitsa,
Yesu analowa mumtima,
Pa mtanda anandilandira,
Ulemerero.

Verse 3
O chitsime chotsuka tchimo,
Ndikondwa kuti ndalowanso,
Momwe amandiyeretsamo,
Ulemerero.

Verse 4
Bwera ku chitsime chokoma,
Dzigwetsere pa phazi lake,
Lumphamo lero utsukidwe,
Ulemerero."
6530;PASI PANO;;"Pasi pano  padziko lochimwa,
Chuma chokwana ndiribe;
Pokomana ndi Yesu lowana,
Nthawireko kwa Ambuye.

CHORUS
Nthawireko, nthawireko
Kwa Mpulumupsi wa moyo,
Pofuna bwenzi potha moyowu,
Ntawireko kwa Ambuye.

Anansianga ali okoma,
Timayanjana bwinothu;
koma posowa mana amoyo,
Ntawireko kwa Ambuye.

M‘moyo uno Akristtu ndakonda,
Mawu a mulungo andikwana,
Koma poona dzanja la infa,
Ntawireko k wa Ambuye.
"
6541;Paulo Ndi Sila;;"Paulo ndi sila Anapemphera
Paulo ndi sila Anapemphera
Makomo a ndende Anatseguka
Makomo a ndende Anatseguka

CHORUS
Moyo wanga Moyo wanga
Moyo wanga Sangalala

Mukafuna kuyimba 
   Muyimbe ndi Yesu

Mukafuna kukondwa 
   Mukondwe ndi Yesu"
6614;POKUMBUKIRA MTANDAWO;F;"Verse 1
Pokumbukira mtandawo Ambuye 'nandiferapo;
Ndiyesa zingocepazo ndinazitama kalelo.

Verse 2
M'ndiletse, ndingatame 'I zacabe, koma imfayi;
Zijazo ndinakondazo ndazilekera mwaziwo.

Verse 3
Onani 'mmutu, m'manjanso mudzera nsoni m'mwazimo;
A! panalibe kalelo wondibvalira mingayo.

Verse 4
Cinkana dziko lonseli licepa ndithu m'tulowo;
Cikondico cagwirabe mtimanga, moyo, ndense 'ne."
6992;Salaumange Ndiwe Satani;;"1
SALAUMANGE NDIWE, SALAUMANGE
SALAUMANGE NDIWE SATANI X2

2
TIRIKUPITA KWATU, TIRIKUPITA
TIRIKUPITA KWATU KUMWAMBA X2

3
TIRIYARENDO IFE TIRIYARENDO
TIRIYARENDO IFE KWATUKO X2

4
SARA UVAKE WEGA, SARA UVAKE
SARA UVAKE WEGA SATANI X2

5
TIRI KUENDA KWEDU,TIRI KUENDA
TIRI KUENDA KWEDU KUDENGA X2

6
TIRI VAENZI PANO, TITI VAENZI
TIRI VAENZI PANO PANYIKA X2"
7004;Sanjeni - Come And Dine;;"Yesu wakosakome,
 lowa ndesa wojela
Aitana ntuose Sajeni
Ndimwana wajesa,
 sosowa wagasa
Kwabino kudandiyesu
Tawisonze

Chorus
Sajeni mbuye waitala Sajeni
Mude pakombela
 yesu Tawisonze
Anadesa kamulonze,
 nasa lusa masifinyo
Kwanjala itala Sajeni

Okusila anabwela,
 pakubvela kuitana
Ambuye akuitala Sajeni
Anabvesa sazowa,
 Katesomba pamoto
Akutisa hajala, Tawisonze

Opando mwana wangosa
Asatenga Kantibwi
Kamula Kumwanabalika kalako
Zikakala zopambana,
 Titsafala zoyela
NdiJesu tikudabwalo
 Mamuyaya";
7223;SING'ANGA 'MKURU NDIYE YESU;Eb;"Verse 1
Sing'anga 'mkuru ndiye Yesu, Mwana wa Mulungu;
Asangalatsa acisoni, ali wacifundo.

Chorus
Dzina la Yesu ndi lokoma,
Dzina la Yesu lipambana;
Dzina lace lakukonda,
Yesu, ndi Yesu.

Verse 2
Zoipa zakhululukidwa,
Yesu amatero;
Tiyende bwino m'njira yace, 
Tilowemo lero.

Verse 3
Nditama Nsembe ya Mulungu, 
Ndilandira Yesu;
Ndikonda dzinalo labwino,
Dzina lanu Yesu.

Verse 4
Akuru inu mbwere nonse,
Ana inu nomwe;
Ambuye akuitanani,
Bvomerani nonse."
7231;SING‟ANGA „MKULU;;"Sing‘anga ‗mkulu ndiye Yesu,
Mwana wa Mulungu,
Asangatsa achisoni,
Ali wa chifundo.

CHORUS
Dzina la Yesu ndi lokoma,
Dzina la Yesu  lipambana,
Dzina lake lakukonda,
Yesu, inde Yesu.

Zoipa zakhulukidha,
Yesu amatero;
Tiyende bwino m‘njira Yke,
Tilowemo lero.

Nditama nsembe ya Mulungu,
Ndilandira Yesu;
Ndikonda dzinalo labwino,
Dzina lanu, Yesu.
"
7239;SITAONA GIZA YESU AJAPO;;"Sitaona giza Yesu ajapo,
Sitaona giza Yesu ajapo;
Sitaona giza Yesu ajapo
Kunyakua watu wake.


Chorus
Kunyakua watu wake,
Kunyakua watu wake;
Sitaona giza Yesu ajapo
Kunyakua watu wake.


Sitafadhaika Yesu ajapo,
Sitafadhaika Yesu ajapo;
Sitafadhaika Yesu ajapo
Kunyakua watu wake.


Sitalia tena Yesu ajapo,
Sitalia tena Yesu ajapo;
Sitalia tena Yesu ajapo
Kunyakua watu wake.


Nitamkaribisha Yesu ajapo,
Nitamkaribisha Yesu ajapo;
Nitamkaribisha Yesu ajapo
Kunyakua watu wake.";;
7419;STEP BY STEP;;"Hatua, hatua,
Namwandama Yesu;
Po pote, saa zote,
Nimfuate Yesu.";;
7676;THANTHWE LONG'AMBIKATU;;"Verse 1
Thanthwe long'ambikatu, ndibisale momwemu!
Madzi ndipo mwaziwo, zotuluka m'nthitimo;
Zinditsuke m'tima mbuu!
Zindilimbikitsetu.

Verse 2
Nchito zanga zonsezi sizikondweretsa 'nu;
Ndikazigwiritsadi ndiklira nsonizi;
Zonse sizikwanazi koma Yesu yekhayo.

Verse 3
M'manja mwanga cabe bi, mtanda ndingogwiradi;
'Marisece mbveke 'ni ndiri ndekha, msunge 'ne;
Ndithawire m'mtsinjewo, munditsuke m'mtimamo.

Verse 4
M'moyo uno kunsiku pena ndimwaliritu;
M'mene ndidzakwerako tionane masowo;
Thanthwe long'ambikatu, ndibisale momwemu!"
7823;The Great Physician-chewa;;"Singanga mkulu ndiye Yesu.
Mwana wa Mulungu;
Asangalatsa achisoni,
Ali wachifundo.

chorus
Dzina la Yesu ndi lokoma,
Dzina la Yesu lipambama,
Dzina lake lekukonda,
Yesu inde Yesu.

Zoipa zakhululukidzwa,
Yesu amatero
Tiyende bwino m'njira yake,
Tilowemo lero

Nditama Nsembe ya Mulungu,
Ndilandira  Yesu:
Ndikonda ndinalo labwino,
Dzina lanu Yesu.

Akulu inu mbwere nonse
Ana inu nomwe
Amuye akuitanani
Bvomerani nonse"
8160;There's No One Like Jesus;;"There's no one, there's no one like Jesus
There's no one, there's no one like Him
There's no one, there's no one like Jesus
There's no one, there's no one like Him

I've searched all over, over, over
I've searched all over, over, over
I've searched all over, over, over
There's no one, there's no one like Him

Hakuna wakaita sa Yesu
Hakuna wakaita sa Yee
Hakuna wakaita sa Yesu
Hakuu hakuchina

Manya manya, kwese, kwese
Manya manya, kwese, kwese
Manya manya, kwese, kwese,
Hakuu hakuchina

There's no one, there's no one like Jesus
There's no one, there's no one like Him
There's no one, there's no one like Jesus
There's no one, there's no one like Him

I've searched all over, over, over
I've searched all over, over, over
I've searched all over, over, over
There's no one, there's no one like Him

Hakuna wakaita sa Yesu
Hakuna wakaita sa Yee
Hakuna wakaita sa Yesu
Hakuu hakuchina

Manya manya, kwese, kwese
Manya manya, kwese, kwese
Manya manya, kwese, kwese,
Hakuu hakuchina

Walang katulad si Hesus
Walang katulad si Hesus
Walang katulad si Hesus
Wala siyang katulad"
8303;Tili Ndi Mulungu;;"[Tili Ndi Yesu Amene Salephera] x3
[Amene  Salephera] x2
Nthawi Zonse"
8335;Tiri Ndi Mphamvu;;"Tigwirane manja,Tigwirizane
Adani athu onse,adzangwa pa mapanzi athu
Chomwe timange padziko
Chidzamangidwa kumwamba
Mu Dzina la Yesu,satana adzathawa

CHORUS
Tiri ndi Mphamvu,mu Dzina la Yesu
Tiri ndi Mphamvu,mu Dzina la Ambuye
Ngakhale satana akwiye sitingagonjetsedwe
Tiri ndi mphamvu,mu Dzina la Ambuye

Kwa zaka za mbirino
Satana wati atilepheretse
Koma mkwatibwi wa Yesu
Ambuye,ali ndi moyobe
Monga asirikali amphamvu
Tingoguba chamtsogolo
Kugonyetsa mu nkhondo zonse
(POTI)Ambuye ali mbali yathu

Give me your hand
Lets agree together
Then all of our enemies
Will crumble at our feet
For what ever we bind on earth
Shall be bound in Heaven
At the Name of Jesus
Satan has to flee

Chorus
We've got the power
In the Name of Jesus
We've got the power
In the Name of the Lord
Though satan rages
We can not be defeated
We've got the power
In the Name of the Lord

For many years now
Satan's tried to stop us
But the Bride of Jesus
Lord we are still alive
Like a mighty army
We keep marching onwards
Winning every battle
For the Lord is on our side
"
8452;TUKUTENDEREZA YESU;;"Tukutendereza, yesu
Yesu oli mwana gw'endiga;
omusayi gwo gunnaazizza
nebaza, omulokozi"
8454;Tumini;;"Verse 1
Amulange basimbi
Mbubakapenda tumala
Amulange basimbi
Mbubakasama tumini
Tabazi kuti balijisi
Kazunda boonse bayomana
Mbuliswi mukazambala.

Chorus
Alicibi, Alicibi
Kuyoba kunyonyoka x2

Verse 2
Amulange matata,
Mbubakasama tushoti
Amulange matata,
Mbubakagelwa tudino
Tabazi kuti balijisi
Kazunda boonse bayomana
Mbuliswi mukazambala.

Verse 3
Amulange mamama
Mbubakapemwa tususu,
Amulange mamama
Mbubakasama tujini,
Tabazi kuti balijisi
kazunda boonse bayomana
Mbuliswi mukazambala.

Verse 4
Nikuba ndiwe,
Nikuba ndime
Nikuba ndiwe,
Toonse tiyonyonyo"
8470;twatotela;;"twatotela yesu
twatotela yesu

twatotela 
twatotela yesu
twatotela yesu
twatotela yesu

mwali wama
mwali wama

twayitula yesu
twayitula yesu

twayitula yesu
twayitula yesu"
8490;UJE KUTOKA DHAMBINI;;"Uje kutoka dhambini,
 Jifiche damuni mwa Yesu;
 Uje atakukubali,
 Jifiche damuni mwa Yesu.

Chorus
 Jifiche damuni
 Ukiona hatari,
 Jifiche damuni,
 Ukiona hatari.


 Uje kwake kwa salama,
 Jifiche damuni mwa Yesu;
 Uje kupata uzima,
 Jifiche damuni mwa Yesu.


 Uje kupata msamaha,
 Jifiche damuni mwa Yesu;
 Uje kuona furaha,
 Jifiche damuni mwa Yesu.";;
8497;UKAPENYA KWA YESU;;"Verse 1
Ukapenya kwa Yesu uliko moyoko,
Inde moyo tsopano panotu,
Wolakwira upenye kwa Yesu Mbuyeyo,
Pa mombolo naferatu we.

Chorus
Ona! Ona! Onatu!
Kuli moyo kwa yense openya Yesuyo,
Wakuferatu pamtandapo.

Verse 2
Anasenza pa bwanji ucimo wonsewo,
Ngati wako pa Yesu sulip,
Bwanji mwazi wataya kutsuka ifetu,
Ngati uwu sutikwanako?

Verse 3
Zilepheladi zonse kugula moyowo,
Koma mwazi wa Yesu Mbuyeyo
Khulupira mwa mphamvu za Mulungu
Wathuzi,
Kuyeretsa 'we m'mtima, komo.

Verse 4
Anathera pa mtanda zintchito zonsezi,
Zoombola mizimu yathuyo,
Ndipo yense akadze mokondwa kondwadi,
Moyo apeza kwa Yesuko."
8511;UMECHOKA, UMESHUSHWA MOYO;;"Umechoka, umeshushwa moyo?
Mwambie Yesu, mwambie Yesu;
Una huzuni, huna furaha?
Mwambie Yesu sasa.


Chorus
Mwambie Yesu, mwambie Yesu,
Amejulika sana;
Hayuko rafiki kama Yesu,
Mwambie Yesu sasa.


Unalia juu ya haja zako?
Mwambie Yesu, mwambie Yesu;
Mbona wazificha dhambi zako?
Mwanibie Yesu sasa.


Waogopa? Usihuzunike,
MwambieYesu, mwambie Yesu;
Una hofu kwa mambo ya mbele?
Mwambie Yesu sasa.


Waogopa uwazapo kifo?
Mwambie Yesu, mwambie Yesu;
Wautamani ufalme wake?
Mwamble Yesu sasa.";;
8522;UNA NAFASI KWA YESU?;;"Una nafasi kwa Yesu?
Aliyeondoa dhambi;
Abishapo mlango wako,
Umkaribishe ndani.


chorus
Nafasi kwa Mfalme Yesu,
Neno lake ulitii;
Ufungue moyo wako,
Aingie moyoni.


Anasa ina nafasi,
Bali Yesu hawezi;
Kuingia moyo wako,
Mbona wewe humpendi?


Una nafasi kwa Yesu?
Leo akikuita
Usimkatae, mwenzangu,
Ni bora kumwitika.";;
8595;UWE HURU KUTOKA DHAMBINI;;"Uwe huru kutoka dhambini,
Uko uwezo wa ajabu;
Juu ya uovu uwe mshindi,
Damuni mwa Mwana-Kondoo.


Chorus
Uwezo wa ajabu ndimo
Damuni mwa Yesu,
Uwezo wa ajabu ndimo
Damuni mwa Mwana-Kondoo.


Uwe huru juu ya tamaa yako;
Uko uwezo wa ajabu;
Njoo, utakaswe katika mto,
Damuni mwa Mwana-Kondoo.


Uwe mwenye moyo safi mno,
Uko uwezo wa ajabu;
Alama itoke kwa uwezo,
Damuni mwa Mwana-Kondoo.


Ufanye kazi kwa Mfalme Yesu,
Uko uwezo wa ajabu;
Uishi dainia kumsifu,
Damuni mwa Mwana-Kondoo.";;
8755;Wandipambanitsa Ambuye;;"Wandipambanitsa Ambuye
Ambuye wabwino
Wandipambanitsa Ambuye

Wandipambanitsa-(Wandigonera)
Wandimenyela nkhondo-(Wandirwira hondo)
Wandigonjetsela-(He has made me an overcomer)
"
8973;We've Got The Power;;"Give me your hand
Lets agree together
Then all of our enemies
Will crumble at our feet
For whatever we bind on earth
Shall be bound in Heaven
At the Name of Jesus
Satan has to flee

Chorus
We've got the power
In the Name of Jesus
We've got the power
In the Name of the Lord
Though Satan rages
We cannot be defeated
We've got the power
In the Name of the Lord

For many years now
satan tried to stop us
But the Bride of Jesus
Lord we are still alive
Like a mighty army
We keep marching onwards
Winning every battle
For the Lord is on our side

Tigwirane manja,Tigwirizane
Adani athu onse,adzangwa pa mapanzi athu
Chomwe timange padziko
Chidzamangidwa kumwamba
Mu Dzina la Yesu,satana adzathawa

CHORUS
Tiri ndi Mphamvu,mu Dzina la Yesu
Tiri ndi Mphamvu,mu Dzina la Ambuye
Ngakhale satana akwiye sitingagonjetsedwe
Tiri ndi mphamvu,mu Dzina la Ambuye

Kwa zaka za mbirino
Satana wati atilepheretse
Koma mkwatibwi wa Yesu
Ambuye,ali ndi moyobe
Monga asirikali amphamvu
Tingoguba chamtsogolo
Kugonyetsa mu nkhondo zonse
(POTI)Ambuye ali mbali yathu

I've got the power
In the Name of Jesus
I've got the power
In the Name of the Lord
Though satan rages
I cannot be defeated
I've got the power
In the Name of the Lord
"
9309;WINA ATIKONDA IFE;;"Verse 1
Wina atikonda ife bwenzi lathu ndiyeyu,
Atifunafuna ife, inde, nthawi zonsetu.

Chorus
Chikondano chakechi 
Nchachikulu-kuludi.

Verse 2
Ndani mwa abale athu
Akanatifera fe?
Koma Yesu m'malo mwathu
Anapacikidwatu.

Verse 3
Anam'nyoza pansi pano bwenzi la ocimwawo,
Mu ulemerero wake alikonda dzinali.

Verse 4
Kodi tipirira 'bale nazo timamsautsa 'ye?
Koma bwenzi lathu Yesu atikonda-kondatu.

Verse 5
Mtiphunzitse, Mbuye Yesu tikondane nanutu,
Tisaiwalire konse bwenzi lathu ndinutu."
9338;Wocimwa Iwe Bweratu;;"Wocimwa iwe, bweratu
Kwa Yesu Mbuyeyo;
Atero Iye, pumatu,
Umvere mauwo

Chorus
Khulupira mau onse a Mbuyathuyo
Uli nao pakumvera, inde moyowo.

Ambuye Yesu anatsira
Mwazi wake pyu,
Ubire m'mwazi womwewo,
Uyereyere mbuu.

Wamoyo ndiye Yesudi,
Nzoona zakezo,
Akhala Iye njiratu
Yofika m'Mwambamo.

Tiyeni tonse, tinkeko
Ulendo wakewo,
Ku dziko lake m'Mwambamo,
Tikhale nayeko."
9400;Yathano - Long Ago - Chewa;;"M'zaka Zapitha Zo Mubhuku Lam'mwamba
Inalimo NgongoleYazoipa zanga
Ndimo Dzina Langa, Lina Lembedwa Mo
Ndinadza Kwaolemba Ndakonza Yathano

Chorus
Yathano, yathano
Ngongole Yazoipa Yathano
Yesu wafafaniza potsuka M'thina wanga
Analipira ngongole Yathano

Ngo Ngole Inakula Tsiku Ndi Tsiku
Pakuti Ndinka Chimwa Osalipiratu
Koma Poyang'ana Zowawa M'tsogolo
Ndati Ndizilipira Ndakonza Yathano

Pamene Ndifika Pampando Wa Mbuye
Iye Adzatsegula Bukhu Langole
Ngati Aonamo Zangazo Zathamo
Ndati Ndiziripira Ndakonza Yathano

Wochimwa Bweratu Ulape M'timamo
Kuti Ngo Ngole Ithe Ugwade Tsopano
Ukakhala Moyo Nkana Zaka Zana
Sudzachita Chisoni Wakonza Yathano"
9436;Yesu Adza Kuwerenga;;"Yesu adza kuwerenga
Ana ake abwino
Ndi kubvala zacifumu
Zowalazo mbe!

Chorus
Ana ake angonga
Nyenyezi zam'mwamba,
Adzawala m'Ufumu
Wa Mbuye Yesu.

Yesu adza kukundika
Ana ake ankhosa,
Ndiye Mbusa wakufatsa,
Awakonda onse.

Kudzacera tsiku lijalo
Msangatu msanga.
Adzawala ana ake
A Mbuye Yesu






"
9440;YESU AKWITA CHANENA CHUO;;"Yesu akita, chaneno Chuo
Uje leo, uje Leo;
Kwani kusita? Akwita, Njoo;
Unatanga upeo;


Chorus
Hwita leo, hwita leo.
Yesu akwita: Kwa pole
 akwita leo.

Waliochoka, wapumzike,
Hwitwa leo, hwitwa leo:
Wenye mizigo, wakamtweke,
Wapate mapumuo.


Anakungoja, uliye yote,
Uje leo, Uje leo;
Uliyekosa, usijifiche:
Woshwe, uvikwe nguo.


Yesu asihi wakawiao,
Waje leo, waje leo.
Watafurahi waaminio;
Usije kwani? Njoo.";;
9459;YESU MUNDISUNGETU;;"Verse 1
Yesu mundisungetu pafupi ndi mtanda,
Pomwe mtsinje ugwera wociritsa anthu.

Chorus
Mu mtanda, mu mtanda, ndidzitamandire,
Mpaka moyo upuma tsidyalo la mtsinje.

Verse 2
Pa mtanda moyo wanga wapeza cifundo,
Pomwe nthanda iwala indiunikira

Verse 3
Pa mtanda, Mulungu wanga, ndipakumbukire
Nd'yende tsiku ndi tsiku m'mthunzi wace momwe.

Verse 4
Pa mtanda ndidikire, ndikhulupirire,
Mpaka tikomanako tsidyalo la mtsinje."
9463;YESU NDI WANGA;Eb;"Verse 1
Yesu ndiwanga ndidziwatu;
Tsiku ndi tsiku ndikondwadi;
Anandigula ndi mwaziwo,
Anandipatsa mzimu wake.

Chorus
Nyimbo yomweyi ndimyimbira,
Yesu ndimtama tsiku lonse;
Nyimbo yomweyi ndimyimbira,
Yesu ndimtama tsiku lonse.

Verse 2
N'kamvera Yesu ndikondwatu,
Ndiyang'anitsa nkhope yake
Ndipo Angelo apatsa 'ne,
Zokoma zake za Mbuyeyo.

Verse 3
Ndine kapolo wa Mbuyeyo;
Andigwiritsa nchito zake;
Ndiyembekeza abweranso,
Adzanditenga kumwambako"
9471;YESU U KONA NAMUNTLHA;;"Yesu o kona namuntlha,
Namuntlha, namuntlha,
Yesu o kona namuntlha,
O ta ku pfuna sweswi."
9599;YU MWAMBA;;"Yu Mwamba Yesu Yu Mwamba (x3)
Yeye aliye juu Yu Mwamba.

Atupenda Yesu Atupenda....
Atujali Yesu Atujali....."
9612;ZIKOMO AMBUYE YESU;;"Verse 1
Zikomo Ambuye Yesu,
Zikomo Ambuye Yesu,
Zikomo Ambuye Yesu,
Zikomo Ambuye Yesu.

Verse 2
Nsinga anadula,
Nsinga anadula,
Nsinga anadula,
Nsinga anadula.

Verse 3
Imfa nagonjetsa,
Imfa nagonjesta,
Imfa nagonjesta,
Imfa nagonjetsa.

Verse 4
Tiimbe Alleluya
Tiimbe Alleluya,
Tiimbe Aleluya,
Tiimbe Aleluya.

Iye ndiye Moyo. x 3

Satana alephela. X 3"
2200;Hear Thy Welcome Voice-chewa;;"Yesu and'itana,
Adzandiyeretsa
Ndi mwazi wake wokhetsa
Pa phiri Gologota.

Chorus
Ndilikudzatu,
Ndidza kwa Inu;
Munditsuke m'mtimawo
Ndi mwazi wanuwo.

Ndafoka, ndaipa,
Mundilimbitsetu;
Mundiyeretse konseko,
Ndiyereyere mbuu.
Atero ndaniyo?
Ndi Yesu wabwino;
Apatsa mvanu, mtendere,
Ndi mphamvu m'mtimamo.

Yesu akhazika
Zonse za m'katimo,
Nalonga Mzimu Woyera
Munafoipamo.

Nditama mwaziwo!
Nditama chifundo!
Nditama Yesu Ambuye,
Nditenga mphamvu 'ko."
5286;Mutima Uange, Hinduka;;"Mutima uange,hinduka
Sansela njambi Yehova
Ua njohielele ku lamba
Na nji hie muono ua vuana

Chorus
Muono ka uhu na nji hie
Ku-ohela Ceni na ngozi
Njika mu lemesa lelo
Na nji hie muono ua vuana

Laza nja kele ku laako
Na Muyoyesi Kilistu;
Vunoni nji li ku ovoka,
Na nji hie muono ua vuana.

Enu vakuetu, tuayenu,
Yesu na tsililile
Na ngozi Yeni ka i hu
Muono ua Yesu ua vuana";
5291;MWADZERA KWA YESU;Ab;"Verse 1
Mwadzera kwa Yesu kudzatsukidwa?
Kodi mwasamba m'mwazi wace?
Mukhulupirira cisomo cace?
Kodi mwasamba m'mwazi Wace?

CHORUS
Kodi mwasambamo m'mwaziwo
Wa mwanawankhosa?
Zobvala nzoyenera, zopanda banga?
Kodi mwasamba m'mwazi Wace?

Verse 2
Mwayenda pamodzi ndi mpulumutsi?
Kodi mwasamba m'mwazi Wace?
Mwatsamira mwa wopacikidwayo?
Kodi mwasamba m'mwazi Wace?

Verse 3
Podza mkwati nsaru zanu ziyere,
Kodi mwasamba m'mwazi Wace?
Moyo wanu ukonzekere mwamba?
Kodi mwasamba m'mwazi Wace?

Verse 4
Taya  nsaru zodetsedwa ndi chimo,
Kodi mwasamba m'mwazi Wace?
Kuli citseme cotsukira m'moyo
Usambe m'mwazi wa Yesuyo."
5579;NDI ALELUYA YIMBIRANI;;"Verse 1
Ndi aleluya yimbirani Tate wathu
Wakumwamba, analenga zonse,
Cifundo cace cacikulu, nzeru, mpahmvu
Ndi Ufumu, tiyamike tonse.
Ndi aleluya yimbirani Yesu Kristu
Mpulumutsi, adacoka kwao,
Nakhala munthu pansi pano, nasauka,
Natifera, natis'ira mau.

Verse 2
Ndi aleluya yimbirani Mzimu wace
Wakuyera, amakhala nafe,
Atilangiza za Mulungu, nayeretsanso
Mitima ya aKristu ife.

Verse 3
Mulungu wathu tiyamika, 'Tate, Mwana
Mzimu yemwe, aleluya inu,
Woyera inu ndi mphamvu, muyenera
Anthu onse agwadire inu."
5868;Nji Sangala Vene - Namibia;;"Nji sangala vene,
Va nji tambeka nguavo,
Iza ku ndzivo ya tata;
Tu zive luhande
Lua njambi kalunga;
Va tava va ka hetako.

Siono limbo liendi,
Va li tungile vuino,
Ku tsimana ku vifutu;
Njambi va mu lemesa
ku cituamo ca kama;
Va tava va ka vezika.

Li kala lia livua,
Limbo lia yehova,
Na ndzivo ya ku vundila;
Noho tu ka uano
Vusoko vua cili;
Mutima uange u hiangako";
7635;Thandizo Langa Lizera Kwa Yehova(my Help Comes Fro;;"Ndikweza maso anga kumapiri
Thandizo langa lizera kwa Yehova
Thandizo langa X2
Thandizo langa lizera kwa Yehova

Ndikweza maso anga kumapiri
Pemphero langa-(My prayers)
Manyanko anga-(My answers)
Chimwemwe changa-(My happiness)
Azera kwa Yehova-(Comes from the Lord)"
9420;Yehova Mbusa Wanga - Jehovha Mufudzi Wangu;;"Yehova mbusa wanga di,
Ndilibe kusowa
Andigonetsa bwinoli
Mumsipu wokoma x2

Chakudya changa chabwino
Mwandikonzera pha !
Pamaso pa adaniwo
Mudyetsa mtimanga x2

Mwadzoza mutu wanga ndi
Mafuta okoma
Madzaza chiko changadi
Inde chisefuka x2

Zokoma zakuuyanga
Zinthawi zatsako
Ndikhala m'nyumba yamulungu
Ku nthawi zonsezo x2

Anogadzira tafura
Mberi kwemhandu dzangu
Ndizvozvo mukombe wangu
Wazara ngemafuta x2";
9448;YESU BWENZI LA OCIMWA;;"Verse 1
Yesu bwenzi la ocimwa,
Yesu wondikondabe,
Ena samandikwarina, 
Yesu salephera 'i.

Verse 2
Aleluya, Mpulumutsi! Aleluya, 
Bwenzilo!
Amakonda, amasunga; 
Ndimufuna Yesuyo.

Verse 3
Yesu ndiye mphamvu yanga,
Andilimbiktsatu;
Poyesedwa ndi adani,
Andipabanitsadi.

Verse 4
Yesu ndiye Mtsogoleri
Pakuyenda m'njiramo;
Ndipo ndikafuna kugwa
Andigwira dzanjalo.

Verse 5
Yesu ndimafuna inu,
Mwapambana zonsezo;
Mlamulire mtima wanga,
Mndikhalitse wanutu."
