135;Ako'y binago niya;A;"Nung una, ang akala ko
Ang buhay ko ay di na magbabago
At kahit, ano pang gawin
Ako'y bumabalik sa maling gawain

Marami na akong sinubukan
Kung sino-sinong nilapitan
Nang halos Ako ay sumuko na
Si Hesus ay nakilala... 

Ang aking Buhay ay binago Niya
Magmula nang ako'y magpasya
Sa ating puso'y pag hariin Siya
Anong himala, Ako'y nag-iba

Kasalanan ko ay pinatawad
Ginawang Anak Niya
Sa langit pupunta
O Kaybuti ng Diyos at ako'y binago Niya

Lumipas ang mga taon
Lalong naging tapat ang Panginoon
Sa aking mga pagkukulang
Siya ang nagtutuwid sa aking daan

Kung iisipin ko lamang
Sa kahapon ko siya ang kulang
Sa aking mga kailangan
Higit Siya sa sino pa man

Ang aking Buhay ay binago Niya
Magmula nang ako'y magpasya
Sa ating puso'y pag hariin Siya
Anong himala, Ako'y nag-iba

Kasalanan ko ay pinatawad
Ginawang Anak Niya
Sa langit pupunta
O Kaybuti ng Diyos at ako'y binago Niya"
236;Amache oreng'ung';;"Amache oreng'ung'
Agot ngo mi nyalil.
'Ngomuta e-ung'ung'
Amu a lakweng'ung'.

Agot ngo uui oret
Amache mageng'ung';
Anan ngo nyamnyum kot
Abaibai asibun.

Maganye awo tai
Ngo meborua oret.
I-ng'ang'wa mageng'ung'
Asi Ko machiliil.

Lewenwa orennyu
Koboto choronok.
Baiywa eng' boisienyu
I Bo-unindennyu.

Indoiywa kotugul;
Amite e-ung'ung'
I Kando-indennyu
kota amite ng'ony."
239;Amang Banal;;"Amang Banal
Luha ko'y pinapawi mo na Oh Dios
Amang Banal
Kagalakan ko Sayo'y lubos lubos
Amang Banal"
294;Ang Awit Ko/ My Song;;"Sa aking pag-iisa 
ay naaalala Ka
Ang kalooban Mo 
ay binubulay ko
Magpupuri sa Iyo 
di lang sa awit kong ito
Itakwil man ako 
ng mundong ito

Panginoon, 
Narito ang puso kong bukas
Ba't ako maglilihim sa Iyo
Batid Mo ang lahat sa buhay ko
Kaluluwa ko, lagi nang naghahanap sa Iyo
Ang tanging hangad ng puso ko
Ay paglingkuran Ka.

Aking itataas 
Ang Ngalan Mo Hesus
Pagka't dakila Ka, 
di ka nag-iiba
Kaluwalhatian mo 
ay sapat sa buhay ko
Itakwil man ako 
ng mundong ito

Panginoon, 
Narito ang puso kong bukas
Ba't ako maglilihim sa Iyo
Batid Mo ang lahat sa buhay ko
Kaluluwa ko, lagi nang naghahanap sa Iyo
Ang tanging hangad ng puso ko
Ay paglingkuran Ka.

Oh Lord my God
Won't You look into my open heart
I can never never hide from You
You know me so well
You know my life
Take all of me, Lord
I commit my very soul to You
And whatever I say and do 
Glorify Your name"
295;Ang Tanging  Alay Ko;;"Salamat sa Iyo, 
aking Panginoong Hesus
Ako'y inibig Mo, 
at inangking lubos

Ang tanging alay ko sa Iyo aking Ama
Ang buong buhay ko, puso't kaluluwa
Di ko makayanang makapagkaloob
Mamahaling hiyas, ni gintong nilukob
Ang tanging dalangin O Diyos ay tanggapin
Ang tanging alay ko nawa ay gamitin
Ito lamang Ama wala nang iba pa 
Akong hinihiling.

Di ko akalain 
ako ay binigyang pansin
Ang taong tulad ko'y 
di dapat mahalin

Ang tanging alay ko sa Iyo aking Ama
Ang buong buhay ko, puso't kaluluwa
Ai ko makayanang makapagkaloob
Mamahaling hiyas, ni gintong nilukob
Ang tanging dalangin O Diyos ay tanggapin
Ang tanging alay ko nawa ay gamitin
Ito lamang Ama wala nang iba pa 
Akong hinihiling.

Aking hinihintay 
ang Iyong pagbabalik Hesus
Ang makapiling Ka'y 
kagalakang lubos.

Ang tanging alay ko sa Iyo aking Ama
Ang buong buhay ko, puso't kaluluwa
Ai ko makayanang makapagkaloob
Mamahaling hiyas, ni gintong nilukob
Ang tanging dalangin O Diyos ay tanggapin
Ang tanging alay ko nawa ay gamitin
Ito lamang Ama wala nang iba pa 
Akong hinihiling."
343;Araw ng kaligtasan;;"Sa ano ka nabubuhay, mahal na kaibigan
Sa Diyos ba o sa pansarili lamang?
Saan ka patungo sa langit o impierno
Isipin mo ito kaibigan ko

Ngayon ang araw ng kaligtasan mo, kaibigan ko
Maaaring ang bukas ay di na darating
Buhay mo'y madaling lilipas at mag wawakas
kaligtasan ay nasa Diyos lamang

Ika'y naging tao, mahal na kaibigan
Upang maglingkod sa Diyos lamang
Hanapin mo ang daan, tungo sa kaligtasan
Makamtan ang buhay na walang hanggan

Ngayon ang araw ng kaligtasan mo, kaibigan ko
Maaaring ang bukas ay di na darating
Buhay mo'y madaling lilipas at mag wawakas
kaligtasan ay nasa Diyos lamang

Magpasya ka ngayon habang may panahon
Alinlanga'y pawiin mo ngayon
Huwag kang magpaliban
Huwag kang mag-alangan
Pinto ng iyong puso ay buksan

Ngayon ang araw ng kaligtasan mo, kaibigan ko
Maaaring ang bukas ay di na darating
Buhay mo'y madaling lilipas at mag wawakas
kaligtasan ay nasa Diyos lamang"
439;Awit ng Pasasalamat;;"Kaybuti ng Panginoon
Ang tulad ko'y binigyan N'ya ng buhay
Napuno ng kulay
Wala na akong mahihiling
Dahil sa handog Niyang walang katulad,
Na mga magulang

Kapag ako'y nalulumbay, 
handa akong kalingain
Kapag ako'y nagkukulang, 
unawa ang laan sa'kin

Salamat sa Panginoon 'pagkat binigyan N'ya ako 
Ng mga magulang na lubos lubos ang pagsinta
Kutulad ng Pag-ibig ni Hesus 
sa mundong ito
Salamat Oh Panginoon para sa aking 
Ama't Ina.

Purihin ang Panginoon
Sa buhay ng aking mga magulang 
'di Sya nagkulang
Dahil sa kanilang buhay 
Ang aral ni Hesus ay natutunan, 
ipinamuhay

Kaya't sa aking pagtanda, 
ang aral ay dala dala
Ang bilin ni Ama't Ina 
sa puso'y iuukit na.

Salamat sa Panginoon 'pagkat binigyan N'ya ako 
Ng mga magulang na lubos lubos ang pagsinta
Kutulad ng Pag-ibig ni Hesus 
sa mundong ito
Salamat Oh Panginoon para sa aking 
Ama't Ina."
460;Babad sa Presensya Mo;;"Kay sarap sarap pa rin sa Iyo Panginoon
Ang mga pagpapala Mo ay lubus lubos
Minsan ang aming kaawa'y
Pilit na tinatangay ang damdamin
At sa aming pagpupuri
Ako'y lubos...
na nagtagumpay

Ang kailangan lang ay
Babad sa presensya mo
Babad sa Iyong salita
Babad ang sikreto ko
Kung bakit ako masaya
Babad sa presensya mo
Babad sa Iyong salita
Tulad ng isang usa
ako'y laging uhaw sayo

Mahal na mahal kita Panginoon (2x)
Kailanma'y di kita ipagpapalit
Pagka't sa piling mo'y langit
Mahal na mahal kita Panginoon.

Habang buhay, papupurihan ka
Habambuhay, maglilingkod sa'yo
Habang buhay, papuri ko'y sayo'y iaalay"
467;Bagong Damit;;"Dito pa lang sa mundong ito
Ay kailangan na ng pagbabago
Kung ninanais mong marating ang langit
Ay magbihis ka na ng bagong damit
Damit na mayroong kabanalan
At di kilanman dapat na dungisan
Ng salot at putik ng sanlibutan
Na tinatawag na kasalanan

Tanging doon sa ninanais mong
Pupuntahang paraiso
Di tulad ito kung ihahambing mo
Sa tinitirhan nating mundo
Malinis duon ang kapaligiran
Magkakapatid doon ang turingan
At doon nananahan ang kapayapaan
At ang buhay na walang hangganan

Kaya't dito pa lang sa mundong ito
Ayusin mo na ang buhay mo
Itakwil na ang mga dating bisyo
Alak, sugal at sigarilyo, wooowoo
Isuko mo na ang sarili mo
Sa Kanya na nagbigay ng buhay mo
Kung ninanais mong marating ang langit
Ay magbihis ka ng bagong damit

Tanging doon sa ninanais mong
Pupuntahang paraiso
Di tulad ito kung ihahambing mo
Sa tinitirhan nating mundo
Malinis duon ang kapaligiran
Magkakapatid doon ang turingan
At doon nananahan ang kapayapaan
At ang buhay na walang hangganan

Kaya't dito pa lang sa mundong ito
Ayusin mo na ang buhay mo
Itakwil na ang mga dating bisyo
Alak, sugal at sigarilyo, wooowoo
Isuko mo na ang sarili mo
Sa Kanya na nagbigay ng buhay mo
Kung ninanais mong marating ang langit
Ay magbihis ka ng bagong damit
Bagong dami--iit, ha ah aha, (2x) bagong damit"
469;Bakit nga ba?;;"Bakit nga ba pinupuri Kita?
bakit nga ba sinasamba ka?
bakit nga ba pinaglilingkuran?
at bakit pinasasalamatan?

Nais ko'y ibigin Ka
hindi dahil sa pagpapala
Ang nais ko'y ibigin Ka
hindi dahil sa himala
nais ko'y ibigin Ka
dahil sa Ikaw ay Ikaw
Mahal kita oh Dios walang iba

Sa buhay ko Ikaw lang talaga
Mamahalin bibigyang halaga
Buhay kong magulo ay
Iyong binago 
Kaya't sa Iyo ito'y alay ko

Nais ko'y ibigin Ka
hindi dahil sa pagpapala
nais ko'y ibigin Ka
hindi dahil sa himala
nais ko'y ibigin Ka
dahil sa Ikaw ay Ikaw
Mahal kita oh Dios walang iba"
472;Banal na Tahanan;C / G;"Ang puso ko'y 
dumudulog sa Iyo
Nagpapakumbaba't 
nagsusumamo
Paging dapatin mong 
Ikaw ay mamasdan
Makaniig Ka at sa Iyo ay pumisan

Ang puso ko'y 
dumudulog sa Iyo
Nagpapakumbaba't 
nagsusumamo
Paging dapatin mong 
Ikaw ay mamasdan
Makaniig Ka at sa Iyo ay pumisan

Loobin mo ang buhay ko'y 
maging banal mong tahanan
luklukan ng iyong wagas na pagsinta
daluyan ng walang hanggang 
mga papuri't pagsamba
maghari ka O Diyos 
ngayon at kailan man

Ang puso ko'y 
dumudulog sa Iyo
Nagpapakumbaba't 
nagsusumamo
Paging dapatin mong 
Ikaw ay mamasdan
Makaniig Ka at 
sa Iyo ay pumisan

Loobin mo ang buhay ko'y 
maging banal mong tahanan
luklukan ng iyong 
wagas na pagsinta
daluyan ng walang hanggang 
mga papuri't pagsamba
maghari ka O Diyos 
ngayon at kailan man"
612;Biyaya Nya'y sapat;;"isip ko'y namamangha sa pagpapala Mo
at sa biyayang sapat sa kahinaan ko
araw araw, o Hesus sa lahat ng dako
biyaya Mo ay namamalas ko

isip ko'y namamangha sa pagpapala Mo
at sa biyayang sapat sa kahinaan ko
araw araw, o Hesus sa lahat ng dako
biyaya Mo ay namamalas ko

biyaya Mo'y sapat sa pangangailangan ng lahat
Pag ibig Mo'y  wagas kailan man di magwawakas
buong mundo may maghirap
pagpapala Mo'y laging sapat
dapat nga lang makilala Ka ng lahat

lagi akong umaasa sa mga pangako Mo 
na sa'kin ka at ako'y di na mangangamba
tutugunin lagi lahat ng suliranin ko
pati na ang hangarin ng pusong ito

biyaya Mo'y sapat sa pangangailangan ng lahat
Pag ibig Mo'y  wagas kailan man di magwawakas
buong mundo may maghirap
pagpapala Mo'y laging sapat
dapat nga lang makilala Ka ng lahat"
717;Buhay Mo, Buhay Ko;;"Nais mo mang dugtungan
Wala ka ring magagawa
Nais mo mang kitilin
Ito'y lalong kasalanan
Nais mo mang hawakan
Nang wala'ng patnubay Niya
Ngunit ang katotohanan
Wala ka ring magagawa

Iyan ang buhay mo, Iyan ang buhay ko
Buhay na ipinagkaloob ng Diyos sa iyo
Siya ang nagbigay at Siya lang
ang may karapatan
Na bawiin mula sa iyo ang hiniram mo lang (3x)

Ibig mo mang magtampo
Hinding-hindi Siya susuko
Pagkat alam na alam Niya
Ang kahihinatnan mo
Kung di ka sa langit
Saan ka patungo?
Iyan ang dapat mong isipin O tao

Iyan ang buhay mo, Iyan ang buhay ko
Buhay na ipinagkaloob ng Diyos sa iyo
Siya ang nagbigay at Siya lang
ang may karapatan
Na bawiin mula sa iyo ang hiniram mo lang

Makamtan mo man ang lahat
Ng iyong nanaisin
Kung wala naman sa iyo ang
Panginoon natin
Darating din ang araw
Na pagsisisihan mo
Kung ano ang naging buhay mo
Sa mundong ito

Iyan ang buhay mo, Iyan ang buhay ko
Buhay na ipinagkaloob ng Diyos sa iyo
Siya ang nagbigay at Siya lang
ang may karapatan
Na bawiin mula sa iyo ang hiniram mo lang
Na bawiin mula sa iyo ang hiniram mo lang"
1068;Dahil sinabi mo;C;"Walang hanganan hindi magbabago
Kaylan man sa habang panahon
Ang iyong salita Panginoon

Mga halaman ay natuyo
Langit at lupa ay maglalaho
Ngunit tapat lahat ang sinabi mo

Karamdaman ko ay mapapawi
Suliranin ko ay magagapi
Kalayaan mararanasan ko
Dahil sinabi mo

Kasalanan ko ay patatawarin
Panalangin ko ay iyong didingin
Ang pagtitiwala ko sayo 
Dahl sinabi mo 
dahil sinabi mo

Walang hanganan hindi magbabago
Kaylan man sa habang panahon
Ang iyong salita Panginoon

Mga halaman ay natuyo
Langit at lupa ay maglalaho
Ngunit tapat lahat ang sinabi mo

Karamdaman ko ay mapapawi
Suliranin ko ay magagapi
Kalayaan mararanasan ko
Dahil sinabi mo

Kasalanan ko ay patatawarin
Panalangin ko ay iyong didingin
Ang pagtitiwala ko sayo 
Dahl sinabi mo 
dahil sinabi mo"
1071;Dakila ang Panginoon;;"Dakila ang Panginoon
Laging handang tumulong
Huwag lamang mag-alinlangan
Ibibigay lahat ng kailangan

Ang dapat lang nating gawin
Lagi taung manalangin
Araw gabi siya purihin
Lahat ng utos ay sundin

Talikdan ang kasalanan
Mamuhay sa kabanalan
Mga bisyo't kalayawan
Iwaksi sa isipan

Ang kapwa mo ay mahalin
Kaya paa'y panatilihin
Mga liko na gawain
Sa buong buhay mo ay alisin

Dakilang Diyos papurihan
At laging pasalamatan
Sa oagpapalang nakamtan
At sa biyaya araw-araw

Talikdan ang kasalanan
Mamuhay sa kabanalan
Mga bisyo't kalayawan
Iwaksi sa isipan"
1072;Dakila Ka;;"Dakila Ka
Dakila Ka
Tunay kang, Dios ng pag-ibig
Dahil sa sala ko, Ikaw ay nagdusa
Tunay kang Panginoon"
1073;Dakilang Katapatan;C;"Sadyang kay buti 
ng ating Panginoon
Nagtatapat sa 
habang panahon
Maging sa kabila man 
na ating pagkukulang
Biyaya Niya'y patuloy na laan

Katulad ng pagsikat 
ng gintong araw
Patuloy Siyang
Nagbibigay tanglaw
Kaya't sa puso ko't damdamin
Katapatan Mo'y
Aking pupurihin

Dakila Ka O Dios
Tapat Ka ngang tunay
Magmula pa sa ugat
Ng aming lahi
Mundo'y magunaw man
Maaasahan kang lagi
Maging hanggang wakas
Nitong buhay

Kaya O Dios Ika'y
Aking pupurihin
Sa buong mundo'y 
Aking aawitin
Dakila ang Iyong
Katapatan
Pag-ibig Mo'y
Walang hanggan

Dakila Ka O Dios
Tapat Ka ngang tunay
Magmula pa sa ugat
Ng aming lahi
Mundo'y magunaw man
Maaasahan kang lagi
Maging hanggang wakas
Nitong buhay

Dakila Ka O Dios
Sa habang panahon
Katapatan Mo'y 
Matibay na sandigan
Sa bawat pighati
 Tagumpay man ay naroon
Daluyan ng pag-asa
Kung kailanga'y hinahon
Pag-ibig Mo'y alay sa amin 
mula noon hanggang ngayon
Dakila Ka. O Dios"
1074;DAKILANG MANGINGIBIG;;"Si Jesus kung umibig ay tunay
Ito'y dakila at tapat habang buhay
Laging sariwa't lumalalim
Di magmamamaliw, di magwawakas
Ganyan ang pag-ibig ni Jesus na 
sadyang wagas

Si Jesus kung magpatawad ay lubusan.
Lilinisin ang kasalana'y kalilimutan
Kung gaano man kalayo ang 
kanluran sa silangan
Ganyan kadakila ang Kanyang 
pagmamahal

Pag-ibig Niya'y sadyang 
makapangyarihan
Nag-udyok sa akin na Siya ay 
paglingkuran
Namatay Siya upang tayo ay mabuhay
Para sa Kanya't di na sa sarili

Si Jesus kung umibig ay tunay
Ito'y dakila at tapat habang buhay
Laging sariwa't lumalalim
Di magmamamaliw, di magwawakas
Iyan ang pag-ibig ni Jesus
na sadyang wagas

Si Jesus kung magpatawad ay lubusan.
Lilinisin ang kasalana'y kalilimutan
Kung gaano man kalayo ang 
kanluran sa silangan
Ganyan kadakila ang 
Kanyang pagmamahal
Kung di para lamang kay Jesus."
1139;Di ako magsasawang purihin ka;;"Sa umaga pagkagising
Ngalan Mo'y pupurihin
Puso ko'y laging may awit para Sayo
Lagi kong nararanasan
Ka tapatan Mong walang hangan
Pag-ibig Mo'y laging sariwa
Sa araw araw

Di ako magsasawang purihin Ka
Buong puso't lakas minamahal Kita
Laging aawitin pag-ibig Mo sakin
Panginoong Hesus Purihin Ka

Sa umaga pagkagising
Ngalan Mo'y pupurihin
Puso ko'y laging may awit para Sayo
Lagi kong nararanasan
Ka tapatan Mong walang hangan
Pag-ibig Mo'y laging sariwa
Sa araw araw

Di ako magsasawang purihin Ka
Buong puso't lakas minamahal Kita
Laging aawitin pag-ibig Mo sakin
Panginoong Hesus Purihin Ka

Di ako magsasawang purihin Ka
Buong puso't lakas minamahal Kita
Laging aawitin pag-ibig Mo sakin
Panginoong Hesus Purihin Ka

Laging aawitin pag-ibig Mo sakin
Panginoong Hesus Purihin Ka
Panginoong Hesus Purihin Ka"
1140;Di Ka Nagkulang;;"Ikaw lang ang pag-asa ko
Tanging Ikaw ang buhay ko, Hesus
Kahit may suliranin man
Palagi kong aawitan
Ikaw lamang

Kaya't Ika'y sasambahin
Paligid man ay magdilim Hesus
Kahit ako'y nangangamba basta't
Ikaw ay kasama
Panatag na

Kahit kailan di ka nagkulang
Biyaya mo ay aki'y laging laan
Pag-ibig mo sa aki'y walang hangang
Inibig mo ako noon pa man"
1141;Di Ko Man Makita;D;"Di ko man Makita 
ang kagandahan ng buhay ko
Dito sa ibabaw 
ng mundong magulo
Ako'y patuloy, 
maglilingkod sa Kanya
At kailanma'y 
di ako mangangamba

Tawagin man nila 
akong isang panatiko
At pagtawanan 
nang dahil kay HesuKristo
Ako'y patuloy, 
maglilingkod sa Kanya
At kailanma'y 
di ako mangangamba

Pagka't aking alam 
darating ang isang araw
Pangarap ko'y matutupad, 
walang sinumang hahadlang
Ito'y sadyang ibinigay 
ni Hesus sa akin
Walang hanggang kasiyahan
Duon sa kalangitan 
at di pangarap lang"
1225;Draw me close to you;;"Draw me close to you
Never let me go
I lay it all down again
To hear you say that I'm Your friend

You are my desire
No one else will do
'Cause nothing else could take Your place
To feel the warmth of Your embrace

Help me find the way
Bring me back to You

You're all I want
You're all I've ever needed
You're all I want
Help me know You are near

Ilapit mo sayo
Nang di na malayo
muling handog ang buhay ko
Pagtanggap mo'y dalangin ko

Ikaw ang nais ko
Hangad ng puso ko
Ang yakap ng pag-ibig mo
Yamang higit pa sa mundo

Kahit pa malayo
Ako'y lingapin mo

Ikaw lamang
Hesus ang kailangan
Ikaw lamang
Sayo'y mananahan"
1590;Gantimpala Ko;;"Marami mang hadlang
Sa aking pagsunod
At kadalasa'y napapagod
Di mapipigil, patuloy na maglilingkod
Lagi kong mithiin ikaw at malugod

Buong kagalakan
Ikaw ay aking paglilingkuran
Nahihirapan man, kahit pa nasusugatan
Kasangkapanin mo
Ikaw ang tunay na may ari ng buhay na ito
Ano mang danasin ko
Basta't ikaw Hesus, ikaw ang gantimpala ko

Lubusang angkinin ang buhay na laan
Para lamang sa iyong kaluguran
Hindi man kita kayang higitaan
Laging susubukan ibigay sa iyo ang pinakamainam"
1847;Habang Buhay Medley;;"Habang buhay, papupurihan ka
Habambuhay, maglilingkod sa'yo
Habang buhay, pagibig ko sayo'y iaalay

At habang buhay, papupurihan ka
Habambuhay, maglilingkod sa'yo
Habang buhay, papuri ko sayo'y iaalay

Mahal na mahal kita Panginoon (2x)
Kailanma'y di kita ipagpapalit
Pagka't sa piling mo'y langit
Mahal na mahal kita Panginoon.

Habang buhay, papupurihan ka
Habambuhay, maglilingkod sa'yo
Habang buhay, pagibig ko sayo'y iaalay

Habang buhay, papupurihan ka
Habambuhay, maglilingkod sa'yo
Habang buhay, pagibig ko sayo'y iaalay

Kung aking mamasdan ang kalawakan
Hindi ko maunawaan ang Iyong dahilan
Kung bakit ako'y pinili mo't inalagaan
Di ko kayang isipin, hinding hindi ko kayang sukatin
Ang pagibig mo Hesus na 'yong ibinigay saakin

Salamat, salamat  O, Hesus sa pagibig mo
Walang ibang nagmahal sakin ng katulad mo
Salamat, salamat O, Hesus sa pagibig mo
Ako'y magsasaya sa piling mo

At kung may pagsubok man
O kagipitan Ika'y laging maasakan
Di ko kayang isipin, hinding hindi kayang sukatin
Ang pagibig mo Hesus na'yong ibinigay sa akin

Buhay ko na ang purihin ka
Buhay ko ng sayo'y sasamba
Wala ng ibang nanaisin pa
Kundi pasalamatan ka
[Repeat 3x]

Ako'y magsasaya sa piling mo
Mahal na mahal kita, Panginoon"
1865;Haleluiya! Yetindenyo!;;"Kigiguure Yetindet
Chi ne bo arogenet.
Kigonyo ng'ony koyetech.
Haleluya! Yetindennyo!

Kigichurachur Ine
Eng' kiruogetab meet.
Kigibar si kotiachech.
Haleluya! Yetindennyo!

Tilil mising' Inendet;
Ki bikab tengek, achek.
Kiyaakta besendanyo.
Haleluya! Yetindennyo!

Kigigartat  komechech
Kosuldawech katiaget.
Mitei nguno kipsengwet.
Haleluya! Yetindennyo!

Ye tun nyo  Laitoriandet
Komut chechik  koba ga,
Kilosune tienito
Haleluya! Yetindennyo!"
2229;Hell Song;;"Alam mo ba kung saan ka pupunta?
Kung patuloy ka sa pagkakasala
O alam mo ba kung saan ka pupunta 
Kung ikaw ay di handa

Kung anong ganda ng langit
Ay may lugar naman na kay pangit
At kayrami dung inaadmit
Lalo na yung may sabit

Ang dilim dilim dilat man o pikit
Uod doon you're the food na favorite
kulang man ang ngipin magiging complete
Sa sakit mangangalit

Alam mo ba kung saan ka pupunta?
Kung patuloy ka sa pagkakasala
O alam mo ba kung saan ka pupunta 
Kung ikaw ay di handa

Pamayapay ay wala pati electric fan
Lalong wala doong air condition
wala ring ni isang bombero 
na sayo'y sasaklolo

Higanteng pugon na hindi namamatay
Mala-dagat na apoy na walang humpay
sure na sure sayong naghihintay 
kung tuluyang pasaway

Alam mo ba kung saan ka pupunta?
Kung patuloy ka sa pagkakasala
O alam mo ba kung saan ka pupunta 
Kung ikaw ay di handa

Ang lugar na iyon ay iwasan
Mahal mo sa buhay please pagsabihan
Dun magkita kits sa kalangitan
Si Hesus tanging daan
Si Hesus tanging daan
SI Hesis tanging daan....."
2259;Hesus;;"Kung nag-iisa 
at nalulumbay, 
dahil sa hirap 
mong tinataglay
Kung kailangan mo 
ng karamay, 
tumawag ka at 
Siya'y naghihintay

Siya ang iyong kailangan, 
sandigan, kaibigan mo
Siya ang araw mong lagi,
ang karamay kung sawi
Siya ay si Hesus sa bawat sandali

Kung ang buhay mo 
ay walang sigla, 
laging takot 
at laging alala
Tanging kay Hesus 
makakaasa, 
kaligtasa'y lubos na ligaya

Siya ang dapat tanggapin 
at kilanlin sa buhay mo
Siya noon, bukas, ngayon; 
sa dalangin mo'y tugon
Siya ay si Hesus sa habang panahon

Kaya't lagi nang pakatatandaan
Siya lang ang may pag-ibig na tunay, 
pag-ibig na tunay

Siya ang dapat tanggapin 
at kilanlin sa buhay mo
Siya noon, bukas, ngayon; 
sa dalangin mo'y tugon
Siya ay si Hesus sa habang panahon

Siya ang dapat tanggapin 
at kilanlin sa buhay mo
Siya noon, bukas, ngayon; 
sa dalangin mo'y tugon
Siya ay si Hesus
Siya ay si Hesus
Siya ay si Hesus sa habang panahon"
3301;Ikaw Ang Dahilan;G;"Ako'y nagsisisi
Sa buhay ko noon
Puno ng kasalanan
At malayo kay Hesus
Malayo kay Hesus
Madilim at walang pag-asa

Ngunit sa unahan
May nakitang Liwanag
Puso ko'y nabuksan
At biyaya Niya'y aking
Nakamtan

O Panginoon Ikaw ang dahilan
Kung ba't ako ay nagbabago
O Panginoon, salamat sa Iyo
Kaligtasan ay aking natamo

Aking napagtanto
Ang buhay ko ngayon
Ito'y utang na loob
Sa aking Panginoon
Sa ating Panginoon
At ngayon mayroon ng pag-asa

Aking iaalay, ang sarili kong buhay
Upang Siya'y paglingkuran
Hanggang sa wakas, sa wakas

O Panginoon Ikaw ang dahilan
Kung ba't ako ay nagbabago
O Panginoon, salamat sa Iyo
Kaligtasan ay aking natamo

O Panginoon Ikaw ang dahilan
Kung ba't ako ay nagbabago
O Panginoon, salamat sa Iyo
Kaligtasan ay aking natamo
Kaligtasan ay aking natamo
Kaligtasan ay aking natamo
Ay, ay, aking Natamo!"
3302;Ikaw Ang Himig;;"Panginoon Ikaw ang himig ng awit ko
Panginoon hangad ko ay presensya Mo
Ikaw ang laman ng puso't isipan
Sa'yo lamang magpakailanman
Pag-ibig ko'y Sa'yo inaalay

Panginoon Ikaw ang himig ng awit ko
Panginoon hangad ko ay presensya Mo
Ikaw ang laman ng puso't isipan
Sa'yo lamang magpakailanman
Pag-ibig ko'y Sa'yo inaalay

Dahil Ikaw ang bawat bukas ko
Wala ng iba pang inaasam Hesus
Kung 'di Ikaw, Sa'yo ang puso ko
Lahat sa buhay ko'y alay Sa'yo Hesus

Dahil Ikaw ang bawat bukas ko
Wala ng iba pang inaasam Hesus
Kung 'di Ikaw, Sa'yo ang puso ko
Lahat sa buhay ko'y alay Sa'yo Hesus

Hesus Ikaw ang buhay sa mundong ito
Sa bawat sandali ako'y Iyong-Iyo
Ikaw ang laman ng puso't isipan
Sa'yo lamang magpakailanman
Pag-ibig ko'y Sa'yo inaalay

Dahil Ikaw ang bawat bukas ko
Wala ng iba pang inaasam Hesus
Kung 'di Ikaw, Sa'yo ang puso ko
Lahat sa buhay ko'y alay Sa'yo Hesus

Dahil Ikaw ang bawat bukas ko
Wala ng iba pang inaasam Hesus
Kung 'di Ikaw, Sa'yo ang puso ko
Lahat sa buhay ko'y alay Sa'yo Hesus"
3303;Ikaw lamang;G;"O Dios
sa kabutihan Mo
ako'y naririto
upang magpuri sa iyo

O Dios
sa kabanalan Mo
nalulugod ako
buhay ay iaalay ko

Ikaw lamang
ang nagtiwala sa akin
O Dios di kita bibiguin
magtatapat sa Iyo
maglilingkod ako
O Dios kay buti mo

O Dios
sa kabutihan mo
ako'y naririto
upang magpuri sa iyo

O Dios
sa kabanalan mo
nalulugod ako
buhay ay iaalay ko

Ikaw lamang
ang nagtiwala sa akin
O Dios di kita bibiguin
magtatapat sayo
maglilingkod ako
O Dios kay buti mo"
3465;Iropa Regwayana;;"Iropa reGwayana
Iropa reGwayana
Iropa reGwayana
Rakatiponesa.

Inyasha, dzeGwayana
Inyasha, dzeGwayana
Inyasha, dzeGwayana
Dzakatiponesa

Rudo rweGwayana
Rudo rweGwayana
Rudo rweGwayana
Rwakatiponesa

Uyai Mweya M'tsvene
Uyai Mweya M'tsvene
Uyai Mweya M'tsvene
Muzotiponesa

Amen, Halelujah
Amen, Halelujah
Amen, Halelujah
Takaponeswa

Ngegazi LeMvana
Ngegazi LeMvana
Ngegazi LeMvana
Siya sindiswa"
4149;Kailan Pa Ibibigay;;"Kailan pa ibibigay
Ang buhay mo't lakas?
Sa Kanya na nagbigay
Sa iyo ng buhay na wagas
Ang Pangalan Niyang banal
Kailan itatanyag?
Kung wala nang pagkakataon
At huli na ang lahat

At kung ang buhay mo'y
Lumipas na
Makuha mo pa kayang
Siya ay paglingkuran
Kailan pa kaya
Maglilingkod sa Dios?
Kung hindi ngayon
Kailan pa?
(repeat all)

Pagising sa umaga
Kay ganda, kay ganda
Kay ganda ng mundong 
Ginawa Niya
Ngayon lang nakita
Ang ganda ng mundo
Salamat sa Dios
at ako'y binago

Nang tanggapin ko
Si Hesus, aking Dios
Nagbago ang lahat 
sa buhay ko
Bagong ligaya 
ang nadarama
Bagong pag-asa 
ang nakikita

Lahat, lahat ay
Aking ibibigay
Ibibigay pati 
aking buhay
Upang purihin Siya
Lahat, lahat ay
Aking ibibigay
Ibibigay pati 
aking buhay
Upang purihin Siya

Nag-uumapaw 
ang aking saya
Pagmamahal Niya
Ay nadarama
Kay ganda ng buhay
Na nasa Kanya
Purihin ang Dios
Purihin Siya!

Lahat, lahat ay
Aking ibibigay
Ibibigay pati 
aking buhay
Upang purihin Siya
Lahat, lahat ay
Aking ibibigay
Ibibigay pati 
aking buhay"
4171;Karapat-dapat ka ngang sambahin;;"Karapat-dapat Ka ngang sambahin
Karapat-dapat Ka ngang purihin
Ang 'Yong kabanalan ang Iyong katangian

Sa 'Yong pangalan lahat luluhod
Sa 'Yong pangalan may kagalingan
Sa 'Yong pangalan mayrong kaligtasan
Ikaw si Hesus ang manunubos

Sa 'Yong pangalan kami'y mananahan
Kahit na mundo'y puno ng kabiguan
Paligid man nami'y di na munawaan
Hesus Ikaw ay patuloy na papupurihan

Hesus Ikaw ang aming liwanag
Sa aming daraanang di maaninag
Matisod man kami sa aming daraanan

Sa 'Yong pangalan lahat luluhod
Sa 'Yong pangalan may kagalingan
Sa 'Yong pangalan mayrong kaligtasan
Ikaw si Hesus ang manunubos

Sa 'Yong pangalan kami'y mananahan
Kahit na mundo'y puno ng kabiguan
Paligid man nami'y di na munawaan
Hesus Ikaw ay patuloy na papupurihan
Hesus Ikaw ay patuloy na papupurihan"
4180;Kay Buti Buti Mo /Wala kang Katulad;;"Kay buti buti mo, 
Panginoon
Sa lahat ng oras, 
sa bawat araw
Ika'y laging tapat 
kung magmahal
Ang Iyong kaawaa'y 
magpawalang hanggan

Pinupuri't sinasamba Kita
Dakilang Diyos at Panginoon
Tunay na Ika'y walang katulad
Tunay na Ika'y di nagbabago
Mabuti ang Diyos 
na sa akin ay nagmamahal

Wala kang katulad
Wala nang hihigit sa Iyo
Wala kang katulad
Wala nang papantay sa Iyo
Ikaw ang Dios, noon pa man
Kahit ngayon at kailanman 
Sa habang panahon wala Kang katulad

Awitin ko man lahat 
ng awit sa mundo
Di kayang ilarawan 
ang kadakilaan Mo
Kulang ang lahat ng tula
Kulang maging mga salita 
Upang ihayag ang 
kabutihan Mo

Wala kang katulad
Wala nang hihigit sa Iyo
Wala kang katulad
Wala nang papantay sa Iyo
Ikaw ang Dios noon pa man
Kahit ngayon at kailanman 
Sa habang panahon wala Kang katulad

Makamtan ko man ang lahat 
ng yaman sa mundo
Di nito kayang higitan
ang kapangyarihan Mo
Kulang ang lahat ng ginto
Kulang ang mga salapi
Upang ihayag  
Kal'walhatian Mo

Wala kang katulad
Wala nang hihigit sa Iyo
Wala kang katulad
Wala nang papantay sa Iyo
Ikaw ang Dios noon pa man
Kahit ngayon at kailanman 
Sa habang panahon wala Kang katulad"
4181;Kay Buti ng Dios;G;"Kaybuti ng Dios, kaybuti ng Dios sa akin
kaybuti ng Dios, kaybuti ng Dios sa iyo
kaybuti ng Dios, kaybuti ng Dios sa kanya
kaybuti ng Dios sa lahat

Ipalakpak ang kamay
Itaas at ikaway
Sabayan mo ng kantang
""Dios ay Buhay"" Buhay
Ipahayag mo kapatid
Kaybuti ng Dios
Kaybuti ng Dios sa lahat

Kaybuti ng Dios, kaybuti ng Dios sa akin
kaybuti ng Dios, kaybuti ng Dios sa iyo
kaybuti ng Dios, kaybuti ng Dios sa kanya
kaybuti ng Dios sa lahat

Ipalakpak ang kamay
Itaas at ikaway
Sabayan mo ng kantang
""Dios ay Buhay"" Buhay
Ipahayag mo kapatid
Kaybuti ng Dios
Kaybuti ng Dios sa lahat

Halina't sama sama purihin natin Sya
Halina't sama sama awitan natin Sya
Ipalakpak ang kamay itaas at ikaway
Lahat ay magsabing Dios ay buhay

Halina't sama sama purihin natin Sya
Halina't sama sama awitan natin Sya
Ipalakpak ang kamay itaas at ikaway
Lahat ay magsabing Dios ay buhay

Buhay, buhay, buhay kaylan paman
Si Hesus ay buhay, buhay kaylan paman
Buhay, buhay, buhay kaylan paman
Si Hesus ay buhay, buhay kaylan paman

Awitin natin ang Hallelujah
Si Hesus ay buhay kaylan paman
Awitin natin ang Hallelujah
Si Hesus ay buhay"
4182;Kay buti ng Dios/ O Kay sarap umawit Medley;;"Kaybuti ng Dios, kaybuti ng Dios sa akin
kaybuti ng Dios, kaybuti ng Dios sa iyo
kaybuti ng Dios, kaybuti ng Dios sa kanya
kaybuti ng Dios sa lahat

ipalakpak ang kamay
itaas at ikaway
sabayan mo ng kantang
""Dios ay Buhay"" Buhay
ipahayag mo kapatid
kaybuti ng Dios
kaybuti ng Dios sa lahat

Kaybuti ng Dios, kaybuti ng Dios sa akin
kaybuti ng Dios, kaybuti ng Dios sa iyo
kaybuti ng Dios, kaybuti ng Dios sa kanya
kaybuti ng Dios sa lahat

ipalakpak ang kamay
itaas at ikaway
sabayan mo ng kantang
""Dios ay Buhay"" Buhay
ipahayag mo kapatid
kaybuti ng Dios
kaybuti ng Dios sa lahat

O kay sarap umawit
Awiting makalangit
Puso ko'y umiindak
Sa tuwa, Sa galak, ligaya
Pagka't damang dama ko
Sayo'ng inaawit
Nagbubunyi mga anghel sa langit
Sa tuwa, Sa galak, Ligaya

Mga awiting makalangit
Ibang ligaya sayo'y hatid
Na hindi kayang tumbasan
Mga awiting makasanlibutan

Ang buhay namin ay laging nagdurusa
Ngunit ngayo'y masigla na't masaya
Mula nang si Hesus ay makilala

LA LA LA LA LA LA LA
Puso ko'y umiindak
Sa tuwa, Sa galak, Ligaya

O kay sarap umawit
Awiting makalangit
Puso ko'y umiindak
Sa tuwa
Sa galak
Ligaya

Pagka't damang dama ko
Sayo'ng inaawit
Nagbubunyi mga anghel sa langit
Sa tuwa
Sa galak
Ligaya

Mga awiting makalangit
Ibang ligaya sayo'y hatid
Na hindi kayang tumbasan
Mga awiting makasanlibutan

Ang buhay namin ay laging nagdurusa
Ngunit ngayo'y masigla na't masaya
Mula nang si Hesus ay makilala

LA LA LA LA LA LA LA
Puso ko'y umiindak
Sa tuwa, Sa galak, Ligaya
LA LA LA LA LA LA LA
Puso ko'y umiindak
Sa tuwa, Sa galak, Ligaya

LA LA LA LA LA LA LA
Puso ko'y umiindak
Mula nang si Hesus ay makilala"
4280;Kislap;;"Iyong natagpuan mula sa kadiliman
Ang buhay kong dati walangg kabuluhan
Ako'y pinili mo binihisan ng bago
Panginoon, Ikaw ang may-ari ng puso ko

Kislap ng Iyong pag-ibig
Na nagliliwanag sa buong mundo
Kumukuti-kutitap
Para bang langit ang paligid ko
Punung-puno ng awit ang puso ko
awit ng pag-ibig at pagpupuri sa'yo

Sa'yo naramdaman pag-ibig na walang hanggan
Sa bawa't araw ng buhay ko di ka nagkukulang
Ngayong kapiling ka, oh aking Ama
Wala na akong hahanapin pa

Kislap ng Iyong pag-ibig
Na nagliliwanag sa buong mundo
Kumukuti-kutitap
Para bang langit ang paligid ko
Punung-puno ng awit ang puso ko
awit ng pag-ibig at pagpupuri sa'yo"
4298;Konti nalang;;"tila nag-iinip ang kapatiran
sa paghihintay ng Pangakong
Pag-agaw.
kay dami na ang nanghihina
nananamlay sa pagkilos sa Ubasan
ohoho..
ngunit ang Banal na Kasulata
nangangakong tayo'y itatanan
ni Jesus sa takdang kapanahunan

tayo'y magpalakasan
pagkat mararating din natin
ang Kaharian

konti nalang konti nalang
konting tiis nalang
mapipinto rin nating matikman
ang tamis ng tagumpay
konti nalang konti nalang
konting tiis nalang
atin ng mararanasan
pangarap nating Buhay na
Walang Hanggan

ito na ang araw ng katugunan
na ang buong mundo ay naguguluhan
katulad ng babaeng gagampas
nakakaranas tayo ng kahirapan
ohoho..
ngunit wag na wag tayong sawaan
di naman tayo pinababayaan ng Panginoong
sa ati'y tumawag...

kalungkuta'y mapapawi
kung SIYA ang MagHahari
sa walang Hanggan

konti nalang konti nalang
konting tiis nalang
mapipinto rin nating matikman
ang tamis ng tagumpay
konti nalang konti nalang
konting tiis nalang
atin ng mararanasan
pangarap nating Buhay na
Walang Hanggan"
4307;Kristo, tonone kwenunyon;;"Kristo ne Kim  mising',
Tonone  kwenunnyo;
Iberur  tuiyoni
Si kilosunenen.

`Nyiitwech Tamirmiriet
Sobonwekyok  tugul.
""Stawech Ka-`iimutik
Eng' mugulelwekyok.

Ongigiilge anyun
Eng` betusiek tugul,
AK kigen Kiptaiyat
Ne Laitorandennyo."
4339;Kung Tutuusin;D;"Maraming panahon 
Na tayo'y nagkamali
Sa pagpasya sa bagay 
na dapat gawin
Hindi lang pinansin 
ang mga kamalian
Kung ito'y karapat-dapat 
bang gawin

Natutong tumayo 
sa sariling paraan
Ngunit pawang kabiguan 
lamang ang iyong nakamtan
Malayo kay Hesus 
na Siyang tanging daan
Na Siya ring magdudulot 
Buhay na walang hanggan

Kung tutuusin hindi ikaw
Ang may-ari ng iyong buhay
Kung tutuusin hindi ikaw
Ang magpapasya
Kundi Siya, para sa iyo

Makipot ang daan 
At mabigat ang pasanin
Ngunit Siya'y kagabay Mo
Sa iyong paglalakbay

Di ka mabibigo, kaya't manalig ka
Siya ay naghihintay
Tumawag ka lang sa Kanya
Lmapit kay Hesus
Na Siyang tanging daan
Upang makamtan mo
Biyaya magpakailanman

Kung tutuusin hindi ikaw
Ang may-ari ng iyong buhay
Kung tutuusin hindi ikaw
Ang magpapasya
Kundi Siya, para sa iyo

Kaya nama'y pagbigyan mo
Siya aking kaibigan
Panginoon ng buhay mo
Diyos ng puso mo

Kung tutuusin hindi ikaw
Ang may-ari ng iyong buhay
Kung tutuusin hindi ikaw
Ang magpapasya
Kundi Siya, para sa iyo
Oh- oh-oh, para sa iyo.
Oh- oh-oh, para sa iyo."
4420;Lahat ay Aking Ibibigay;;"Pagising sa umaga
Kay ganda, kay ganda
Kay ganda ng mundong 
Ginawa Niya
Ngayon lang nakita
Ang ganda ng mundo
Salamat sa Dios
at ako'y binago

Nang tanggapin ko
Si Hesus, aking Dios
Nagbago ang lahat 
sa buhay ko
Bagong ligaya 
ang nadarama
Bagong pag-asa 
ang nakikita

Lahat, lahat ay
Aking ibibigay
Ibibigay pati 
aking buhay
Upang purihin Siya
Lahat, lahat ay
Aking ibibigay
Ibibigay pati 
aking buhay
Upang purihin Siya

Nag-uumapaw 
ang aking saya
Pagmamahal Niya
Ay nadarama
Kay ganda ng buhay
Na nasa Kanya
Purihin ang Dios
Purhin Siya!

Lahat, lahat ay
Aking ibibigay
Ibibigay pati 
aking buhay
Upang purihin Siya
Lahat, lahat ay
Aking ibibigay
Ibibigay pati 
aking buhay
Upang purihin Siya"
4430;Langisan;;"Sa tuwing ako'y mayroong pagsubok
Nahihirapan and damdamin ko
Subali't sa sandaling tawagin ko
Ang Ngalan Mo
Gumaan ang pasaninko

Langisan Mo, ang Pusong ito,
Puspusin Mo, ng Iyong Espirito
Oh Dios nasa Iyo ang kalakasan ko oh,
Langisan Mo ang pusong ito

Nilayo ng pagkakasala sa Iyong
Presensyang Banal
Ngunit ang dugo Mo
Siyang naghugas sa akin
Nilinis Mo ang buhay kong ito"
4431;Langisan Mo;;"Langisan mo ang pusong ito
Puspusin mo ng 'Yong ispirito
O Diyos, na Sa'yo ang kalakasan ko
Langisan mo ang pusong ito"
4432;Langit na Tahanan;;"Ang tahanang inilaan ng ating Panginoon
Hindi masisira at mananatili kailan pa man
Wala ng karamdaman o kapighatian
Ang kagalakan at kapayapaan makakamtan

Langit na tahanan
Ang sa akin ay Kanyang inilaan
Ang Panginoon makikita natin ng mukhaan
Mga luha ay Kanyang papahiran
Kahit sino ka man

Gabi't araw lumipas na, dahil and Diyos ay ang liwanag
Hindi na sasapit and iyong pinangangambahan
Ang lansanga'y ginto, tubig na parang kristal
Mansyon ang tahanan at may punong nagbibigay ng buhay

Langit na tahanan
Ang sa akin ay Kanyang inilaan
Ang Panginoon makikita natin ng mukhaan
Mga luha ay Kanyang papahiran
Kahit sino ka man

Langit na tahanan
Ang sa akin ay Kanyang inilaan
Ang Panginoon makikita natin ng mukhaan
Mga luha ay Kanyang papahiran
Kahit sino ka man
Mga luha ay Kanyang papahiran
Mga luha ay kanyang papahiran
Mga luha ay Kanyang papahiran
Kahit sino ka man
Mga luha ay Kanyang papahiran
Kahit sino ka man"
4873;Lulukso-lukso;G;"Noong ako'y palagi ng aburedo
Kaaway ko ang lahat ng tao
ngunit ng si Hesus ay aking tanggapin
lahat sila ngayo'y kaibigan ko

Lulukso-lukso angpuso ko
Dahil sa ligayang natamo
Nang tanggapin ko 
si Hesu-Kristo
Lulukso-lukso ang puso ko.

Sa tuwing dumarating ang suliranin ko
Hindi malaman kung saan ang takbo
Nang matutunan ko
Ang tungkol kay Kristo 
Lutas lahat sakit ng ulo ko

Lulukso-lukso angpuso ko
Dahil sa ligayang natamo
Nang tanggapin ko 
si Hesu-Kristo
Lulukso-lukso ang puso ko.

Lubos ang takot at pag-aalinlangan 
ang puso ko pag may karamdaman
Nagayon nalaman ko a
doon sa Kalbaryo, Sa latay Niay'y pinagaling ako

Lulukso-lukso angpuso ko
Dahil sa ligayang natamo
Nang tanggapin ko 
si Hesu-Kristo
Lulukso-lukso ang puso ko.

Lahat ng bisyo at ng luho ng mundo
Gumapos saakin at nanggulo
Nang maranasan ko, Santong Espiritu
Luminis nang husto ang buhay ko."
4916;Magagawa natin;;"Magagawa natin lahat ng bagay sa mundo
Ngunit isang bagay hindi magagawang 
hindi magagawang nagiisa
Maalulutas natin lahat ng problema 
kung tayo's magkakaisa
Ang suliranin..."
4918;Magbigay ng masaya;;"Magbigay ng masaya
Sa'ting Panginoon
Magbigay ng masaya
Sa'ting Panginoon
Purihin natin Siya
Sambahin natin Siya
Ng may Pusong maligaya
Alleluia!

Magbigay ng masaya
Sa'ting Panginoon
Magbigay ng masaya
Sa'ting Panginoon
Purihin natin Siya
Sambahin natin Siya
Ng may Pusong maligaya
Alleluia!"
4926;Mahal na mahal kita Panginoon / Babad;G;"Mahal na mahal kita Panginoon (2x)
Kailanma'y di kita ipagpapalit
Pagka't sa piling mo'y langit
Mahal na mahal kita Panginoon.

Habang buhay, papupurihan ka
Habambuhay, maglilingkod sa'yo
Habang buhay, papuri ko'y sayo'y iaalay

Ang kailangan lang ay
Babad sa presensya mo
Babad sa Iyong salita
Babad ang sikreto ko
Kung bakit ako masaya
Babad sa presensya mo
Babad sa Iyong salita
Tulad ng isang usa
ako'y laging uhaw sayo

Kay sarap sarap pa rin sa Iyo Panginoon
Ang mga pagpapala Mo ay lubus lubos
Minsan ang aming kaawa'y
Pilit na tinatangay ang damdamin
At sa aming pagpupuri
Ako'y lubos...
na nagtagumpay

Ang kailangan lang ay
Babad sa presensya mo
Babad sa Iyong salita
Babad ang sikreto ko
Kung bakit ako masaya
Babad sa presensya mo
Babad sa Iyong salita
Tulad ng isang usa
ako'y laging uhaw sayo"
4977;Mansion Over The Hilltop;;"I'm satisfied with 
just a cottage below
A little silver and 
a little gold
But in that city where 
the ransomed will shine
I want a gold one 
that's silver lined

I've got a mansion 
just over the hilltop
In that bright land 
where we'll never grow old
And some day yonder 
we will never more wander
But walk on the streets 
that are purest gold

Tho' often tempted
Tormented and tested
and like the prophet
My pillow's a stone
and tho' I find here
No permanent dwelling 
I know He'll give me 
A mansion my own

I've got a mansion 
just over the hilltop
In that bright land 
where we'll never grow old
And some day yonder 
we will never more wander
But walk on the streets 
that are purest gold

Don't think me poor or 
deserted or lonely
I'm not discouraged 
I'm heaven bound
I'm but a pilgrim 
in search of a city
I want a mansion 
a harp and a crown

I've got a mansion 
just over the hilltop
In that bright land 
where we'll never grow old
And some day yonder 
we will never more wander
But walk on the streets 
that are purest gold

Kahit na kubo ang siyang aming tahanan
Dito sa lupa, may kasiyahan
Pagkat sa langit ay may naghihintay
Na kaharian, ginintuang bahay

Ako'y may bahay 
na di nasisira
Duon sa langit
Na walang hanggan
Wala nang hapis
at laging sariwa
sa piling ng Diyos
na mayaman

Huwag maaawa sa aking kalagayan
Pagkat sa langit ang aking tungo
Pansamantala lamang naglalakbay dito
Hanggang humantong duon sa palasyo

Ako'y may bahay 
na di nasisira
Duon sa langit
Na walang hanggan
Wala nang hapis
at laging sariwa
sa piling ng Diyos
na mayaman

Kahit sa buhay na ito'y mahirapan
Ang kaulayaw dusa't kalungkutan
Walang sariling tirahang maituturing
Ngunit sa langit, lahat mamanahin

Ako'y may bahay 
na di nasisira
Duon sa langit
Na walang hanggan
Wala nang hapis
at laging sariwa
sa piling ng Diyos
na mayaman"
5019;May Kagalakan;;"May kagalakan ang aking puso 
sa paglilingkod sa ating Panginoon
May kagalakan, nag-aawitan, 
sa Kanyang mga kamangha-
manghang gawa
Siya'y nangako, babalik dito 
upang tayo'y kukunin Niya't dadalhin Niya
Sa kaharian, sa kalangitan, 
Duon sa buhay na walang hanggan.

Come fill my world, 
come fill my life
Come take my hands, 
come walk with me
Come fill my world, 
come fill my life
Come take my hands, 
come walk with me"
5046;Medley - Walang Imposible;G;"Walang imposible sa ating Dios
kayang kaya nya gawin lahat
kayhirap, sa tingin mo, kayhirap ng buhay
walang imposible sa ating Dios

Kayang kaya ni Hesus
na ikaw ay pagpalain
higit pa sayong inaasam
higit pa sayong hinihiling
ibibigay ng Dios,
pangako Nya'y totoo
sobra sobrang pagpapala.....
tanggapin mo

Walang imposible sa ating Dios
kayang kaya nya gawin lahat
kayhirap, sa tingin mo, kayhirap ng buhay
walang imposible sa ating Dios

Kayang kaya ni Hesus
na ikaw ay pagpalain
higit pa sayong inaasam
higit pa sayong hinihiling
ibibigay ng Dios,
pangako Nya'y totoo
sobra sobrang pagpapala.....
tanggapin mo

Mahal na mahal Kita Panginoon (2x)
Kailanma'y di Kita ipagpapalit
Pagka't sa piling Mo'y langit
Mahal na mahal Kita Panginoon.

Mahal na mahal Kita Panginoon (2x)
Kailanma'y di Kita ipagpapalit
Pagka't sa piling Mo'y langit
Mahal na mahal Kita Panginoon.

Habang buhay, papupurihan Ka
Habang buhay, maglilingkod Sa'yo
Habang buhay, Pagibig ko Sayo'y iaalay

Ang kailangan lang ay
Babad sa presensya Mo
Babad sa Iyong salita
Babad ang sikreto ko
Kung bakit ako masaya
Babad sa presensya Mo
Babad sa Iyong salita
Tulad ng isang usa
ako'y laging uhaw Sayo

Kay sarap sarap pa rin sa Iyo Panginoon
Ang mga pagpapala Mo ay lubus lubos
Minsan ang aming kaawa'y
Pilit na tinatangay ang damdamin
At sa aming pagpupuri
Ako'y lubos...
na nagtagumpay

Ang kailangan lang ay
Babad sa presensya Mo
Babad sa Iyong salita
Babad ang sikreto ko
Kung bakit ako masaya
Babad sa presensya Mo
Babad sa Iyong salita
Tulad ng isang usa
ako'y laging uhaw Sayo

Kaybuti ng Dios, kaybuti ng Dios sa akin
kaybuti ng Dios, kaybuti ng Dios sa iyo
kaybuti ng Dios, kaybuti ng Dios sa kanya
kaybuti ng Dios sa lahat

ipalakpak ang kamay
itaas at ikaway
sabayan mo ng kantang
""Dios ay Buhay"" Buhay
ipahayag mo kapatid
kaybuti ng Dios
kaybuti ng Dios sa lahat

Kaybuti ng Dios, kaybuti ng Dios sa akin
kaybuti ng Dios, kaybuti ng Dios sa iyo
kaybuti ng Dios, kaybuti ng Dios sa kanya
kaybuti ng Dios sa lahat

ipalakpak ang kamay
itaas at ikaway
sabayan mo ng kantang
""Dios ay Buhay"" Buhay
ipahayag mo kapatid
kaybuti ng Dios
kaybuti ng Dios sa lahat

Buhay, buhay, buhay kaylan paman
Si Hesus ay buhay, buhay kaylan paman
Buhay, buhay, buhay kaylan paman
Si Hesus ay buhay, kaylan paman

Awitin natin ang Hallelujah
Si Hesus ay buhay kaylan paman
Awitin natin ang Hallelujah
Si Hesus ay buhay"
5054;Medley- May galak, may saya;G;"May galak, may saya,
May tuwa sa piling ng Diyos
Sapagkat hirap ng puso ay Naglalaho
May awit, may saya, at papuri Para sa Diyos
Na hatid ng pusong pinagpala ng lubos

Handog Nya ay kapayapaan
Handog Nya ay kagalakan
Handog Nya ay kalakasan
Sa bawat pusong napapagal
Kaya't ang awit ng papuri
Awit ng pasasalamat
At ang awit ng Pagsamba
Ay para lang sa Kanya

May galak, may saya,
may tuwa sa piling ng Diyos
Sapagkat hirap ng puso ay Naglalaho
May awit, may saya, at papuri Para sa Diyos
Na hatid ng pusong pinagpala ng lubos

Handog Nya ay kapayapaan
Handog Nya ay kagalakan
Handog Nya ay kalakasan
Sa bawat pusong napapagal
Kaya't ang awit ng papuri
Awit ng pasasalamat
At ang awit ng Pagsamba
Ay para lang sa Kanya

Handog Nya ay kapayapaan
Handog Nya ay kagalakan
Handog Nya ay kalakasan
Sa bawat pusong napapagal
Kaya't ang awit ng papuri
Awit ng pasasalamat
At ang awit ng Pagsamba
Ay para lang sa Kanya

Walang imposible sa ating Dios
kayang kaya nya gawin lahat
kayhirap, sa tingin mo, kayhirap ng buhay
walang imposible sa ating Dios

Kayang kaya ni Hesus
na ikaw ay pagpalain
higit pa sayong inaasam
higit pa sayong hinihiling
ibibigay ng Dios,
pangako Nya'y totoo
sobra sobrang pagpapala.....
tanggapin mo

Walang imposible sa ating Dios
kayang kaya nya gawin lahat
kayhirap, sa tingin mo, kayhirap ng buhay
walang imposible sa ating Dios

Kayang kaya ni Hesus
na ikaw ay pagpalain
higit pa sayong inaasam
higit pa sayong hinihiling
ibibigay ng Dios,
pangako Nya'y totoo
sobra sobrang pagpapala.....
tanggapin mo"
5154;Mitei tuguk alak che chang';;"Mitei tuguk alak Che Chang'
Che kerenech  sautikyok;
Ago inendet  ne sa-ei
Konyoru toretet  ne o.

I-sto-enech  mesundeito
Lapkeiyetab Ng'olyondennyi,
Asi kiguiye magennyi
Eng' somanetab Ng'alekyik.

Kinyoru kimnatet ne o
Ye kisa-e eng' kayanet.
AK ye ka-sa chitab Kristo
Komwei oindet ngunoto.

Amu  mie-indab  Jehovah
Kerikyi eng' nyiganatet.
Kisiche rirenetab ge
Eng' betut  ne kiyalili.

Ongebe taitab Jehovah
Kesa eng' Tamirmiriennyi.
Keripse betusiek  tugul
Asi magichut  yomsosiek"
5271;Munting Tinig;;"Ang sabi ng iba sa'kin ako ay bata pa
Di pa raw marunong mag-isa 
dahil bata pa nga
Nangangamba, natatakot minsan'y nadarapa
Mihina ang damdamin
Dahil bata panga

Munting bata man ako tingnan 
ngunit di naman sa isipan
Sa puso ko ay may awiting 
Sa'yo nakalaan

Munting Tinig ko iyong pakinggan
Simpleng awit Ika'y hahandugan
Pasasalamat ko'y Sayo dahil inibig Mo
Inibig Mo kahit bata ako"
5535;Nangu Umthokozisi;;"Nang' uMthokozisi,
Nang' uMthokozisi;
Nangu, nanguMthoko-zisi!

Ngempel' usemhlabeni, uvela eZulweni,
Uyakuhlanza konke, okusenhlizweni,
Ziyoba mhlophe qwa,
Zohlanzwa yiMvana.
Nangu, nang'uMthokozisi!"
6077;O kay sarap umawit;;"O kay sarap umawit
Awiting makalangit
Puso ko'y umiindak
Sa tuwa, Sa galak, ligaya
Pagka't damang dama ko
Sayo'ng inaawit
Nagbubunyi mga anghel sa langit
Sa tuwa, Sa galak, Ligaya

Mga awiting makalangit
Ibang ligaya sayo'y hatid
Na hindi kayang tumbasan
Mga awiting makasanlibutan

Ang buhay namin ay laging nagdurusa
Ngunit ngayo'y masigla na't masaya
Mula nang si Hesus ay makilala

LA LA LA LA LA LA LA
Puso ko'y umiindak
Sa tuwa, Sa galak, Ligaya

O kay sarap umawit
Awiting makalangit
Puso ko'y umiindak
Sa tuwa
Sa galak
Ligaya

Pagka't damang dama ko
Sayo'ng inaawit
Nagbubunyi mga anghel sa langit
Sa tuwa
Sa galak
Ligaya

Mga awiting makalangit
Ibang ligaya sayo'y hatid
Na hindi kayang tumbasan
Mga awiting makasanlibutan

Ang buhay namin ay laging nagdurusa
Ngunit ngayo'y masigla na't masaya
Mula nang si Hesus ay makilala

LA LA LA LA LA LA LA
Puso ko'y umiindak
Sa tuwa, Sa galak, Ligaya
LA LA LA LA LA LA LA
Puso ko'y umiindak
Sa tuwa, Sa galak, Ligaya

LA LA LA LA LA LA LA
Puso ko'y umiindak
Mula nang si Hesus ay makilala"
6181;Ogasge, bik chebo Kristo;;"Ogasge, bik che bo Kristo,
Eng' muguleldo ak sobet;
Ongegas Che kimwawech.
Kas! Kas!
Kagisikwech Kristo ra;
Mitei kapmoing' orit.
Obwa kilosu Inendet.
Kagisikwech Jesu -
Kagisikwech ra!

Ogasge, bik Che bo Kristo,
Eng' muguleldo ak sobet;
Kigeere berurtanyi.
Kas! Kas'
Boibo-itu bik tugul.
Kigoyatwech kipsengwet,
AK nyoru bik kaberuret.
Kinyo amu noto -
Kinyo koyetech!

Ogasge, bik Che bo Kristo,
Eng' muguleldo ak sobet;
Amata oywei me-et.
Kalyet!
Kigonyo si kosoruech.
Kiguurok okwek tugul
Obwa otaach  Lakwet  Jesu.
Kagisikwech Jesu
Kagisikwech ra!"
6438;Oret ne tenden;;"Ngot kesoman eng' Matayo;
Ngot kesoman eng' Matayo -
Soman eng' kurget tisab
Ng'alek che eech Che sirotin,
Si ogas Ki-i-to ne mw'a-ei:

(Murenik)
'Tenden oret ne Wendi kipsengwet;
(Tibik)
Tenden oret ne Wendi kipsengwet.
(Murenik)
Baraa oret  ne Wendi oldab m`at;
(Tibik)
Baraa oret ne Wendi oldab mat.

Mwe-u eng' oret ne tebees.
Mwe-chi oret noto tenden.
Noto ne Wendi kipsengwet."
6493;Pag-Ibig lang ang susi ng lahat;;"Pag-Ibig lang ang susi ng lahat
ang syang magbubuklod sating lahat
hawak mo kaibigan ang isang kapangyarihan
na na magbubuklod sating lahat

umiiyak ang bata sa lansangan
ang magka-lahi ay kapwa ng aalitan
may galit na laganap at may mga nagpapanggap
sadyang ganyan lang ba ang buhay

kung sinu-sino na ang ating nasisisi
sa lahat ng mga nangyayarin
ang bigong mga pangako ay di mo na maitatago
lalo lang lumalala ang sugat na hatid

kaligtasa'y kailangan na
pagkat naghihintay sila
sa ating pagkakaisa

Pag-Ibig lang ang susi ng lahat
ang syang magbubuklod sating lahat
hawak mo kaibigan ang isang kapangyarihan
na na magbubuklod sating lahat

Pag-Ibig lang ang susi ng lahat
ang syang magbubuklod sating lahat
ang Diyos ang syang nagturo
isang Dakilang pangako
Si Hesus ang susi ng lahat"
6494;Pag-ibig na Banal;;"Pagising sa umaga
Pag-ibig unang nadama
Sikat ng araw ay init
ng patnubay Niya
Simoy ng hangin
Sa pisngi mo'y dumadampi
Ipinahihiwatig tunay
Niyang pag-ibig

Minamahal ka Niya
Minamahal mo Siya
Pinagbuklod ng pag-big na banal
Tayo'y hinihintay ng
Dakilang maykapal
Duon sa simula ng walang hanggan

Pagsapit ng hapon
sumusunod ay kadiliman
Ni walang pangamba
Na nadarama
Kahit matulog pa
ng mahimbing sa magdamag
Gigising kang muli
sa kandungan ng Maykapal

Minamahal ka Niya
Minamahal mo Siya
Pinagbuklod ng pag-big na banal
Tayo'y hinihintay ng
Dakilang maykapal
Duon sa simula ng walang hanggan

Minamahal ka Niya
Minamahal mo Siya
Pinagbuklod ng pag-big na banal
Tayo'y hinihintay ng
Dakilang maykapal
Duon sa simula ng walang hanggan
Duon sa simula ng walang hanggan (2x)"
6509;Panahon ay malapit na;;"sabuhay mo ngayon, ikaw ay magsikap
magsikap na pumasok sa landas na pinapangarap

Ang panahon malapit na
Malapit na ang pagdating nya
humanda ka humanda na
upang salubungin sya
ikaw, ako, tayong lahat
lahat mag kakasama
walang magwawaglit kahit isa."
6510;Panalangin ko;;"panalangin ko sa Diyos
Buhay ko ay pagpalain
at maging matibay kahit na anong bigat ng suliranin ko
sa bawat araw, sana'y naroon ikaw

bakit kung kailan ang puso ay nasasaktan
doon lamang Kita tinatawagan
ngunit kung ang puso ay payapat kay sigla
para bang nalilimutan Ka"
6514;Pangako/Di ako Magsasawa;G;"Panginoon lumalapit
Sa iyo ang puso kong nag-iisa
Ikaw ang aking pag-asa
Panginoon tugon sa aking dalangin
Tapat kailan paman aking kapayapaan

Pangako mo'y aking panghahawakan
Pangako mo ang tangi kong sandigan
Pangako mo'y tapat magpa-kailanman
Ako ay di iiwan, O pababayaan man
Pangako mo'y aking panghahawakan

Panginoon lumalapit
Sa iyo ang puso kong nag-iisa
Kayo ang aking pag-asa
Panginoon tugon sa aking dalangin
Tapat kailan paman aking kapayapaan

Pangako mo'y aking panghahawakan
Pangako mo ang tangi kong sandigan
Pangako mo'y tapat magpa-kailanman
Ako ay di iiwan, O pababayaan man
Pangako mo'y aking panghahawakan

Pangako mo'y aking panghahawakan
Pangako mo ang tangi kong sandigan
Pangako mo'y tapat magpa-kailanman
Ako ay di iiwan, O pababayaan man
Pangako mo'y aking panghahawakan

Pangako mo'y aking panghahawakan
Pangako mo ang tangi kong sandigan
Pangako mo'y tapat magpa-kailanman
Ako ay di iiwan, O pababayaan man
Pangako mo'y aking panghahawakan

Pangako mo'y tapat magpa-kailanman
Ako ay di iiwan, O pababayaan man
Pangako mo'y aking panghahawakan

Pangako mo'y aking panghahawakan

Sa umaga pagkagising
Ngalan Mo'y pupurihin
Puso ko'y laging may awit para Sayo
Lagi kong nararanasan
Ka tapatan Mong walang hangan
Pag-ibig Mo'y laging sariwa
Sa araw araw

Di ako magsasawang purihin Ka
Buong puso't lakas minamahal Kita
Laging aawitin pag-ibig Mo sakin
Panginoong Hesus Purihin Ka

Sa umaga pagkagising
Ngalan Mo'y pupurihin
Puso ko'y laging may awit para Sayo
Lagi kong nararanasan
Ka tapatan Mong walang hangan
Pag-ibig Mo'y laging sariwa
Sa araw araw

Di ako magsasawang purihin Ka
Buong puso't lakas minamahal Kita
Laging aawitin pag-ibig Mo sakin
Panginoong Hesus Purihin Ka

Di ako magsasawang purihin Ka
Buong puso't lakas minamahal Kita
Laging aawitin pag-ibig Mo sakin
Panginoong Hesus Purihin Ka

Laging aawitin pag-ibig Mo sakin
Panginoong Hesus Purihin Ka
Panginoong Hesus Purihin Ka"
6515;Panginoon/ Ikaw lamang;;"Panginoon kay buti mo sa akin
Ikaw lamang ang tangi kong sasambahin
Aawitan kita at pupurihin
Panginoon kay buti mo sa akin

Napakabuti mo
Aming Diyos Ama
Iyong likha'y luluwalhatiin ka
Napakabuti mo di Ka nagbabago 
Nuon ngayon kaylan pa man sa buhay ko'y tapat

Panginoon kay buti mo sa akin
Ikaw lamang ang tangi kong sasambahin
Aawitan kita at pupurihin
Panginoon kay buti mo sa akin

Ikaw, lamang 
ang nagtiwala sakin,
Oh Diyos di kita bibiguin
Magtatapat sa Iyo
maglilingkod ako
Oh Diyos kay buti mo.

Oh Diyos sa kabutihan mo
Ako'y naririto upang
Magpuri sa iyo

Oh Diyos sa kabanalan mo
Nalulugod ako
buhay ay iaalay ko

Ikaw lamang 
Ang nagtiwala sa akin,
Oh Diyos di kita bibiguin
Magtatapat sayo
Maglilingkod ako 
Oh Diyos kay buti mo."
6516;Panginoong Hesus Purihin ka;;"Sa umaga pagkagising
Ngalan Mo'y pupurihin
Puso ko'y laging my awit para Sayo
Lagin kong nararanasan
Ka tapatan Mong walang hangan
Pag-ibig Mo'y laging sariwa
Sa araw araw

Sa umaga pagkagising
Ngalan Mo'y pupurihin
Puso ko'y laging my awit para Sayo
Lagin kong nararanasan
Ka tapatan Mong walang hangan
Pag-ibig Mo'y laging sariwa
Sa araw araw

Di ako magsasawang purihin Ka
Buong puso't lakas minamahal Kita
Laging aawitin pag-ibig Mo sakin
Panginoong Hesus Purihin Ka"
6742;Punuin mo ng pag  ibig an buhay ko;Am;"Panginoo nais kong lakaran ang iyong daan
Patungo sa lupaing pangako
Magbigay ng ngiti sa mga nalulumbay
Punuin mo ng pag ibig ang buhay ko

Punuin mo ng pag ibig ang buhay ko
Sa aking paglalakbay sa Kaluwalhatian 
Hayaan mong akoy lumakad na may awit at ngiti
Punuin mo ng pag ibig ang buhay ko

Nais kong mapalapit sa aking tagapagligtas
Huwag hayaang mapunta sa kadiliman
Huwag pahintulutan na ang galit ay pumasok
Punuin mo ng pag ibig ang buhay ko

Punuin mo ng pag ibig ang buhayla ko
Sa aking paglalakbay sa Kaluwalhatian 
Hayaan mong akoy lumakad na may awit at ngiti
Punuin mo ng pag ibig ang buhay ko

Malapit nang matapos ang takbuhin
at sa langit tayo ay maninirahan
at doon ay aawit ng papurit pag samba
Punuin mo ng pag ibig ang buhay ko"
6745;Purihin Natin Ang Panginoon;;"Purihin natin ang Panginoon
Sa Kanyang kadakilaan
Sa Kanyang kabutihan
Sa Kanyang pag-ibig 
Na walang hanggan

Purihin natin ang Panginoon
Sa mga awit, sa mga sayaw
At sa matutunog nating 
Palakpakan

Halina't magpuri
Sa umaga at gabi
Ating ipahayag ang
Kagalakang nagmumula 
Sa Diyos

Purihin natin ang Panginoon
Sa Kanyang kadakilaan
Sa Kanyang kabutihan
Sa Kanyang pag-ibig 
Na walang hanggan

Purihin natin ang Panginoon
Sa mga awit, sa mga sayaw
At sa matutunog nating 
Palakpakan

Halina't magpuri
Sa umaga at gabi
Ating ipahayag ang
Kagalakang nagmumula 
Sa Diyos

Halleluiah, halleluia
Halleluia, halleluia

Purihin natin ang Panginoon
Sa mga awit, sa mga sayaw
At sa matutunog nating 
Palakpakan"
6746;Pusong Dalisay/ kay buti mo;;"Pusong Dalisay 
ang aking nais,
Likhain Mo O Dios 
para sa akin
Pusong Dalisay 
ang aking nais,
Likhain Mo O Dios 
para sa akin

Isang  pusong tapat 
na sa Iyo’y nagmamahal
Isang pusong  sa Iyo’y 
walang alinlangan
Isang pusong isinisigaw 
Ika’y parangalan
Handog ko’y papuri
Sa Iyo lamang Hesus.

Kay buti buti mo, 
Panginoon
Sa lahat ng oras, 
sa bawat araw
Ika'y laging tapat 
kung magmahal
Ang Iyong kaawaa'y 
magpawalang hanggan

Pinupuri't sinasamba Kita
Dakilang Diyos at Panginoon
Tunay na Ika'y walang katulad
Tunay na Ika'y di nagbabago
Mabuting Diyos 
na sa akin ay nagmamahal

Wala kang katulad
Wala nang hihigit sa Iyo
Wala kang katulad
Wala nang papantay sa Iyo
Ikaw ang Dios, noon pa man
Kahit ngayon at kailanman 
Sa habang panahon wala Kang katulad

Awitin ko man lahat 
ng awit sa mundo
Di kayang ilarawan 
ang kadakilaan Mo
Kulang ang lahat ng tula
Kulang maging mga salita 
Upang ihayag ang 
kabutihan Mo

Wala kang katulad
Wala nang hihigit sa Iyo
Wala kang katulad
Wala nang papantay sa Iyo
Ikaw ang Dios noon pa man
Kahit ngayon at kailanman 
Sa habang panahon wala Kang katulad"
6968;Sa Dios Ang Papuri;;"Sa Diyos ang papuri 
at karangalan
Itataas ang kamay 
sa pagsamba
Ngalan Moy' dadakilain
(Repeat)

Dakila Ka, 
Makapangyarihan Ka
Kataas-taasang Diyos
Walang papantay sa Iyo.

You deserve the glory 
and all the honor
As we will lift our hands 
to worship 
And to magnify Your Name

You deserve the glory 
and all the honor
As we will lift our hands 
to worship 
And to magnify Your Name

For Thou art great, 
You do miracle so great
There is no one else like You
There is no one else like You
(Repeat)"
6969;Sa Kanyang Piling;;"Kailan ka iniwan ng Diyos?
Kailan ka pinabayaan?
'Di Sya nagkulang kailanman
Biyaya Niya'y walang katulad

Kumapit lang at huwag kang 
bibitiw sa Kanya
Sa mga pangako Niya
Nangako Siya na Siya ay babalik muli
Ako't ika'y kukunin na Nya

At doon ako'y aawit
Nang papuri't pagsamba
Habang buhay sa kanyang piling
Ay di na mawawalay pa sa 
Kanyang presensya

'Di ka iniwan ng Diyos
HIndi ka Niya pinabayaan
Di Siya nagkulang kailanman
Biyaya Niya'y walang katulad

Kumapit lang at huwag kang 
bibitiw sa Kanya
Sa mga pangako Niya
Nangako Siya na Siya ay 
babalik muli
Ako't ika'y kukunin na Niya

At doon ako'y aawit
Nang papuri't pagsamba
At habang buhay sa 
kanyang piling
Ay di na mawawalay pa 
Sa Kanyang presensya"
6970;Sa Landas Kong Tinahak;D;"Sa landas kong tinahak
Ako'y Iyong sinalubong
Agad ako'y iyong napagtanong
Saan ka pupunta?

Ewan ko, ang sagot ko
Wala akong katiyakan
Maaari po bang Iyong tulungan 
Ituro ang wastong daan

Ang sabi Mo'y sabay tayo
Ako ang bahala sa iyo
Pagkat alam Ko ang kahahantungan
Ako'y nagmula pa sa walang-hanggan

Ikaw pala, aking Panginoon
Di agad kita napansin
Ngayo'y wala na akong pangangamba
Pagkat Ika'y laging kasama
Sa lahat ng panahon
Sa bawat sandali
Ikaw ang tunay kong gabay
Sa landas ng aking buhay

Ang sabi Mo'y halika na
Ang landas mo'y ituwid na
Mayroong nakalaan sa iyong gantimpala
Sa kaharian ng Dios Ama

Ang sabi ko'y salamat po
Ako'y tinubos ng Iyong dugo
Kasalanan ko ay pinatawad Mo
Dakila ang Pag-ibig Mo

Ako pala aking Panginoon
Ay minahal mo ng lubos
Ngayon wala na akong pangangamba
Pagkat Ika'y laging kasama
Sa lahat ng panahon
Sa bawat sandali
Ikaw ang tunay kong gabay
Sa landas ng aking buhay

Ikaw ang tunay kong gabay
Sa landas ng aking buhay"
6971;Sa Pagtunog ng Trumpeta;;"Sa pagtunog ng trumpeta
Sa pagtunog ng trumpeta
Si Hesus ay darating na

Mag kaingay tayong May kagalakan
Lahat ng tinubos ay mag diwang
Mag puri sa banal niyang harapan
Ganap ang ating kaligtasan

Hossana, Hossana, Hossana

Umawit ng papurit magsaya
Tayoy kukunin
Sa isang kisap mata
Sa huling pag tunog ng trumpeta

Sa pag tunog ng trumpeta
Sa pag tunog ng trumpeta
Si Hesus ay... darating na

Si Hesus ang panginoon 
Ang hari ng lahat
Si Hesus ang panginoon 
Ang hari ng lahat
Si Hesus ang panginoon 
Ang hari ng lahat

Mag kaingay tayong May kagalakan
Lahat ng tinubos ay mag diwang
Mag puri sa banal niyang harapan
Ganap ang ating kaligtasan

Hossana
Hossana
Hossana

Umawit ng papurit magsaya
Tayoy kukunin
Sa isang kisap mata
Sa huling pag tunog ng trumpeta

Sa pag tunog ng trumpeta
Sa pag tunog ng trumpeta
Si Hesus ay... darating na

Si Hesus ang panginoon Ang hari ng lahat
Si Hesus ang panginoon Ang hari ng lahat
Si Hesus ang panginoon Ang hari ng lahat

Si Hesus ang panginoon Ang hari ng lahat
Si Hesus ang panginoon Ang hari ng lahat
Si Hesus ang panginoon
Ang ha...ri ng lahat

Si Hesus ang panginoon Ang hari ng lahat
Si Hesus ang panginoon Ang hari ng lahat
Si Hesus ang panginoon
Ang ha...ri ng lahat

Si Hesus ang panginoon
Ang ha....ri ng lahat

Si Hesus ang panginoon
Ang ha....ri ng lahat......"
6972;Sa Panginoong Hesus;;"Sa Panginoong Hesus 
ako magtitiwala
Sa biyaya nya't habag 
buhay ko ay may kalinga
Sa pagsubok at lumbay, 
Naro'n Siya't dumaramay
Ang Panginoo'y tapat 
kaylan pa man

Kung ika'y nanlalamig, 
wala kang malapitan
At para bang ang daigdig, 
sa Iyo'y pinapasan
Alalahanin mo sana, 
Minamahal Ka Niya
Ang Panginoo'y tapat 
kaylan pa man

Biyaya Niya't habag 
sa buhay ko'y sapat
Di man karapat-dapat 
na ako ay iligtas
Pangako Niya'y di mag-iiba 
di tulad ng iba
Ang Panginoo'y tapat 
kaylan pa man

Kung ika'y nanlalamig, 
wala kang malapitan
At para bang ang daigdig, 
sa Iyo'y pinapasan
Alalahanin mo sana, 
minamahal ka nya
Ang Panginoo'y 
tapat kaylan pa man

Biyaya nya't habag 
sa buhay ko'y sapat
Di man karapat-dapat 
na ako ay iligtas
Pangako nya'y di 
mag-iiba di tulad ng iba
Ang Panginoo'y tapat kaylan
pa man

Alalahanin mo sana
Minamahal ka nya
Ang Panginoo'y tapat 
kaylan pa man (3x)"
6990;Salamat Panginoon;;"Ikaw ay mabuti, bawat sandali
Sa habang buhay ay mananatili
Hindi mapapawi o maikukubli
Maging sa dilim ng gabi

Sandigang matibay, and 'Yong pangako
Lakas at pag-asa ng akin puso
Hindi na mabilang, pagkakataon
Patunay ng katapatan Mo

Sa dalamhati at sa kabiguan
Sapagluha ng pusong nasugatan
Sa pagsubok na Iyong pinahihintututan
Salamat, Panginon
Sa katugunan ng aking dalangin
Sa kalakasang sa 'Yong nanggagaling
Sa pagtuturo at pagtutuwid Mo sa 'kin
Salamat, Panginoon

Ikaw ay mabuti, bawat sandali
Sa habang buhay ay mananatili
Hindi mapapawi o maikukubli
Maging sa dilim ng gabi

Sandigang matibay, and 'Yong pangako
Lakas at pag-asa ng akin puso
Hindi na mabilang, pagkakataon
Patunay ng katapatan Mo

Sa dalamhati at sa kabiguan
Sapagluha ng pusong nasugatan
Sa pagsubok na Iyong pinahihintututan
Salamat, Panginon
Sa katugunan ng aking dalangin
Sa kalakasang sa 'Yong nanggagaling
Sa pagtuturo at pagtutuwid Mo sa 'kin
Salamat, Panginoon"
6991;Salamat Salamat;;"Kung aking mamasdan ang kalawakan
Hindi ko maunawaan
Ang Iyong dahilan, kung bakit ako'y
Pinili Mo't inalagaan

Hindi ko kayang isipin
Hinding hindi ko kayang sukatin
Ang pag-ibig mo Hesus 
na Iyong binigay sa akin

Salamat, Salamat Oh Hesus sa Pag-ibig Mo
walang ibang nagmahal sa'kin na katulad mo
Salamat, Salamat Oh Hesus sa Pag-ibig Mo
Ako'y magsasaya sa piling Mo

Kung may pagsubok man o kagipitan
Ako ay may lalapitan
Ikaw HESUS ang aking sandigan
Hindi mo ko pababayaan

Hindi ko kayang isipin
Hinding hindi ko kayang sukatin
Ang pag-ibig mo Hesus 
na Iyong binigay sa akin

Salamat, Salamat Oh Hesus sa Pag-ibig Mo
walang ibang nagmahal sa'kin na katulad mo
Salamat, Salamat Oh Hesus sa Pag-ibig Mo
Ako'y magsasaya sa piling Mo

Buhay ko na ang purihin Ka
Buhay ko na ang sa'yoy sumamba
Wala ng ibang nanaisin pa kundi pasalamatan Ka (3x)

Salamat, Salamat Oh Hesus sa Pag-ibig Mo
walang ibang nagmahal sa'kin na katulad mo
Salamat, Salamat Oh Hesus sa Pag-ibig Mo
Ako'y magsasaya sa piling Mo"
7163;Si Hesus;G;"Kahit pilitin ko, puso ko ay maging matibay
Ang kabiguan ay dumarating sa aking buhay
At kung akoy naroon na saan pupunta
Ang aking gagawin ay tawagan ko sya

Si Hesus kung kailan kailangan sya
Palaging naron at karamay sya
Si Hesus kapag hindi mona makaya
Sa kanya lang ako aasa

Maiiwasan ba ang iba ay hapis ang dulot
Kahit kaibigan ay nagbibigay sama ng loob
At kung akoy masaktan saan pupunta
Ang aking gagawin ay tawagan ko sya"
7164;Si Hesus ang aking musika;;"Ako'y umaawit noon
ngunit hindi para sa iyo Panginoon
Pagkat di ko alam kung anong kahulugan
sa akin man din walang kabuluhan

Ngayon ang musikang hatid
nagmumula sa puso ko itong awit
papuri ko sa iyo
pagkat tinubos ako.
Kaya't awitin ko'y Sa iyo

Si Jesus ang aking musika
Nagbibigay sigla sa bawat titik at nota
Si Jesus ang aking musika
Sa aking nagsasaad ng bawat awitin
na si Kristo'y buhay sa atin.

Ngayun ang musikang hatid,
nagmumula sa puso ko itong awit
Papuri ko'y sa iyo, pagkat tinubos ako
Kaya't awitin ko'y sa Iyo

Si Jesus ang aking musika
Nagbibigay sigla sa bawat titik at nota
Si Jesus ang aking musika
Sa aking nagsasaad ng bawat awitin
na si Kristo'y buhay sa atin."
7196;Sinasamba kita;G;"Mula sa putik ako'y hinango
Nilinis at binago
Walang kasing dakila
Ang pag-ibig Mo

'Di ko malilimutan
Ang Iyong mga kabutihan
Habang ako'y nabubuhay
Ito ay taglay

Labi ko'y sambit ang papuri
Ang puso ko'y umaawit
Dios noon at kailanpaman
Dakila ang Iyong kabutihan

Ang buhay ko't kalakasan
Sa'yo lamang ilalaan
Bilang isang pag-aalay
Sa'yong harapan

'Di man sapat upang maiganti
Ang lahat kong inaari
Dios boung pagkukumbabang
Aking sinasambit

Sinasamba kita
Pinupuri kita
Ang Pangalan Mo'y itataas
Sinasamba kita
Pinupuri kita
Dios sa buhay ko'y dakila Ka

Alam kong ako'y nakita Mo
Hatulan Mo ayon sa pag-ibig Mo
Itong buhay ay inaalay ko
Ito ang tanging magagawa ko

Sinasamba kita
Pinupuri kita
Ang Pangalan Mo'y itataas
Sinasamba kita
Pinupuri kita
Dios sa buhay ko'y dakila Ka"
7234;Sino Ako;;"Hiram sa Diyos ang aking buhay
Ikaw at ako'y tanging handog lamang
Di ko ninais na ako'y isilang 
Ngunit salamat dahil may buhay

Ligaya ko nang ako'y isilang 
Pagkat tao ay mayroong dangal 
Sino'ng may pag ibig, 
sino'ng nagmamahal 
Kundi ang taong Diyos 
ang pinagmulan

Kung di ako umibig, 
kung di ko man bigyang halaga 
Ang buhay ko'y handog 
Ang buhay kong hiram sa Diyos
Kung di ako magmamahal, sino ako."
7245;Siya;;"Buhay ko'y may kaguluhan
Ang landas walang patutunguhan
Kaibigan, ano kaya ang kahahantungan?
Ngunit salamat, ako'y natagpuan
Binigyan Niya ng kapayapaan
Tanging kay Hesus mayroong tagumpay

Siya ang aking patnubay, 
Siya ang aking gabay
Siya sa aki'y nagbigay buhay
Si Hesus and katotohanan, 
si Hesus ang daan
Siya ang tanging Panginoon 
magpakailan pa man.

At ngayon sa aking buhay, 
Siya sa akin ay nagbabantay
Ang pag-ibig Niya'y tunay na walang kapantay
Hinding-hindi na ako mangangamba
Si Hesus, laging kasama
Siya'y sa akin at ako'y sa Kanya.

Siya ang aking patnubay, 
Siya ang aking gabay
Siya sa aki'y nagbigay buhay
Si Hesus and katotohanan, 
si Hesus ang daan
Siya ang tanging Panginoon 
magpakailan pa man."
7246;Siya ang Daan;G;"Sa gitna ng dilim ako ay naglalakbay
Di alam kung saan ang patutunguhan
Ngunit salamat ako'y natagpuan
Iniligtas mula sa tiyak na kapahamakan

Siya ang daan, Siya ang buhay
Ay Siya ang katotohanan
Ang Pangalan Niyang banal
Ay walang makakapantay
Sisa ay si Hesus, Siya ay si Hesus
Ang mahal nating Diyos

Wala na akong dapat ipangamba
Sapagkat si Hesus lagi kong kasama
Anuman ang maging hantungan nitong buhay
Sa Kanya ko ipapaubaya ang lahat

Siya ang daan, Siya ang buhay
Ay Siya ang katotohanan
Ang Pangalan Niyang banal
Ay walang makakapantay
Sisa ay si Hesus, Siya ay si Hesus
Ang mahal nating Diyos

Siya ang daan, Siya ang buhay
Ay Siya ang katotohanan
Ang Pangalan Niyang banal
Ay walang makakapantay
Sisa ay si Hesus, Siya ay si Hesus
Ang mahal nating Diyos"
7254;Siyasatin Mo Hesus;;"Siyasatin mo Hesus ang puso ko
Sa kasalanang nagawa laban Sa'yo
Nagtatapat, sumasamo, dumudulog
Sa harap ng banal mong trono

Lumalapit 'di man karapat dapat
sa kabanalan mo
Biyaya at kaawaan, kapatawaran Sa'yo
Ay nakamtam ko o aking Hesus

Siyasatin mo Hesus ang puso ko
Sa kasalanang nagawa laban Sa'yo
Nagtatapat, sumasamo, dumudulog
Sa harap ng banal mong trono

Lumalapit 'di man karapat dapat
sa kabanalan mo
Biyaya at kaawaan, kapatawaran Sa'yo
Ay nakamtam ko o aking Hesus

Lumalapit 'di man karapat dapat
sa kabanalan mo
Biyaya at kaawaan, kapatawaran Sa'yo
Ay nakamtam ko o aking Hesus

Ay nakamtam ko o aking Hesus
Ay nakamtam ko o aking Hesus
Oh aking Hesus"
7513;Så mange i tiden - Alt jeg behøver;E;"Så mange i tiden
    av menneskeheten,
har våknet i mørket
    i helvetes gru.
Fordi de sa nei til 
    Guds kjærlige røst,
foraktet den gåte
    som Jesus har løst.

chorus
Kor:
:/: Alt jeg behøver
    er mere av Jesus, :/:
Gi meg O Jesus,
nu mere av Deg,
så jeg står rede
    når Du henter meg.

Tenk at av nåde
    så får jeg og være,
blant de som priser
    sin Frelser så kjær.
Og når Han kommer
    så får jeg og være,
blant de som hist
    over floden skal gå.

Så mange har navn
    av å være en kristen,
men Ånden og ilden
    har sluknet hos dem.
Når Jesus Han kommer
    de står der tilbake,
for lyset må skinne
    på lampen min venn.

Bevar meg O Jesus,
fra ånden i tiden,
den ånden som fanger
    så mange i dag.
Gi meg O Jesus,
nu mere av Deg,
tal til mitt hjerte
    med kjærlighets røst.

Si kjære venn
    hvordan lever du livet,
over ditt liv
    kanskje solen gått ned.
Å, hvilken gru når du
    våkner der nede,
kom nu til Jesus, 
ja kom som du er."
7582;Taus-Pusong Pasasalamat;;"O Dios, salamat po 
sa kabutihan Mo
Ang buhay kong ito'y 
Iyong binago
Ang dati kong buhay 
puno ng dusa
Dahil sa Iyo O Diyos 
nabuhay ang pag-asa

Di ko maihayag 
taus-pusong pasalamat
Sa mga biyaya Mong 
laging natatanggap

O Diyos, salamat po 
sa pag-iingat Mo
At sa tagumpay 
na aking natamo
Sa lahat ng araw 
pupurihin ko'y Ikaw
Salamat, O Diyos 
sa Iyong kabutihan

O Diyos, salamat po 
sa pag-iingat Mo
At sa tagumpay 
na aking natamo
Sa lahat ng araw 
pupurihin ko'y Ikaw
Salamat, O Diyos 
sa Iyong kabutihan"
7786;The Fight Is On / May Kagalakan;;"The fight is on, O Christian soldiers,
And face to face in stern array,
With armour gleaming, 
and colors streaming,
The right and wrong 
engage today;
The fight is on, but be not weary,
Be strong and in His mighty hold fast;
If God be for us, His banner o’er us,
We’ll sing the victor’s song at last.

May kagalakan ang aking puso 
sa paglilingkod sa ating Panginoon
May kagalakan, nag-aawitan, 
sa Kanyang mga kamangha-
manghang gawa
Siya'y nangako, babalik dito 
upang tayo'y kukunin Niya't dadalhin Niya
Sa kaharian, sa kalangitan, 
Duon sa buhay na walang hanggan."
8140;THERE'S A MIRACLE;;"There's a miracle in the making
One just for you, your father is working right now
Your prayer has been heard
And His answer is on the way
There's a miracle in the making for you today

Mayroong himalang mangyayari
Ito'y para sa iyo ibinigay ng Dios sa buhay mo
Huwag nang mangamba
Pagkat siya't narito na
Mayroong himalang mangyayari sa iyo ngayon

Napakabuti mo sa amin (3x) O Hesus."
8692;Vil du eie Jesus / Han kraft den gjør deg;;"Vil du eie Jesus og bli løst
    og glad og fri?
Vil du gå med Ham på
    livets gode sti?
Vil du la Ham ta din
    syndebyrde helt på seg?
La Ham få sin vei med deg!

Kor: Hans kraft den gjør deg
    til hva du bør bli,
Hans blod deg rense kan
    og sette fri;
Hans Ånd kan fylle deg
    så du vil si:
Det var best at han fikk ha
sin vei med meg.

Vil du være lykk'lig, å
    så følg da Herrens kall,
motta Jesus helt
- ditt alt Han blive skal!
Ønsker du at Herren skal
    bevare deg fra fall?
La Ham få sin vei med deg!

Ønsker du å eie fred
    og hvile for din sjel?
Ja få kjenne Gud som en
    der vil ditt vel?
Til hver tid og hvor du er,
Ham eie som din del?
La Ham få sin vei med deg!"
8739;Wala Kang Katulad;;"Wala kang katulad
Wala nang hihigit sa Iyo
Wala kang katulad
Wala nang papantay sa Iyo
Ikaw ang Dios, noon pa man
Kahit ngayon at kailanman 
Sa habang panahon wala Kang katulad

Awitin ko man lahat 
ng awit sa mundo
Di kayang ilarawan 
ang kadakilaan Mo
Kulang ang lahat ng tula
Kulang maging mga salita 
Upang ihayag ang 
kabutihan Mo

Wala kang katulad
Wala nang hihigit sa Iyo
Wala kang katulad
Wala nang papantay sa Iyo
Ikaw ang Dios noon pa man
Kahit ngayon at kailanman 
Sa habang panahon wala Kang katulad

Makamtan ko man ang lahat 
ng yaman sa mundo
Di nito kayang higitan
ang kapangyarihan Mo
Kulang ang lahat ng ginto
Kulang ang mga salapi
Upang ihayag  
Kal'walhatian Mo

Wala kang katulad
Wala nang hihigit sa Iyo
Wala kang katulad
Wala nang papantay sa Iyo
Ikaw ang Dios noon pa man
Kahit ngayon at kailanman 
Sa habang panahon wala Kang katulad"
8740;Wala kang katulad, O Diyos;;"Wala kang katulad
Wala kang katulad
Wala kang katulad O Diyos
Sa iyong pag-ibig at kapangyarihan
Wala kang katulad O Diyos

Habag na di nagmamaliw
Kapayapaan bilang mang aaliw
Sa ‘yong biyaya at kaluwalhatian
Wala kang katulad O Diyos

Wala kang katulad
Wala kang katulad
Wala kang katulad O Diyos
Sa ‘yong kalinga at katapatan
Wala kang katulad O Diyos

Awa na lalaging sariwa
Lubos at ganap ang iyong pangunawa
Sa iyong katwiran at kabanalan
Wala kang katulad O Diyos

Wala kang katulad
Wala kang katulad
Wala kang katulad O Diyos
Sa ‘yong pangako at kabutihan
Wala kang katulad O Diyos

Galak na di napaparam
Pumapawi ng lahat kong agam-agam
Sa ‘yo ang papuri at karangalan
Wala kang katulad O Diyos

Ikaw lamang
Ang nais ng buhay ko
Ohhhh

Wala kang katulad
Wala kang katulad
Wala kang katulad O Diyos
Sa ‘yong pangako at kabutihan
Wala kang katulad O Diyos

Galak na di napaparam
Pumapawi ng lahat kong agam-agam
Sa ‘yo ang papuri at karangalan
Wala kang katulad
Wala kang katulad
Wala kang katulad Ohh Diyos"
8741;Walang hanggang sasambahin;G;"Nais kong ika'y maranasan
Pagkilos mo'y aking inaasam
Pagka't sayo ko lng natagpuan 
ang tunay na kagalakan

Nais kong ika'y maranasan
tibok ng puso ko'y ikaw lamang
kaya't ngayon bukas at kailanman
Pagsamba ko'y iaalay

Walang hanggang kitang pupurihin
Walang hanggang sasambahin
Buong laman ng puso kong ito
ang mamalagi sayo

Walang hanggang kitang pupurihin
Walang hanggang sasambahin
Buong laman ng puso kong ito
ang mamalagi sayo

Nais kong ika'y maranasan
Pagkilos mo'y aking inaasam
Pagka't sayo ko lng natagpuan 
ang tunay na kagalakan

Nais kong ika'y maranasan
tibok ng puso ko'y ikaw lamang
kaya't ngayon bukas at kailanman
Pagsamba ko'y iaalay

Walang hanggang kitang pupurihin
Walang hanggang sasambahin
Buong laman ng puso kong ito
ang mamalagi sayo

Walang hanggang kitang pupurihin
Walang hanggang sasambahin
Buong laman ng puso kong ito
ang mamalagi sayo"
9660;Å du kjære Golgata / Kom til Golgata;F;"Å, du kjære Golgata
   hvor jeg min hvile fant!
Du som ble den offerhøy
   hvor soningsblodet rant.
Du er blitt for syndere
   et sikkert tilfluktsted
hvor de for sin sjel
   kan finne fred.

Kor:
Kom til Golgata du trette sjel!
Der har Jesus alle ting gjort vel.
Det var jo til Golgata
   Han dine synder bar,
ved Hans blod du
   full forløsning har.

Du som ingen hvile har,
   som trett av byrden er,
gå til Golgata, og se
   hva Jesus gjorde der!
Bøy deg ned ved korsets fot
   der synden ble betalt.
Åpne hjertet;
   si til Jesus alt.

Du som tviler i din sjel,
   takk Gud for Golgata.
Takk din Frelser at Han
   dine synder ville ha.
Pris Ham for den seier Han
   for deg på korset vant,
for det sted hvor
   soningsblodet rant."
