8;A chobot ayai mageng'ung';;"A chobot ayai mageng'ung'
Matiny komi nyalil; 
Amang'u Kaineng'ung', Jesu; 
Asubotin, Ine.

CHORUS
     Asubotin, Jesu Kristo,
     Eng' ole imakwa.
     Amache kityo agasin it; 
     Amache mageng'ung'.

A chobot awo ui tugul
Anan atebe ga.
Achame agon tugukyuk
Kotoret boisieng'ung'.

Acheng'e bik che tom kogas
Agobo yetunet.
Kagoningei, Jesu, iman; 
Amutun bik alak.

Kiachob muguleldanyu; 
Agase chamnyeng'ung'.
Ageni betunoto mie
Ye iweege kogeny."
86;Abaibai mising eng' Jesu;;"Abaibai mising eng` Jesu -
Ine ne kisorua.
Alosu inendet nguno
Ne Laitoriandennyu.

CHORUS
     Amu a sorunot; Amu a sorunot
     Abaibai eng' Kainennyi.
     Amu a sorunot
     Abaibai eng` Yetindet Jesu.

Atieni ra eng' boiboiyet
Amu Yetindennyu.
Amache agas it Jesu
Amu achame kot

Atinye Kristo ne yama
Ne Kosobindennyu
Kialena korotikyik
Che bo kamanutiet.

Atinye ga eng' kipsengwet
Ne chobwa Kwandanyu,
Ole tun amenye koigeny
Koboto Inendet."
87;Abaibai mising';;"Abaibai mising' amu Jehovah
Ne kigomwawech chamnyennyi ne o.
Mitei ng'alek che chang' eng' Buku-it,
Ago ne siirei ko chama Jesu.

CHORUS
     Abaibai amu chama Jesu,
     Chama Jesu, chama Jesu;
     Abaibai amu chama Jesu,
     Chama Jesu mising'.

Chama Jesu ak achame Ine;
Kigonyo ng'ony si kowalenagei.
Chamnyet ne o ne ki'gochi kome
Si kobiit anyor sobondo ne lee!.

Ana-e nee ale chama Jesu?
Angen amu mi muguleldanyu.
Kang'ang'wa Tamirmiriet ne Tilil
Kole o chamnyet ne chama Jesu

Kona ng'olyotab chamnyet kamuung'et.
Amang'u Jesu ne kona kalyet.
Mwee' o-indet eng' muguleldanyu
Ye amwachi ale. Chama Jesu"
235;Amache anai Jesu kot;;"Amache anai Jesu kot - 
Inendet ne kimecha keny.
Amache atesak inne
Eng' naetab Yetindennyu.

CHORUS
     Amache ng'alekyik;
     Achame koneta
     Siirei ng'alek alak tugul;
     Mwawech agobo sobondo.

Amache kineta ng'alek
Che mitei Bukuit ne Tilil.
'Neta tugukab Jehovah
Tamirmiriennyi ne Tilil.

Amache agiilge inne
Atese tai eng' orennyi.
Ng'ang'wa Yetindet magennyi
Agoi konyo kolaitoran."
237;Amachin Yetindenyun;;"Amachin, Yetindennyu,
Ak anyone nguno ta-ing'ung';
I-una eng' korotik
Si atebi kipkoi koboten.

CHORUS     
Eng' betut ak kemoi
Iborua  kimnateng'ung'
Inama eng' chamnyeng'ung'
Ak imuta, Jesu, arikyin.

I-ndoiywa eng' ng'onyuni
Amu mangen Oret anege.
Ye ayan ak agakten
Ko mabetwa agoi oreng'ung'

I-ngotesak chamnyennyu
Kot komaluuch muguleldanyu;
Si ye 'gesgei bandanyu
Imuta ga, barak kipsengwet."
240;Amang'u Kiptaiyandet;;"Amang'u Kiptaiyandet
Eng' betusiekyuk tugul.
Nganda ming'in kayanet
Amang'u Jesu Inegei.

CHORUS
     Amang'u Jesu  Kristo;
     Amang'u kota ami.
     Agoi a-it kipsengwet
     Amang'u Jesu kityo.

'Kweng'wa muguleldanyu
Tamirmiriet ne Tilil;
Inendet  ne 'gimita
Ngagochi Ine koboiywa.

Atienoti eng' oret
M'atiny  komi nyalilda.
Yama Kando-indennyu;
Amang'u Jesu Inegei.

Amang'u Inendet kot;
Amang'u eng' kotugul.
Eng' betut anan kemoi
Amang'u Jesu Inegei."
327;Anyiny kot Kainetab Jesu;;"Anyiny kot kainetab Jesu
Eng' chito ne 'yanat;
Igoigo-ech eng' nyalilda,
Onei Kaiyweisiennyo.

Isoobi sobonwekab bik
Che miandos eng' chalwok.
Ba-ei che sogityotin kot;
'Muung'jin che ng'etyotin.

Lumeiywondennyo Kainennyi,
Ruandet ak ko Long'et.
Kinyorune katerteret
Ak Kimnatet ne o.

Tisiindet Jesu, Mestowot,
Ne Konetindennyo,
Ta-unindet, Kagesunet,
Oret ak Sobondo.

Konech kibarte chamyeng'ung'
Eng sobennyo tugul,
Si kogaiga-ech eng' me-et
Kainetab Yetindet.

Ye tun ki-itu oldang'ung'
Ole imi, Jesu,
Kemi ak bik che kigondo
Ak kilosun mising'."
447;BABA NAOMBA;;"Baba naomba kubarikiwa nawe
Sitoki hapa usiponibariki
Baba naomba kubarikiwa nawe
Sitoki hapa usiponibariki


Baba naomba ufunuo wa kweli
Sitoki hapa usiponibariki
Baba naomba ufunuo wa kweli
Sitoki hapa usiponibariki"
480;Batlhabanedi Ba Jeso;;"Batlhabanedi ba jeso
Ba bapile le ena
Matlho a bona ke metsu
Ba lonela Morena

Chorus
Alleluja dumelang alelleluja
Mafatshe a tutumela
Mafika a phetsoha
Le dinaledi tsa wela
Letsatsi la fifala

Utlwa go tlhajwa mokgosi
Go tsosa ba ba suleng
Ba memewa ke moatlhodi
Ba tswa botlhe mabitleng

Itumeleng bana bame
Lona botlhe ba nthata
Siang mobu pahame
Tlang honna atamelang";
666;Bo Jesu tukukyuk tugul;;"Kinganai chamnyetab Jesu
Amete chalwok  tugul;
Kiging'ang'wa rirenennyi
Kingelenja, kimecha.
Kiagochige Yetindet
Kingelenja, kimecha.
Kiagochige Yetindet
Kingelenja, kimecha.

Bo Jesu tugukyuk tugul,
Agot atebosiekyuk,
Kabwatutlk ak boisionik -
Kiagochi chu tugul.
Bo Jesu tugukyuk tugul,
Kiagochi chu tugul.
Bo Jesu tugukyuk tugul,
Kiagochi chu tugul.

Kwong'utiet  ne ma mwa-oksei
Chamnyetab Yetindennyu.
Kimakwa aek lakwennyi,
AK a lakwennyi nguno.
Bo Jesu tugukyuk tugul,
AK a lakwennyi nguno.
Bo Jesu tugukyuk tugul,
AK a lakwennyi nguno."
668;Bolibeng Joa Mahlomola {Face To Face};;"Bolibeng joa mahlomola,
Moo ke neng ke tebile,
Ha ke se ke ea timela;
Jesu, u n'u nkhopole;
Ua hlaha, ua ntutubolla,
Ka tsota lintle tsa hao,
Ka tseba le ho nyakalla,
Hoba ke bone mohau.

Empa ke sa ntse ke khasa;
Che, esita le joale
Matsoalo a sa ntlhokisa
Tumelo ea sebele;
Ke hopola libe tsa ka,
Ke ntse ke itelela,
Ke mpa ka lebala ngaka
E reng e ka mphekola.

Jesu, u itse ho rona
Tlong ho 'na, le se tsabe!
Hase meokho ea lona
E ka le hlatsoang libe;
Ke 'na ke le fang tsoarelo
Ke 'na ea le folisang!
Morena, ha u rialo,
Re ka belae a joang?

Ke 'na ke le fang tsoarelo
Ke 'na ea le folisang!
Morena, ha u rialo,
Re ka belae a joang?"
675;Bonan, Sona O  Fihlile;;"Bonang, sona o fihlile.
Jesu ngaka ea batho.
O lerato, o sebete,
Bonang, ke eena Jesu!

CHORUS
O, bitso le ratehang,
Ke le letle hakaakang,
Ha le binoa ke batho,
Lebitso la Jesu!

Utloang, lona ba soabileng,
Le khathetseng lipelo;
Ea ka le tselisang o teng,
E s'e le eena Jesu!

Le libe tse ntso, tse ngata,
Tse le bakelang lefu,
O li hlakotse kaofela;
O, lumelang ho Jesu!

O, le lehlohonolo joang!
Le hopotsoe kajeno.
O fihlile ea le ratang;
Bonang ke eena Jesu!

Le mo fapheng ka lithoko,
Mo buleleng lipelo;
Mo amoheleng ka thabo,
Eena Morena Jesu!

Bitso la hae le nkhapile,
Le ntlhomolisa pelo;
Joale le ka mehla eohle
Ke tla bina le Jesu!"
676;Bonang, O Hlahile Marung;;"Bonang, o hlahile marung
Ea shoetseng batho khale,
O tla khutla leholimong
Ho phutha batho bohle.

CHORUS
Alleluya, alleluya!
Lumelang, alleluya!
Alleluya, alleluya!
Lumelang, alleluya!

Bahlabaneli ba Jesu
Ba bapile le eena,
Mahlo a bona ke metsu,
Ba loanela Morena.

Mafatse a thothomela,
Mafika a petsoha,
Le linaleli tsa oela,
Letsatsi la fifala.

Utloang, ho hlajoa mokhosi
Oa ho tsosa ba shoeleng,
Ba mengoa ke Moahloli,
Ba tsoa bohle mabitleng.

Lumelang, bana ba me,
Lona bohle ba nthatang,
Sieang mobu, le phahame,
Tlong ho 'na, atamelang!"
825;Chama Jesu, angen kot;;"Chama Jesu; angen kot;
Mwawa noto Buku-it.
Bo Jesu lagok tugul;
Ribei lnendet ichek.

CHORUS
Ee, chama Jesu!
Ee, chama Jesu!
Ee, chama Jesu!
Kimwawa lnendet.

Chama Jesu ne kime,
Ak kiyatwa kipsengwet;
Kiundo chalwogikyuk
Si amuch ait gonnyi.

Chamei Kiptaiyat Jesu 
Kondoiywa eng' bandannyu
Ngot asubi lnendet
Komuta ga kipsengwet

Nam sobondanyu, Jesu;
Itilil koek neng'ung'.
'Nyiitwa chamnyeng'ung' ne O
Si alosun kotugul."
1159;DINI YA MTINDO WA KALE;;"Nipe hiyo dini ya mtindo wa kale, 
ni zuri yanitosha
Nipe hiyo dini ya mtindo wa kale, 
ni zuri yanitosha
Nipe hiyo dini ya mtindo wa kale, 
ni zuri yanitosha"
1236;Dumela Fela;;"
Dumela fela!
Dumela fela!
Dilo tsotlhe di lokile!
Dumela fela!"
1237;Dumela Fela - Only Believe;;"Dumela fela
Dumela fela
Dilo tsotlhe di lokile
Dumela fela"
1247;E, Joale Ke Tla Oroha;;"E, joale ke tla oroha
Ka la Simeone;
Ke tsepile ho pholoha
Motseng oa Molimo.

O ne kene tempeleng,
A fihlela Jesu
Ea baletsoeng batho mehleng
Ke Molim' oa rona.

Jesu ka sebele-bele,
Seli la lichaba,
Tlotlo la Iseraele,
Hloho ea litaba.

Le 'na ke 'mone 'Moloki,
Ea ntefetseng libe;
Ke se ke le mopholohi,
Ngoana oa Molimo."
1263;Ee sobondanyu eb it;;"Ee , sobondanyu , eb it
Kong'alalun  Jehovah;
Machei konai Inendet
Ngot ichame eng' iman.

Mwa-ei Ine ko u  ni:
""Kiatiachin eng' tengek;
Kia'staun mileng'ung'.
Ak agonin kamuung'et.

Tos mi kamet ne utie
Lakwennyi ne chuchuni?
Agot ngo mamage kiy,
Ko mautien matiny.

Ma walaksei chamnyennyu;
O kot kosiir kipsengwet;
Ak tebees kosiir nyanjet ,
Ak ko Kim kosiir me-et

Ye tun `gesgei bandang'ung`
Ak anyo amutin ga,
Tos, anyorun igena?
Tos, ichama eng' iman?

Jesu, ming`in chamnyennyu.
A-arogene noto:
'Nyiita Tamirmirieng`ung.
Si kotesak chamnyennyu."
1265;Ee, sobondanyun, ilosu;;"Ee, sobondanyu, ilosu Laitoriatab kipsengwet;
Mwa kongoi amu kialin, ki'soobin, kinyoun kaat.
Inendet Laitoriandeng'ung', ne ma walaksei agoi.

Ee, sobondanyu, ilosu Jesu Kiptaiyandeng'ung',
Amu rirenech ge mising', Inendet ko bo chamnyet.
Nenyi kondit ak imanda. Ine ne iberurech.

Ee, sobondanyu, ilosu Jehovah ne Kwandanyo,
kanabech eng' eunnyi; ba-ech ak komutatech.
Mestowot ne mie Inendet ki kechirekyik achek.

Ongilosu achek tugul Inendet ne kisoruech.
Tun kilosu ak malaika ak tugul the kigondo.
Ongilosu Yetindennyo Laitoriatab kipsengwet!"
1474;Fatshe le teng je lentle;G;"Fatshe le teng je lentle thata, 
Tumelong le bonwa kgakala
Gonne Rara O re letile, 
Go re bakanyetsa bonno teng.

Chorus
Mo bontleng kgantele
Re tla rakana bontleng jole
Mo bontleng kgantele
Re tla rakana bontleng jole

Re tla rakana bontleng jole, 
Dikopelo tsa tshegofatso
Ga re ka ke ra hutsafala,
 E seng ka ntlha ya boikhutso

Go Rara Oa rona godimo, 
Re tla isa ‘pina tsa pako,
Ka neo ya Gagwe ya lorato, 
Le masego a re itshepisang."
1602;Ge Modimo A Le Teng Hayo Mathata;;"Ge Modimo a le teng hayo mathat
Ayo mathata, ayo ge Modimo a le teng.!!!"
1844;Ha Ke Le Tjee;;"Ha ke le tjee, ke le mobe,
Ke le ea khesehang,
Na har'a baetsalibe
'Na ke bonoe joang?

CHORUS
Jo, ke mohlolo-hlolo
Ha ke ratoa le 'na,
Ka rato le lekalo
Le ke Morena.

O nkentse joang moratuoa
Ntho e hlokolotsi,
Le taemane ea bohlokoa,
'Na, molefatse?

Oa mpatla, oa mpatlisisa
Ka lilemo-lemo;
Oa mphumana, oa mphelisa,
Oona Molimo

Ke phela ka boiketlo
Atleng tsa Morena;
Ke ka thaka ea leihlo
Le 'na ho eena."
1845;Ha Le Lakatsa;;"Ha le lakatsa ho tseba
   Kamoo ke pholositsoeng,
Mamelang ha ke le joela,
   Ke le supisa tsela

CHORUS
Jesu ke 'Moloki oa ka,
   O nkhethetse bolulo;
Kea mo rata, hob'a nthata,
   A 'neile bophelo.

Ke ne ke shoele melatong,
   Ke ne ke hloka tsepo,
Ke ne ke mathela lefung,
   Ke sa tsabe Molimo.

Teng, ka utloa evangeli
   E re, Jesu o nchoetse.
Ea e-ba sona sehlare
   Se thusang moea oa me."
1846;Ha Le Mpotsa;;"Ha le mpotsa tsepo ea ka,
   Ke tla re, ke Jesu;
Ke lapetse ho mo aka;
   Ha hae ke ha eso.

Le re, ke bone'ng ho eena?
   Ke bone phomolo;
Thabo e leng ho Morena
   Ha e na phetoho.

Ka na ka nyoreloa botle,
   Ka tsoatsoa ke batla,
Ka tsieloa ke ntho tshole,
   Ka falloa ke matla.

Athe Jesu o n'a mpona
   Ha ke lela joalo;
A mpitsa, a re: Tlo ho 'na,
   U fole matsoalo.

Joale ke khotse ka mehla
   Mohau oa Molimo;
Ke qalile ho iketla
   Tsepong ea holimo."
3356;Imuta Jehovah, mararua kiy;;"Imuta Jehovah; mararua kiy;
Amuunyi eng' oldanyi.
Imutyina beek Che sistos;
Isoobi sobondo.

CHORUS
     Wisis milennyi, nyamnyum choginnyi:
     Kiaguiye noto iman.
     Indoiywa eng' betut ak kemoi
     kona beekab sobon.

Arirjinin, Jesu, imutata;
Indoiywa eng' oreng'ung'.
Amache asub imanit
Agonyit Kaineng'ung'.

Agot ye abune oldab me-et
Tos a'ywe-i nee ne ya?
Mami toptobenet nguno:
Amite eunnyi."
3778;JESU ESIPHAMBANWENI    {Near The Cross};;"Jesu esiphambanweni
Ngokubona khona
Lapho-ke usekufeni
Uthwesiw' ukona
Jesu wami! Jesu wami!
Usihlenga thina
Kawunaz' izono wena
Wangifela mina

Ngimi esiphambanweni
Ngibuk' amanxeba"
3804;JESU NINGENAGA;;"Jesu ningenaga ni wendo ucio waku
Ugitikira kunguira o na itari kiene
Ngie kiirigiriro kiria itari mbere
Gia thumbi unjigiire iria itabuthaga

CHORUS
Mikuru yarika na irima cianeneha
Ndeithia Ngai wakwa ndikanorire kuo
Njeruhiria hinya tuika mundongoria
Na undeithie gukwihoka o na kuri nduma

Niwakiririire hau mutharabaini
Ukiambwo nigetha ngainia thumbi io ya 
muoyo
Kihe ukiririria rugendoini ruru
Na uhe ngoya witikio ndurikie kiriti

Rimwe nihotagwo na ngagia na nganja
Ngona rugendo rwaraiha na ngoruo ni hinya
No ngaigua mugambo wa Jesu munyendi
Ukinjira nyumiririe tondu akirie guka

Ngai uria wari ho hindi ya Danieli
O na riu ari na hinya ndagarurukaga
We ni mwihokeku ndagarurukaga
Ona hindi ya mathina ndagarurukaga

We wi rugendoini ndukorwo ni hinya
Mbara na ikeno cia thi ino ikirie guthira
Jesu akirie guka agatuhurukie
Kuria gutari maithori na gutari thina"
3805;Jesu O Ne A Shwela Calvary;;"Jesu o ne a shwela Calvary
Ka lebaka la dibe tsa rona,
Iyo, iyo Calvary,
Iyo, iyo Calvary,
Iyo Calvary,
Iyooo."
3810;Jesu Wakafira;;"Jesu wakafira paCalvary
Wakafira zvivi zvangu
Iyo Calvary
Iyo iyo Calvary, iyo iyo Calvary,
Iyo Calvary

Ipo pagorogota
vakapedza nhamo dzangu dzese
Iyo Calvary
Iyo iyo Calvary, iyo iyo Calvary,
Iyo Calvary

Muchinjikwa ndauona

Chorus:
Jeso o na shwela Khalvari (Jesus died in Calvary)
Ka le baka la dibe tsa rona. (Because of my sins)
Iyo iyo Khalvari, iyo Khalvari iyo (Iyo Calvary)

A thakgiswa morena Jeso (They crucified my Lord Jesus)
A thakgiswa bakeng tsa rona (Crucified Him for my sins)
Iyo iyo Khalvari, iyo Khalvari iyo (Iyo Calvary)

Bamo tshwara morena Jeso (They took my Lord Jesus)
Bamoisa thabeng ya Gologotha (Took Him to the mountain of Golgotha)
Iyo iyo Khalvari Iyo Khalvari iyo (Iyo Calvary)

Iyo iyo Khalvari, iyo iyo Khalvari, iyo iyo Khalvari, iyo Khalvari iyo
Iyo iyo Khalvari, iyo iyo Khalvari, iyo iyo Khalvari, iyo Khalvari iyo"
3812;Jesu Wakanakandomurova Satani;;"Jesu wakanaka (hiya)  }x2
Jesu wakanaka hiya-ya-ya
hiya, hiya

Chorus
Hiya-hiya (hiya)  }x2
Hiya-hiya hiya-ya-ya
hiya, hiya!

Ndokurova satani (rova)  }x2
Ndokurova satani mbama,
chibhakera, bhutsu, hedha!

Ndokurova makuhwa (rova)  }x2
Ndokurova makuhwa mbama,
chibhakera, bhutsu, hedha!

Ndokurova kunyepa (rova)  }x2
Ndokurova kunyepa mbama,
chibhakera, bhutsu, hedha!

Ndokurova cancer (rova)  }x2
Ndokurova cancer mbama,
chibhakera, bhutsu, hedha!"
3821;Jesu, mestowot Indoiywech;;"Jesu, Mestowot, i-ndoi-ywech;
Ribech eng' euneguk.
Ki cheguget; nyo iyumech;
Egu Kando-indennyo.
Jesu Kristo, iberurech;
Ki-i-alech; ki cheguk.
Jesu Kristo, iberurech;
Ki-i-alech; ki cheguk.

Ki-imwa ile itaa-chech
Nganda ki muruonen  kot.
Soruech, Jesu , eng' chamyengung ,
Ak itililech iman.
Jesu Kristo , iberurech;
Namech eng' euneguk.
Jesu Kristo , iberurech ;
Namech eng' euneguk.

Toretech keyai mage-ng'ung`
Eng' betusiekyok tugul.
Inyiitech  Tamirmirieng'ung;
Ba-enech Ng'olyondeng'ung'
Jesu Kristo, iberurech;
Ak igaswech saennyo.
Jesu Kristo, iberurech;
Ak igaswech saennyo."
4036;Joko eahao e bobebe;;"Joko eahao e bobebe
E nkhatholola pelo
Tumelo ho nna ke thebe
E tla mphemisa lefu
Nyakallo ke e fumane
Tseleng ea hao Morena
Lira ho 'na li qhalane
Ke hloletsoe ke uena

U re ho 'na ke lelale
Ke tshepe leholimo
Moeti ha a khathale
O pepjoa ke Molimo
Efela ho lutse joalo
Esale u nthatile
U mpholisitse matsoalo
'Me joale ke thabile

Ha ke hlaheloa ke lillo
U ntekola ka mosa
U ntlela ka lipolelo
Tse phakisang ho nthusa
Ha ke re ke mofutsana
U re: Che, u na le 'na!
Ha ke re: Khoro ea hana
U re: Che, U tla kena!

Ho tla ba joang ha ke siea
Kobo ena e bolang
Ke be joale ka Elia
Ka koloing e fofang?
Ke tla opa ka liatla
Ke tla re: Alleluya!
Alleluya ho senatla
Se nkenyang ha Jehova!

Ke tla opa ka liatla
Ke tla re: Alleluya!
Alleluya ho senatla
Se nkenyang ha Jehova!

Re tla opa ka liatla
Re tla re: Alleluya!
Alleluya ho senatla
Se nkenyang ha Jehova!"
4148;Kagonech Jesu boisienyi;;"Kagonech Jesu  boisienyi
Kemwaite yetunet,
amu mi bik che lusyotin
Che tom kogas ng'alek.

CHORUS
     Kiyae boisienyi
     Kiyae boisienyi
     Kiyae boisienyi
     Agoi komutech ga

Boiboi inne bikab Jesu
Che ya-ei magennyii
Amu mi boiboiyet ne o
Ye kase it komie

Obwa, keyai boisiet Inne
Ketoret bik alak,
kerire bik Che nyalildos
Koboto Che miandos

Kigogochi Jesu borwekyok
Koboto tugukyok
Asi koboi tuguk
Keya-e boisiennyi."
4183;Ke na le Moemedi;;"Ke na le Moemedi moya o halelang
Moya o halelang.

Jesu uyimpedulo yezwe elonakele
Yezwe elonakele"
4184;Ke Na Le Molisa;;"Ke na le molisa,
Ke tla be ke hloka'ng?
Ke ea ipitsang Jehova,
Molimo o phelang.

O nkisa botaleng,
Lijong tse mphelisang;
O nkalosa lin�kaneng,
Metsing a nkholisang.

Ha ke lahlehile,
O nkhutlisetsa hae;
O nkisa tseleng ea 'nete
Ka lerato la hae.

Leha ke tla feta
Khohlong e  lefifi,
Ha nka ke ka tsoha tsela
E chehiloeng lifi.

Ke tsepa molisa,
Ea lisang ka lesoai;
Ke eena ea tla ntselisa
Ka mohau oa hae.

Lira li ka ntlhoea,
Ke sa ja monono;
Mohope oa khaphatseha
Ke lutse ka thabo.

U sa tlampaballa
Ka bophelong bona;
'Me ke tla hlola ka mehla
Ka tlung ea Morena."
4185;Ke Se Ke Utloile;;"Ke se ke utloile,
Jesu, ha u mpitsa;
U mpona ke lahlehile,
U re ua mpholosa.

CHORUS
E, ke lumetse,
Nthole Morena;
Ntlhatsoe, ntlhokolisise,
Ke be motle le 'na

Ke tla ka litshila,
Ke moetsalibe;
Ke tla ke le feela-feela;
Oho, nkhauhele!

Nkapese ka matla,
Uena ka sebele;
Ntlholele sebe ka mehla,
U nketse mohale.

Uena ea mpitsitseng,
Nthuise tumelo.
Lerato le phethehileng,
Le khotso le thabo.

U ntlhoekise pelo,
U mpuse le kutlo,
Tsohle tse ho 'na tsa botho,
Li khanye ka hloeko."
4186;Ke sikiloe ke Jesu;;"Ke sikiloe ke Jesu,
  Ke lutse ho eena;
Fubeng sa hae kajeno
   Kea khatholoha.
Ke apare lerato
   Ke matsatsi ' ohle,
Che, ha ke tsohe letho,
   Ke bolokehile.
     Ke sikiloe ke Jesu,
       Ke lutse ho eena;
    Fubeng sa hae kajeno
       Kea khatholoha.

Ke bone satsabelo
    Pelong ea Morena;
Teng tsabo, pelaelo,
   Ha li na ho nkama.
Masoabi le meleko,
    Ho teneha pelo,
Li felile, ke thabo,
    Sefubeng sa Jesu.
      Ke sikiloe ke Jesu.
   Ke sikiloe ke Jesu...

Lefikeng la ka mehla
  Le 'na ke theile;
Leha meea e puka
   Ha ke sisinyehe.
Na nka sisinyeha jong,
   Ha ke le ho Jesu?
Li tla feta tse ntsoenyang.
     Esita le lefu.
Ke sikiloe ke Jesu"
4219;Ki lagok che mengech;;"Ki lagok che mengech, 
ki mengech iman;
Kagoguurech Jesu 
kole kebwa ra.

CHORUS
Ngot kiyan Inendet 
kota ki mengech 
Ke-egu choronokyik 
amu kigomwa.

Choronokab Jesu, 
ongisub Ine;
Namech eunekyok 
si kenai oret.

Ongegas it Jesu, 
achek lagokyik,
Amu bo iman 
ng'a1ekab Yetindet.

Ongecham Inendet 
betusiek tugul,
Si tun kebe barak 
ak kegeer Jesu"
4232;Kichamech Jesu;;"Kichamech Jesu, kinyo koyetech, 
Kinyo komechech achek tugul. 

CHORUS
Kichamech Yetindet; machei koyetech; 
Machei komutech gab Jehovah. 

Wechech bunyondet, masambwanindet; 
Machei komutech oldab oik. 

Ya koret ne bo masambwanindet; 
Arogendos kot oik tugul. 

Kigoyok Kwanda Werinnyi Jesu; 
Kinyo konetech ng'alek che Miach. 

Machei komutech kebe orennyi; 
Machei kobaiba-it chi tugul."
4247;Kilosu Jehovah Kamuktaindet;;"Kilosu Jehovah Kamukta-indet
Amu kigochobwech katiaget ne o.
Kigonech Inendet Jesu Werinnyi
Koek Tiseiywondet ne 'stawech me-et.

CHORUS
Kilosu! Kilosu!
I-ngogas bik tugul!
Kilosu! Kilosu!
ki boibo-en inne.
Obwanji Jehovah eng' Jesu Kristo;
Olosu Inendet, Kamuktaeindet!

Kigonech Yetindet sobondo ne leel;
Kialech Inendet eng' korotikyik.
Chalwogindet ne ya ne siirei tugul
Kosichei sobondo ye sik eng' iman.

I-netech Jehovah ng'alekyik che miach;
Kigasige mising' eng' Tamirmiriet;
Ago tun kiboibo-itu kot kosiir
Ko kagegeer Jesu, Kiptaiyandennyo."
4258;Kimen arorutikab Yetindenyu;;"Kimen arorutikab Yetindennyu,
Choto che atonone eng' sobennyu.
Abaibai mising` eng' muguleldanyu
Agobo kayomisutikyik.""

CHORUS
     Ri . .ba,          ri .. ba;
     Riba arorutikab Kamukta'indet.
     Ri .. ba,          ri .. ba;
     Atonone kayomisutikyik.

Ye anyoru kanjobet ak ka-iimet
Kogimita arorutikab Jesu.
Aterterisie-i ye rikya bunyot;
Kimen kot ng'aleKab Kiptaiyat.

Ng'olyotab Jehovah ne atonone
AKk aebe it agas Tamirmiriet .
Ma-amuchi abagach Yetindennyu
Amu riba arorutiKyik."
4272;Kinyo kamet ne bananat;;"Kinyo kamet ne bananat
Nganasetab Bethlehem
Kimogonji lakwet Jesu
Mo-ingetab kaptugut.
Ki Yetindet Inendet -
Werit ne bo Jehovah.

Ki'yok Kwanda Werit Jesu
Koek Sorunindenyo;
AK kicham Yetindet  Jesu
Kobagach talbistanyi
Kigonam  itondab chi
Ak kocham koming'inngei.

Kingota ko lakwa  Jesu
Ko kigas it kamenyi;
Ak kitesak  ng'om-natennyi
Eng' mie-indab Jehovah.
Kigiyom ko u  achek
Ago kima yai tengek.

Koboch  yoto agoi rani
Ko kiek kaborunet ,
Amu kigogas nyalulet
Ko u  nyalulenyo ra .
Tun kigeere inendet
Laitoriatab Kipsengwet"
4279;Kisikyi bergeiyat lakwet kaptugut;;"Kisikyi bergeiyat Lakwet kaptugut,
Amu kibet ole kisikyin eng' go.
Ki'kweng'ji kecheik Ine ye kimi
Koru-ei Kiptaiyat Jesu eng' kaptich.

Kigos Lakwanato koutos tuga,
Ago ma rir Ine ne Yetindennyo.
Achamin, Kiptaiyat; amakyininge.
Amache iriba eng' kemouni.

Asa-in inegitena, Kiptaiyat;
Indoi'ywa kochulyo, ak imutata.
Ribote lagok ak iberur ichek,
Si tun keitu kipsengwet oldang'ung'."
4294;Kona amitwagik, Yetindenyu;;"Kona amitwogik, Yetindennyu,
Ko u ye Ki-igochi bikab keny.
Tom anai Ng'aleguk; teswa, Jesu.
Amachin kot, Inye ne isobe.

Kona sobondang'ung', Yetindennyu,
AK ineta logoiyweguk che miach,
Asi aborji bik Che tom kogas.
Ba-e sobondanyu Ng'olyondeng'ung'.

'Berurua Ng'aleguk, Yetindennyu;
Amache ineta imandang'ung',
Si awech ya-itiet age tugul,
AK komiagitu atebosiekyuk.

'Nyiitwa muguleldo Tamirmiriet
Koyatwa konyekyuk si ageerto.
'Borua imanit eng' Ng'olyondeng'ung',
Si ageer Jesu eng. ng'ang'utieng'ung`"
4357;Kuurech Jesu;;"Kuurech  Jesu, Yetindennyo,
Ke-egu kasubikyik.
Kuurech eng' betusiek tugul,
Kolen, Osubwa nguno.

Kiguur Jesu bik atkinye
Eng' emetab Galili.
Kibagach gorik ak bikwak
Amu Kainetab Jesu.

Kuurech  Jesu, agot rani,
Kisubote Inendet,
Len, Omete kanamonik,
AK oloswa Anege.

Kuurech Jesu eng' ng'onyuni
Kecham Inendet  kosiir,
Agot ngemi nyalilwogik
Anan kemi boiboiyet.

Ee, Kipt,aiyat, rireneige,
Toretech kegasin it ,
Si keotin eng' sobennyo ,
Kechamin kosiir tugul ."
4517;Lekunutung le Morena;F;"Lekunutung le Morena,
O, ho monate hakaakang!
Ke buisana le eena
Kamoo pelong ke ikutloang.
Ke 'molelle litsietsi
Tse nkhathatsang tsa lefatse,
Ke role tsohle ho 'na,
Lekunutung le Morena.

Lekunutung le Morena
Ke fumane setsabelo.
Ke phemela teng mamena,
Liqhafutso le meleko.
Leha sera se bohale,
Se ntlohela, se balehe;
Ha se nkoela, se mphumana
Lekunutung le Morena.

Lekunutung le Morena
Ho 'na ke lehlohonolo;
Ha ke bua, oa 'mamela,
O nkaraba ka lerato.
Ha ke 'matla sefahleho.
Ka pelong ho tlala thabo;
Ke monyaka, ha ke kena
Lekunutung le Morena.

Lekunutung le Morena
Hoja nka ba teng ka mehla,
Ka mamela, ka mo boha,
Ka utloa ke khatholoha!
Ke khora khotso ea 'nete
Ha ke buisoa ke Ntate,
Ke ntse ke lumelloa le 'na
Lekunutung le Morena."
4872;Luimbo Lwa Ria u renda Murena;;"Ri a  u renda Murena
Ri na dakalo nga Iwe
Ri tshi di tshila zwavhudi
Nga mbavhalelo yau Khotsi

Ro phuluswa nga tshilidzi
Nga zwifhiwa zwau zwothe
Lufuno lwau luhulu
Lu ri takadza dzimbilu

Fhembeledza-vho vhana vhau
U vha khwathise ndilani yau
Shela Muya wo Khethwaho
Ri dale rothe nga dakalo

Ri fhe u takalelal-vho
Madzanga othe e war i fha
Dzina lau li rendiwe
Iwe Murena wa zwothe"
4875;Lumela Fela;;"Lumela fela,
Lumela fela.
Tsohle lilukile,
Lumela fela."
5013;Matla re nehilwe;;"Matla re nehilwe (Re nehilwe matla)
Matla re nehilwe (Re nehilwe matla)
Matla re nehilwe (Re nehilwe matla)
Ka lebitso la Jeso

A re fodisa, a re phedisa
Nakong tse boima, maphelong a rona
(repeat)"
5014;Matla re neilwe/ Simba Takapihwa;;"Matla re neilwe
Re neilwe matla x3
ka lebitso la Jeso

A re fodisang
(Re neilwe matla)

A re nyadisang
(re neilwe matla

A re thatosang
(Re neilwe matla)

Re neilwe matla
ka lebitso la Jeso x3

A go Fodisa 
(Re neilwe matla)

Nonkondo gadi tupa
(gadi tupa nonkondo)x3
Medina iya Jesu

Gokutu verura 
(gadi tupa nonkondo)x3
Medina iya Jesu

Simba takapihwa
(Takapihwa simba)x3
Nemuzita raJesu

Rinopodza
(Takapihwa simba)x3
Nemuzita raJesu

Rinotibvuta
(Takapihwa simba)x3
Nemuzita raJesu";
5138;MINA, JESU, NGIYINDLELA;;"Mina, Jesu ngiyindlela,
Neqiniso nokuphila;
Wozanini , nisondele,
Namkeliswe usindiso.

Jesu, wena uyindlela
Soya ngawe ezulwini
Weza wasihlawulela,
Wasikhipha ebubini.

Jesu, wen' uliqiniso,
Ngawo onk'amazwi akho;
Konke okuyinkohliso
Kubi ebusweni bakho.

Jesu wen' ungukuphila
Singathemba sonke kuwe;
Uphilisa im'phefumulo
Yabo abakholwa kuwe.

Jesu wena oyindlela,
Neqiniso, nokuphila!
Siyabonga nokubonga;
Siyethemba nokwethemba."
5152;Mitei Lapkeiyet bandanyu;;"Mitei lapkeiyet bandanyu tugul,
Ye asiire tulwet anan Soi.
Kile Jesu, ""Magoi abagakten.""
Kosulda, anyun, ng'olyondennyi.

CHORUS
     Lapkeiyet Jesu ne bo kipsengwet
     Ne kikokweng'wa muguleldanyu.
     Haleluya! Abaibai mising' ;
     Agasige eng' Yetindennyu.

Nganda mi nyalil komoswek tugul,
Ko magoi tekta Yetindennyu.
Jesu ko lapkeiyetab ng'onyuni.
Negitena Ine kotugul.

Awendi gonnyu ne kigechobwa ;
Alosunoti eng' bandanyu.
O boiboiyet eng' muguleldanyu -
Abune lapkeiyetab chamyet!"
5159;MLIMA WA ZAYUNI;;"Mlima wa zayuni unameremeta
Mlima wa zayuni unameremeta
Mlima wa zayuni unameremeta
Tupande tuokolewe

Vijana wakipanda wanaokolewa
Vijana wakipanda wanaokolewa
Vijana wakipanda wanaokolewa
Tupande tuokolewe";;
5169;Molimo Re boka wena;;"Tsotle, tsotle li entsweng ke wena:
Molimo Re boka wena.

Molimo Re boka wena![2]"
5181;Mona Mona Mona;;"Re tla lula re rapela,
Mona mona mona.
Mona mona mona,
Mona mona mona,
Re tla lula re rapela."
5207;Morena Ditheto A Shidiwe;;"Morena ditheto a shidiwe,
Morena ditheto di a go swanela,
Shidiweeeeeee.!!!"
5270;Munsosho Kuti 'ne Nsose;;"Verse 1
Munsosho kuti 'ne nsose
Umusango umo wine;
'Fyo mwalefwaya, kamfwaye
Abana benwa baluba.

Verse 2
Muntungululyo kuti 'ne
Ntungulule abaluba,
Mundisho kuti 'ne n
Ndishe abana benwa ba nsala.

Verse 3
Munkoshe mu kwiminina pa libwe lya myaka yenu,
Ntabikyo kuboko kwandi ku bantwa baleibila.

Verse 4
Mumfundisho kuti mfunde
'Fintu fyenu ifya cine,
'Mashiwi yandi yengile mu ba mitima yakosa.
Mumpelyo butusho, 'kuti nsose no kutemwa;
Amashiwi ayalinga ku bafwilwa, 'ba bulanda.

Verse 5
Mumpale mwe mfumu yandi, 'kutyu mutima wisule
'Matontokanyo ya luse,
Mbalangyo ukutemwa kwine."
5670;Ndofamba Ndofamba;;"Ndofamba, ndofamba, 
Ndoshuva kudenga,
Kunyika yaTenzi, 
Isina nenhamo.

Fambai vatendi, 
Kunyika kureyo,
Inoda vasimbi 
Kusvikayo nyika

Upfumi huriyo, 
Hakuna murombo
Hakuna neumwe, 
Neumwe hakuna.

Madzinza ariyo, 
Kunyika yaTenzi,
Havachazochemi, 
Havana rusuvo.

Vatsvene variyo, 
Vafara zvikuru,
Vaiwona'yo Nyenye, 
Mufiri wevese

Majaya musatye
Kufamba murwendo
Rwunoda vasimbi
Kusvikayo Nyika

Mhandara musatye
Kufamba murwendo
Rwunoda vasimbi
Kusvikayo Nyika

Madzimai musatye
Kufamba murwendo
Rwunoda vasimbi
Kusvikayo Nyika

Madzibaba musatye
Kufamba murwendo
Rwunoda vasimbi
Kusvikayo Nyika

Vatsvene musatye
Kufamba murwendo
Rwunoda vasimbi
Kusvikayo Nyika

Chitsike chitsike x 3
Chitsike Satani.

Ndouyawo ndouyawo
Ndouyawo kudenga

Hei wena hei wena
Hei wena hei wena Satani"
5749;Ng'o ne chobot konyo taitab Jesu?;;"Ng'o ne chobot konyo taitab Jesu
Ne machei konyor sobet ne leel?
Nyo Si ke`sta-un miletab tengek
Eng' korotikab Yetindet.

CHORUS
     Kimen mising', kimen korotik
     Kounun . . mugulel
     Kimen mising', kimen korotik
     Kounun muguleldang'ung'

Mi ng'o ne ratat eng' chalwogikyik
Ne lusat iman eng' ya-itiet?
Nyo si kitiachin eng' tengektang'ung'
Asi ibaiba-itu kot.

Ng'o ne chobot koboisiechi  Jesu?
Isom toretet eng' Kwandang`ung'.
Konin Inendet Tamirmiriennyi
Kogimitin eng` boisieng'ung"
5772;Ngelinye I Langa UJesu;;"Ngelinye I langa uJesu 
 siza mubona.
Siza hlangabezu 'uJesu 
 Umsindisi.
Siza hlanga bezu 'uJesu
 Emafini
Siza hlangana loJesu konale
Siza hlangana loJesu konale

Chorus
Oh halelujah sohlabelela
Sithokoza laba ncwele bonke
Ufanelwe ubuNkosi wena-a
Owa nxoba wasifela thina
Wasifela thina
Owa nxoba wasifela thina
Wanxobela thina
Owa nxoba wasifela thina

Nerimwe zuva Jesu tichamuona
Tichasangana naJesu Muponesi
Tichasangana naJesu mumakore
Tichasangana naJesu ikoko
Tichasangana naJesu ikoko

O halelujah tichazoimba
Tichifara nava tsvene vose
Makafanirwa neumambo Imi
Makakunda makafira isu."
5873;Nkhurumetsa ka Diphuka - Cover Me With Your Wings;;"Nkhurumetsa ka Diphuka tsa gago
Mpipa Jeso ke se Boife
Mo lefifing, Ditlading, serameng, Diphefong
Mkhurumetsa ka Diphuka tsa gago

Fa mangole a kwetla
Ke felelwa ke maatla
Fa lesedi le fifala
Nkhurumetsa ka Diphuka tsa gago";
5970;Ntate ke Mang;;"Lefelleng mo ke tsamayang
Ho lahlela ba banganta
Empa nna ke monnga tsele

Ntate ke mang ya kang ka wena
O tshwanetswe ke Thoriso
O Morena wa Morena
O Kgosi ya liKgosi
Molefatsheng le mahodimong
Hao ya tshwanang le wena

Hao ya tshwanang le wena
Hao ya tshwanang le wena
Hao ya tshwanang le wena
Hao ya tshwanang le wena
Hao ya tshwanang le wena"
6016;Når jeg ser min kjære frelser / Grepet da jeg blir;E;"Når jeg ser min kjære Frelser
dø for meg på Golgata,
ser hvor tungt min Her-re kjempet
mens for meg Han livet ga.

chorus
Kor:
Grepet da jeg blir,
alt til Ham jeg gir
Han mitt liv mitt alt skal ha.
Stille kneler jeg ved korset;
takk, O kjære Gud for Golgata!

Når jeg ser hvor blodet flyter
fra det åpne side sår,
ser at lyset mørket bryter
mens mot Golgata jeg går.

Og jeg ser Ham henge sille
til sin Brud Han ga sin Ånd.
Det er bare ett Han ville:
Løse alle syndens bånd."
6036;O chamyeng'uny' yetindenyo;;"O chamyeng'ung', Yetindennyo,
Kosiir chamyosiek alak.
Ki-ichoruge ng'onyuni
Imeny mugulelwekyok.
Jesu, o kot rireneng'ung'
Ne. ma'gesugei agoi.
Nyo, Kaberurindet, rani,
Ak irong'wech chamyeng'ung'.

Nyo inyita Tamirmiriet
Si kegimegitu kot!
Konech kiterter o-indet
Eng' kayomisutiguk.
'Stawech magutik che yaachen -
Kimachin, Inye, kityo.
Toretech kegakten, jesu,
Eng' betusiekyok tugul.

Ng'ang'weige eng' Ng'olyondeng'ung'
Ak iboruech mageng'ung'.
Konech ke-ige Inyendet.
Toretech kegasin it.
Ki otwogiguk, Kiptayat,
Che kiboisie' eng' chamyet.
Nyolu kitororin mising,
Inye, Laitoriandennyo."
6157;O, Mohau Oa Molimo;;"O, mohau oa Molimo
Ke koetsa e kaakang!.
E ka ba ofe molomo
O ka o bolelang?
'Na, esale o mphihlela,
Ke maketse feela!

Molimo o n'o mphumane
Tselang ea tahleho;
Tsa lefatse li ntahile,
Ke felile kutlo;
Ke pheella, ke mathela
Bosaoana feela.

Ke busoa ke litakatso
Tse jang pelo ea ka;
Li mpofile ke le mofo,
Ke hola le tsona.
Ke ne ke se na ho hana,
Leha li mpolaea.

Jo, motho ea thotofetseng,
Ea shoeleng le mahlo,
Ka mathela boreleling,
Lintsing tsa selomo!
Jo 'na, ke ne ke mo soma
Ea reng oa ntemosa!

Ke ha Jesu a mphallela
Ka mohau oa hae;
Hoja a ntlohetse feela,
Na nka be ke le kae?
A phakisa a ntlhoibila,
A ntsoara ka phela.

Ke ha a mpusetsa tseleng,
A 'nea le kutlo;
A khaola tse ntlamileng,
A mpha le bophelo.
Ka utloa ke fetohile
'Me ke pholohile!"
6173;Obwanjin Jesu;;"Obwanji Jesu, mat ogage;
Kuurech Inenda eng. ng'alekyik;
Mwawech nguno eng. chamnyet ne o,
Kole, ""Osubwa ra.""

CHORUS
     Tun kigeerege eng' boiboiyet,
     Ye kibe Ole mami chalwok;
     Kigeerin, Jesu, iman, kimni,
     Eng' barak kipsengwet.

Amo-ete lagok che mengech
Kobwanji Jesu kogas ng'alek.
Kuursei Inendet eng' talasiet -
Obwa, amogage.

Obwa osigu eng' ya-itiet;
Rani ko betutab chamjinet,
Kuurok Ine nguno eng` chamnyet.
Mo-esie kuursennyi."
6178;Ogas okwek Logoiywechu;;"Ogas, okwek, logoiywechu,
Okwek, bik tugul che mi ng'ony;
Nyonei Jesu bandab aeng',
Nyonei komutech kebe ga.

CHORUS
     Kiptaiyat naman eu nyun, 
     kiptaiyat sigeben tuwai, 
     kiptaiyat naman eun nyun, 
     kiptaiyat nyon siberuro

Manyonei ko u atkinye
Eng' rirenennyi ne bo ge;
Ago tun nyonei koborjin
Laitornatennyi ng'onyuni.

Tugul che ma'yani Jesu
Konyoru betutab nerek,
Amu kiruokyin cho tugul
Ak kibeelei ko u suswek.

Amite ana anendet
Eng' betunoto bo nerek?
Tos, a chobot eng' betuno
Ye tun kiguutei irtaget?

Kristo, amache awendot
Eng' kayanet ne nyiitat kot;
Ribota ak igimita
Agoi iweige ng'onyuni."
6381;Ongetien kilosu Jesu;;"Ongetien kilosu Jesu
Ak Jehovah Kwandanyo,
Amu chobwech koret ne mie
Eng' Olin bo kipsengwet.

CHORUS
     Tun kimu . . tech kipsengwet
     Ketuitoisi  tugul eng  boiboiyet.
     Ye kigeer Kiptaiyat
     Ketieni tiendab boiboiyet.

Magitebye em' ng'onyuni
Amu ki kipruto-in.
Ta kebendi ga kipsengwet
Ole mitei Kwandanyo.

Ongigiilge kisub Jesu,
Keboisiechi kotugul.
Ye tun kage-it kipsengwet
Kegeer Kiptaiyandennyo."
6443;Otononie eng' Jesu;;"Otononie eng' Jesu,
Askarikab Kristo.
Onde barak songoliet
Ne ba-ornatennyo.
Oba luget ak Jesu;
Amat ongeng'etye
Agoi kiterter tugul,
AK koboi inendet.

Otononie eng' Jesu
Amu korom boriet.
Betutab Kiptaiyat ra;
Iterteri iman.
Ongebe ak Inendet
Amu Chang` bunikyok;
Jesu  ko kimnatennyo
Ne igimitatech.

Otononie Eng' Jesu -
Nenyinet kamuget;
Mayamech kimnatennyo
Ne bunu borwekyok.
Olaach Logoiywek Che miach,
Che karikab luget
Ogiilge eng' sautik ;
Amat ongebe let"
6828;Re ta Moratela;;"Re ta moratela Morena
  Re ta moratela
Re ta moratela Morena
  Re ta moratela

We will follow Jesus Christ...";
6829;RE YAMOLEBOGA;;"Verse 1
Re ya mo leboga,
Re ya mo leboga,
Re ya mo leboga
Modimo wa runa

Verse 2
Ga a yo yo o tshwanang le ena,
Ga a yo yo o tshwanang le ena,
Ga a yo yo o tshwanang le ena
Modimo wa runa.

(Tule Mitotela)"
7039;Se Teng Seliba Sa Mali;;"Se teng seliba sa mali
Aletareng ea tefelo.
Liba see e leng sehlare;
Matl'a sona ke bophelo.

Baetsalibe ba batso,
Ba se kenang ka tumelo,
Ba tloha teng ka bosoeu,
Ka thabo le ka tsoarelo.

Esale ke itihatsoa teng,
Ke ntse ke bina topollo;
Ke be ke kene Moreneng
Bolulong ba linyakallo.

Mohlang oo, ke tla kopana
Khanyeng le bohle ba h'otseng,
Ba binang pel'a Konyana
Rato le ba lopolotseng.

Ba re: Amen, alleluya!
Ba re: Amen, alleluya!
Ba re: Amen, alleluya!
Ba re: Amen, alleluya!"
7055;Sefapanong Ke Boha;;"Sefapanong ke boha
Uena 'Moloki oa ka;
Mali a tsoang maqebeng,
Le metsi lehlakoreng,
Ka 'ona, ke re ntlhatsoe,
Ke be motle, ke loke.

Nka sebetsa joang le joang,
Ha ho letho le thusang;
Kapa e leng likhapha,
Mahloko, mahlomola;
Be se ke ke sa tlosoa,
Ha e se k'uena feela.

Leha nka tlisa gauta
Tsa lefatse kaofela,
Ha li na ho talingoa,
Ha li na ho ntopolla.
Ke tla ke tsepa uena,
Ke se ke ka timela.

Ke se ke tla tsamaea
Eto la ho qetella;
Pel'a hao ha ke fihla,
U se ke ua nteleka.
Uena lefika la ka,
Ke tsabetse ho uena."
7224;Singaba Hamba;;"Singaba hamba yo thina kul lom hlaba ke pha sin e kha ya, e Zul wi ni
Singaba hamba yo thina kul lom hlaba ke pha sin e kha ya, e Zul wi ni
ha le lu ya, ha le lu ya, ha le lu ya
ha le lu ya, ha le lu ya, ha le lu ya"
8286;Tichanoimba Hosanna;;"Tichanoimba Hosanna,
Tichanoimba Hosanna,
Pakutenderera pachigaro
chaMambo,
Tichanoimba Hosanna.

verse 2
Kunoshamisa ikoko
Kusisina mitoro

Re tlo bina Hosanna (x3)
Re dikologe sedulo sa bogoshi,
Re tlo bina Hosanna"
8391;Tos a chi ne kim eng' Jesu?;;"Tos, a chi ne kim eng' Jesu?
Chinnyi ne bo luget?
Tos, alilani asubot
Ak amwaita-ege?

Tos, nyolu kimuta barak
Eng' talbisto ne o,
Ye ya-ei bik alak luget 
Kotumdoi korotik?

Tos, manyoru bunik eng' tai
Che machei kebarge?
Tos, chamei ng'ony ne bo chalwok
Kogiila eng' oret?

Mitei luget ne o ne bo iman
Ne machei kimnatet.
Ago igiila Kiptaiyat
Si amuch amuita."
8538;UNINYUNYIZIAYE MAJI;;"Uninyunyiziaye maji, wakati 
wa ukame
Huwachi ninyauke, Oh nakupenda
Uninyunyiziaye maji, wakati 
wa ukame
Huwachi ninyauke, Oh nakupenda

Chorus
Nakupenda, nakupenda
Mnyunyizi wangu, Oh nakupenda
Nakupenda, nakupenda
Mnyunyizi wangu, Oh nakupenda

Kama mti kando ya mto, 
Hivyo ndivyo ilivyo
Mnyunyizi wangu, 
Oh nakupenda"
8564;UNYITE NA GUOKO;;"Unyite na guoko, njikarage nawe,
Ndikuuiire muti wakwa wa 
kwambirwo;
Njikarage nawe mathinaini mothe,
Nigetha undeithie kuhotana.

CHORUS
Mwathani ninjui ndukandiga,
Na ningwenda ngona riri 
wa Iguru;
Uhithe o haria andu matanginyona:
Ungiona uuru uhithe.

Na nii ninjui ndiri hinya Mwathani
Wa gwitiririria nditi cia Caitani
Na thuti cia mwiri, na wendo 
wa arata,
Na miago ya thi itari na bata.

Mwathani ninjui kuri hindi ugoka,
Ugatwara andu aku Iguru 
makahuruke;
Undeithie gutiga mihang'o ya thi ino:
Niguo hotage gwithagathaga.

Ndarikia gukinya mucii ucio 
wa tene,
Caitani ndagacoka guuthinia ringi;
Baba niakahimbiria na moko meri,
Na ahurukie wendo-ini wake."
8785;WAZITHWAL'IZONO JESU;;"Wazithwal' izono, Jesu
Zinge' zono zakho
Wahlawul' icala, Jesu
Linge' cala lakho.

Wab'-umuntu onosizi
Ungonanga Wena
Laphalal' igazi lakho
Ulungile Wena.

Lezo ezabalwa kuwe
Zaz'izono zethu
Lel' elahlawulwa uwe
Lalicala lethu.

Sekukhon' ukuyekelwa
Ngobuhlungu bakho
Zonk' izono zingahlanzwa
Egazini lakho."
9012;WEN' ONDINDA KUDE;;"Wen' ondinda kude, phandle 
     kwesibaya,
Yizwa iZwi lithi: Buyel' ekhaya!

CHORUS
Buya, mntwana, buya!
Ubuyel' ekhaya!
Mus' ukulibala,
Buyel' ekhaya.

Izwe osukulo,
     linendlel' enkulu
Ekudleni kombuso wezulu!

Shiy' indlela embi, 
       ephambukisayo,
Kuyo unosizi oluhlabayo.

Wena usathandwa, 
       uhlalelw' ekhaya
Sebekubhekile, abalaphaya---!"
9271;WI MUTHAKA;;"Wi muthaka muno mwendwa wakwa
Njata yakwa ya kiroko
Ta ihua ria Sharon
Wi riri gukira ruru
Goro gukira thahabu
Gutiri wi hinya ta waku
Niuhotete ngoro yakwa
No wee wiki ndirahaga
Unyonetie wendo munene
Ukagegia ngoro yakwa
Ukagarura ngoro yakwa
Ukahe uturo mweru
Ndutindagirira mauru
Ona kana mawonje makwa
Nikio ninda kwambararia
Nowe wiki ndirahaga

Chorus
Ngoro yakwa ni igukuinira
Niundu woria wee wi munene

Ningutura menyereire
Irikaniro citu nawe
Nginya riria ukanjiira
Tuikaranagie nawe
Ndi ihua ria gituamba
Nowe muruthi wa Juda
Ndakunengera ngoro yakwa
Nowe wiki ndirahaga"
9404;Ye igesgei boisennyu;;"Ye  igesgei boisiennyu ak asiirte eng` oli,
Ak ageer emet ne kigochob Jesu,
Anai anyun Inendet  ne kisorua eng' me-et ,
Ak kotorocha eng' chamnyet eng ' olin

CHORUS
     Anai I.. ne, anai I ne,
     Ye ageere Yetindennyu kimni.
     Anal I . ne, anal I ne,
     Eng' berutik che mi eunekyik.

Abaiba-itu mising' ye ageere  togennyi,
Amu taacha Yetindennyu eng' chamnyet;
Ak alosu  Ine eng' muguleldo komugul
Amu kigondiywa agoi ait ga.

Kuura  bikyuk che kigosib koba kondoena,
AK abwati kingomuti  Jehovah.
Tun torocha icheget eng` kipsengwet betuno,
Ago Jesu ne amache kot korok."
9407;Ye kigas igonditab Jesu;;"Ye kigas igonditab Jesu yetun Kanyo kogeny
Ak ko-it betut ne ma-igesugei,
Ketuitosi eng' kipsengwet ak Ichek che kigondo.
Ye kiguurei kaina-ik kemi tugul.

CHORUS
      Ye kiguu re Kaina-ikyok;
      (Ye kigurei kaina-ik kemi tugul)
      Ye kiguurei Kaina-ikyok;
      (Ye kiguurei kaina-ik kemi tugul)
      Ye kiguurei Kaina-ikyok;
      (Ye kiguurei kaina-ikyok;)
      Ye kiguurei kaina-ik kemi tugul

Tun kong'eetos bik Che kigobek eng' Kristo Kiptaiyat
Ketuiosi ak icheget eng' soet.
Tun ketebyei eng kipsengwet ak Yetindennyo agoi.
Ye kiguurei Kainaik kemi tugul.

Onge-ot komie Yetindennyyo agoi koweek Ine;
Ongibarte lapkeiyennyi eng' chamnyet.
Ye kigesu boisiennyo eng' ng'ony ama komi boisiet
Ak keguurei kaina-ik kemi tugul."
9610;Zawa- Awa Masvingo E Jericho;;"Zawa Indonga zeJericho
Zawa Zawela Le!!
-
Uhlaleleni ne
Qwuboni
Ziyawa ziwela le

Awa, masvingo eJericho,
Awa, awira pasi!!"
