1;Ano do Jubileu;Am;"Eu celebrarei
Cantando ao Senhor
Um novo hino de louvorp

Shalom, Shalom,
Shalom, Shalom,
Shalom, Shalom,
Jerusalem, Jerusalem, Jerusalem, Shalom

Este é o ano do jubileu
O aleijado anda
E o cego vê
E o Senhor
Liberta os cativos
Esse é o ano do jubileu

Jerusalem, Jerusalem, Shalom
Jerusalem, Jerusalem, Shalom
Jerusalem, Jerusalem, Shalom
Jerusalem, Jerusalem, Jerusalem, Shalom

Aleluia, Aleluia
Aleluia, Aleluia
Alelu, Aleluia

Aleluia, Aleluia
Alelu, Aleluia"
2;Todos juntos outra vez;G;"Todos juntos outra vez
Louvando ao Senhor
Todos juntos outra vez
Em união

Algo bom está a caminho
Algo bom Deus tem para nós
Todos juntos outra vez
Louvando ao Senhor"
3;Hosana Bendita Seja A Rocha;C;"Hosana
Bendita seja a Rocha
Bendita seja a Rocha
Salvadora

Glorifica ao Senhor, Pois Ele é digno de louvor
Jeová-jiré é o Seu nome, Ele provê o que preciso

Senhor Senhor Senhor

Senhor, Senhor, Senhor tem sido muito bom pra mim
Senhor, Senhor, Senhor tem sido muito bom pra min
Senhor, Senhor, Senhor tem sido muito bom pra min
Feito coisas que o mundo nunca fez

Salvou a minha alma quando tava perdido, tem sido muito bom pra mim

Salvou a minha alma quando tava perdido, tem sido muito bom pra mim
Salvou a minha alma quando tava perdido, tem sido muito bom pra mim
Feito coisas que o mundo nunca fez

Me encheu com Espírito Santo, tem sido muito bom pra mim
Curou o meu corpo, quando estava enfermo, tem sido muito bom pra mim
Me mostrou a Mensagem que me trouxe Paz, tem sido muito bom pra mm
Me deu o privilégio de ouvir a Sua Voz, tem sido muito bom pra mim
Me trouxe a Transmissão, tem sido muito bom pra mim"
4;Aleluia (Santo Espírito enche a minha vida);D;"Santo Espírito enche a minha vida
Pois com Cristo eu quero morar
Santo Espírito enche a minha vida
Usa-me as almas a ganhar

Aleluia
Aleluia
Aleluia
Dou a Cristo Rei

Aleluia
Aleluia
Aleluia
Dou ao Rei, Rei, Rei"
5;O Messias é o Rei dos Reis;F;"O Messias é o Rei dos Reis
O Messias é o Senhor dos Senhores
O Messias é o Rei dos Reis
O Messias é o Senhor dos Senhores

Ele é o Rei dos Reis
Ele é o Senhor dos Senhores
O Messias é o Rei dos Reis
O Messias é o Senhor dos Senhores"
6;Que Poderoso Deus Servimos;C;"Que poderoso Deus servimos
Que poderoso Deus servimos
Anjos então se prostam
Céus e terra O adoram
Que poderoso Deus servimos

Ele é tudo, é tudo para mim
Ele é tudo, é tudo para mim
É meu pai, minha mãe, minha irmã e meu irmão
Ele é tudo para mim

Eu sei que foi o sangue

Eu sei que foi o sangue
Eu sei que foi o sangue pra mim
Eu estava perdido
Ele morreu na cruz
Eu sei que foi o sangue pra mim"
7;Em algum lugar atento;D;"Quando Cristo chamar eu ouvirei
Quando chamar por mim responderei
Quando Cristo chamar eu ouvirei
Estou atento a ouvir chamar meu nome

Em algum lugar atento
Em algum lugar atento
Em algum lugar atento a me chamar

Em algum lugar atento
Em algum lugar atento
Em algum lugar atento a me chamar

Com o coração puro Ele me chama
Com o coração puro eu ouvirei
Com o coração puro Ele me chama
Estou atento a ouvir chamar meu nome

Se o meu manto é branco Ele me chama
Se o meu manto é branco eu ouvirei
Se o meu manto é branco Ele me chama
Estou atento a ouvir chamar meu nome"
8;Se esforce toque o Senhor;E;"Se esforce toque o Senhor
Ele está pra passar
Ele não está ocupado
Pra te ouvir chamar

Ele passa bem agora
Tua oração escutar
Se esforce, toque o Senhor
Ele está neste lugar"
9;Você Sabe Porque Sou Feliz, Tá Tudo Bem, Deus É Tão Bom Pra Mim;F;"Você sabe porque sou feliz
Aceitei a Palavra do Senhor
Palavra Falada Revelaaa da
Pelo Profeta de Malaquias 4

Tá tudo bem, tudo bem
Temos ouvido a Mensagem Shalom, tá tudo bem
Mas há um lugar, pra descansar
Entrando além do véu
Então, descansa noivinha, descansa
Tá tudo bem

Deus é tão bom
Deus é tão bom
Deus é tão bom
É tão bom, pra mim
Ele responde oração
Ele responde oração
Ele responde oração
É tão bom, pra mim

Eu O amo tanto
Eu O amo tanto
Eu O aaa mo tanto
E é tão bom, pra mim"
10;Eles Vem Do Leste e Oeste;C;"Eles vêm do leste e oeste
Eles vêm de terra de longe
Com o Rei Festejar, alegremente cear
Abençoados esse peregrinos
Contemplando seu rosto santo
Reluzindo no Amor Divino
Bendito portadores de Sua graça
Como pedras da coroa a brilhar

Jesus vem chegando logo
Nossas lutas vão ter um fim
Oh, Se nosso Senhor, Nesse momento vier
Pra quem está livre do pecado
Isso então nos traria alegria
Ou tristeza e desespero
Quando o Senhor em glória chegar
Nós o encontraremos no ar"
11;O Amor de Jesus Está Transbordando;G;"Jesus love is bubbling over
Jesus love is bubbling over
Jesus love is bubbling over
Hal le lu ja

O amor de Jesus está transbordando
O amor de Jesus está transbordando
O amor de Jesus está transbordando
A le lu ia

Jesus é o vencedor, vencedor, vencedor
Jesus é o vencedor, sempre vencedor

Vencedor, Vencedor, Vencedor, Vencedor, Vencedor, Vencedor, Vencedor,

Vencedor, Vencedor, Vencedor, Vencedor, Sempre o vencedor

Satanás é perdedor, perdedor, perdedor
Satanás é perdedor, sempre perdedor

Sou do lado vencedor, vencedor, vencedor
Sou do lado vencedor, sempre vencedor"
12;O Tablet Ágape (A Mensagem Caminhando);E;"O tablet Ágape
Criação de engenharia espiritual
Feito pra ajudar a Noiva em meio a Crise
A Mensagem caminhando

Meu projeto veio da eternidade
Vejo um dia depois do jubileu
Meu nome quer dizer amor divino
Encaixando com o amor fraternal

Passei por quatro fases gloriosas
Fita, CD, SD e Ágape
Um modelo próprio e independente
Não feito para navegar na internet

Mesmo caindo nas mãos de pagãos,
Mantenho consagrada minha identidade
Até levado pelos piores ladrões
Ou me passarão adiante ou vou lhe converter

Se num alcance encontro um da minha espécie
Transferimos a Mensagem entre nós
Opinião do dono não tem nada a ver
Pois o amor de Jesus vai prevalecer"
13;Ele é Maravilhoso (115 Isn’t He Wonderful);E;"Ele é maravilhoso, maravilhoso, maravilhoso
Não é Jesus, meu Senhor maravilhoso?

Olhos veem, ouvidos ouvem
A Palavra se cumprindo,
Não é Jesus meu Senhor maravilhoso?

Maravilhoso, maravilhoso
Jesus é pra mim
Conselheiro que traz paz
Deus forte Ele é

Me salvou, me livrou
Do pecado e vergonha
Maravilhoso redentor
Glória ao Senhor

Estava perdido e me encontrei sem condenação
Jesus me deu, liberdade e completa salvação

Me salvou, me livrou
Do pecado e vergonha
Maravilhoso redentor
Glória ao Senhor"
15;Se eu morrer (IF I PERISH);E;"Se eu morrer, deixa morrer
Pois eu sei que verei o Rei
Se eu morrer, deixa morrer
Pois eu sei que verei o Rei

Pelas provas,
Perseguições, Tribulações
Serei fiel,
Pois eu sei que verei o Rei"
16;Ele habita (He abides);D;"Ele habita, Ele habita
Aleluia, Ele habita em mim
Regozijando noite e dia
Andando na estreita via
E o Consolador habita em mim
Regozijando noite e dia
Andando na estreita via
Vendo a mão de Deus em toda a minha vida
A razão da minha alegria
O segredo dessa lida:
É que o Consolador em mim habita
Com coração cheio de pecado
Sem paz e preocupado
Quando soube que Jesus morreu por mim
Então prostrei-me a Seus pés
Em Seu Amor me encontrei
Logo o Consolador em mim habita

Está comigo em todo tempo
Dando o que eu preciso
Posso voar como a águia em alto céu
Seu Espírito me controla
Me selou por inteiro
Pois o Consolador em mim habita
Já não tenho apetite
Pelas coisas desse mundo
Pois há muito tempo, delas desisti
As trevas viraram dia
E o fardo mais suave, pois
O Consolador em mim habita"
17;Breve muito breve (Soon and very soon);E;"Breve muito breve
Nós vamos ver o Rei
Breve muito breve
Nós vamos ver o Rei
Breve muito breve
Nós vamos ver o Rei
Aleluia, aleluia
Nós vamos ver o Rei
Não há mais choro ali,
Nós vamos ver o Rei
Não há mais choro ali,
Nós vamos ver o Rei
Não há mais choro ali,
Nós vamos ver o Rei
Aleluia, aleluia
Não há mais morte ali,
Nós vamos ver o Rei
Não há mais morte ali,
Nós vamos ver o Rei
Não há mais morte ali,
Nós vamos ver o Rei
Aleluia, aleluia
Nós vamos ver o rei

Não haverá mais despidas,
Nós vamos ver o rei,
Não haverá mais despidas,
Nós vamos ver o rei.
Não haverá mais despidas,
Nós vamos ver o rei,
Aleluia, Aleluia,
Nós vamos ver o rei
Hebreus 13:8
Nós vamos ver o rei,
Hebreus 13:8
Nós vamos ver o rei,
Hebreus 13:8
Nós vamos ver o rei,
Aleluia, Aleluia
Nós vamos ver o rei."
18;Além do Céu Azul (Way byond the blue);F;"Oh Senhor, Senhor, Lembre-se de mim
Oh Senhor, Senhor, Lembre-se de mim
Oh Senhor, Senhor, Lembre-se de mim
Além do Céu Azul

Eu tenho uma casa na glória mais brilhante que o sol.
Eu tenho uma casa na glória mais brilhante que o sol.
Eu tenho uma casa na glória mais brilhante que o sol.
Além do Céu Azul

Eu aceitei Jesus você pode aceitar também.

Eu aceitei Jesus você pode aceitar também.
Eu aceitei Jesus você pode aceitar também.

Além do Céu Azul"
19;Minha Pequena Luz (This little light of mine);F;"Minha pequena luz,

Eu vou deixar brilhar

Minha pequena luz,

Eu vou deixar brilhar

Minha pequena luz,

Eu vou deixar brilhar

Deixar brilhar, deixar brilhar, deixar brilhar.

Não vou esconde-la, Não!

Eu vou deixar brilhar
Não vou esconde-la, Não!
Eu vou deixar brilhar
Não vou esconde-la, Não!
Eu vou deixar brilhar
Deixar brilhar, deixar brilhar, deixar brilhar.
Não deixe Satanás apagar
Eu vou deixar brilhar
Não deixe Satanás apagar
Eu vou deixar brilhar
Não deixe Satanás apagar
Eu vou deixar brilhar
Deixar brilhar, deixar brilhar, deixar brilhar.

Brilhando até Jesus voltar
Eu vou deixar brilhar
Brilhando até Jesus voltar
Eu vou deixar brilhar
Brilhando até Jesus voltar
Eu vou deixar brilhar
Deixar brilhar, deixar brilhar, deixar brilhar."
20;Vitória em Jesus (Victory in Jesus);E;"Ouvi da velha historia
Como o salvador veio da gloria
Entregou sua vida no calvário
Pra salvar um pecador
Ouvi da sua agonia
Do seu precioso sangue vertido
Me arrependi dos meus pecados
Recebendo a vitória
Vitoria em Jesus
Meu salvador, pra sempre
Me escolheu e me trouxe
Com seu sangue redentor
Me amou e eu O conheci
Que todo meu amor veio Dele
Me concedeu, Vitoria
Em seu sangue me lavou

Ouvi da Cura Divina
Do seu poder que restaura
Como ele fez, o aleijado andar
e o cego enxergar
Então clamei, Jesus
Vem transformar a minha vida
E Jesus veio e com Ele pude
A vitória alcançar
Ouvi de uma mansão
Que Ele fez pra mim, lá na gloria
Também ouvi, das ruas de ouro
e do mar de cristal
E os anjos cantando
Os Hinos da redenção
E algum dia, cantarei também
O hino da vitória"
21;Excelso Deus (Awesome God);C;"Nosso Deus é o excelso Deus e Rei
Que governa a terra e o céu
Com poder e amor nosso Deus é o excelso Deus"
22;Amos 3:7;C;"Certamente, o Senhor Deus
Não fará coisa alguma
Sem revelar os seus segredos
Aos seus servos os profetas
Amós 3: 7"
23;Eu Voarei (I Fly Away);E;"Quando um dia essa vida terminar
Eu voarei
Pra uma casa na glória celestial
Eu voarei

Eu voarei, Oh glória
Eu voarei
Quando eu for eu darei um grande adeus
Eu voarei

Quando as sombras dessa vida se acabar
Eu voarei
Como um pássaro que voa pra longe
Eu subirei

Suportando mais uns dias e então
Eu voarei
Pra uma terra onde a alegria é eterna
Eu voarei"
24;Nosso Deus é Grandão (How great is our God);D;"Nosso Deus é grandão, grande é Sua Palavra
Ele é o maior, que tudo que há
Ele separou as águas, do poderoso mar vermelho,
E Ele disse: ""Eu Te Guiarei""
É Só confia em mim."
25;Cada promessa (Every promisse);C;"Cada promessa no Livro é minha,
Cada capítulo, versículo, cada linha.
Só pra quem em seu amor, confia
Cada promessa no Livro é minha."
26;Um dia desses (Just any day now);D;"Qualquer dia desses, O Senhor Está Vindo,
Vem Retornando, pra ti e pra mim,
Oh, tenho vigiado, tenho esperado,
Qualquer dia desses, verei sua face."
27;Daremos a Glória a Cristo (We give glory to Jesus);C;"Daremos a gloria à Cristo
Falamos do Seu amor, Seu poderoso amor
Daremos a gloria à Cristo
Declarando Seu grande Amor"
28;Segure na mão Imutável de Deus (Hold to God's unchanging Hand);;"O tempo passa tão,
Nada vai permanecer,
Tenha esperanças em coisas eternas,
Segure na mão imutável de Deus.

Segure na mão imutável de Deus
Segure na mão imutável de Deus
Tenha esperanças em coisas eternas
Segure na mão imutável de Deus.
Confie Nele e Ele não te deixará
Mesmo depois que o tempo passar
Se os amigos terrenos o abandonar
Segure na mão imutável de Deus.

Não cobice as coisas deste mundo
Que tão rápido se vão
Busque ganhar tesouros eternos
Pois eles nunca passarão
Quando a jornada aqui terminar
Se a Deus tens sido fiel
Justa e brilhante a casa na glória
Sua alma raptada então verá"
29;Deus pode fazer (God will make a Way);F;"Deus pode fazer, o impossível acontecer
Ira fazer acontecer
O que eu não posso entender
Sempre me guiara e também me guardara
com forca e amor a cada dia
Deus ira fazer o impossível acontecer

Por uma estrada no deserto me guiara
Rios no deserto eu verei
Céus e Terra passarão, mas tua palavra ficara
Algum milagre incomum Ele fara

Algum milagre incomum Ele fara"
30;Senhor me prepara (Lord Prepared me);C;"Senhor, me prepara pra ser um santuário,
Puro e santo, Fiel e verdadei ro;
Com ação de graças, seguirei vivendo
Um Santuário pro Senhor."
31;A sós com Deus (Shut in with God);C;"A sós com Deus
No lugar secreto
Lá em Espírito
Contemplando Seu rosto
Ganhando poder
Pra jornada correr
Oh como eu amo, estar a sós com Deus"
32;Eu não vou me mover (I shall not be moved);E;"Jesus é Quem me salva, não vou me mover
Com Seu amor e graça, não vou me mover
Como uma arvore, plantada junto ao ribeiro,
Eu não vou me mover
Eu não vou
Não vou me mover
Eu não vou
Não vou me mover
Como uma arvore plantada junto ao ribeiro
Eu não vou me mover
Em Cristo permaneço, não vou me mover
Em Seu amor escondido, não vou me mover
Como uma arvore, plantada junto ao ribeiro
Eu não vou me mover
O alimento é a Palavra, não vou me mover
Ela é quem me guia, não vou me mover
Como uma arvore, plantada junto ao ribeiro
Eu não vou me mover

Glória e Aleluia! Não vou me mover
Minha Âncora é Jesus, não vou me mover
Como uma árvore, plantada junto ao ribeiro
Eu não vou me mover
Com Seu amor comigo, não vou me mover
Assim sigo confiante, não vou me mover
Como uma arvore, plantada junto ao ribeiro
Eu não vou me mover"
33;Minha fé olha pra ti (My faith looks up to thee);;"Minha fé olha pra Ti
Cordeiro do Calvário
Salvador Divino
Ouça-me enquanto eu oro
Tire todo os meus pecados
Deixe me agora sim
Ser todo Seu

Possa a rica graça dar
Força ao meu coração cansado
Aumentar meu zelo
Como Tu morreste por mim
Que eu possa te amar assim:
Puro, ardente, sem variar
Um fogo vivo
Enquanto o labirinto eu passo
E as dores me afligem
Sejas Tu meu guia
Tornes a escuridão em a dia
Limpe as lágrimas vertidas
Nem me deixe afastar
De Ti, Jesus"
34;Enche o meu caminho com amor (Fill my way with love);D;"Encha o meu caminho com amor
Enquanto eu ando com a pomba do Senhor
Deixe-me ir o tempo todo
Com uma canção e um sorriso
Encha o meu caminho com amor
Deixe-me ir, Oh Senhor,
No caminho que tens feito,
Levando direto pra terra celestial;
Animando no caminho,
O triste e o solitário,
Encha meu caminho com amor.

Me mantenha ao Teu lado
Meu Guia e Salvador
Não me deixe nas trevas vagar
Me afasta de toda ira
E satisfaz minh’ alma
Encha o meu caminho com amor
Logo a corrida findará
E não terei de viajar
Mas na casa celeste habitar
Cantarei canções ao Rei
Até no lado de lá
Encha o meu caminho com amor"
35;Minhas Ovelhas Ouvem Minha Voz (My Sheep Know My Voice);G;"Minhas ovelhas ouvem minha voz
E o caminho que tomo
E seguem onde quer que eu for
Minhas ovelhas ouvem minha voz
E atendem meu chamado
Mas a voz de um estranho não seguem
Minhas ovelhas ouvem minha voz
E dia após dia
Elas ficam no aprisco
E não se desviam
Elas me amam porque
Fiz por elas minha escolha
E elas seguem meu chamado
Minhas ovelhas ouvem minha voz"
36;O Poderoso conquistador;C;"Dois ladrões com Jesus crucificado
Foi por causa de cometer maldade
Porém Jesus era inocente
E os mataram por amar
E por salvar
Seu grande amor ainda no sofrimento
E na angustia sobre aquela cruz
Quando o ladrão falou
Lembra ti de mim
E Ele disse comigo estarás

Minhas ovelhas ouvem minha voz
E os pastos tão verdes
Onde as guio sempre a comer
Minhas ovelhas ouvem minha voz
Indo ao ribeiro fresco
Conduzindo-as as águas tranquilas
Minhas ovelhas ouvem minha voz
E o vale da morte
Pelo qual as guiarei algum dia
Mas perigo ou mal
Não as tocarão
Pois serei com elas pra sempre
O poderoso conquistador
Tu conquistaste a tumba e o inferno

Morreste por mim 2X
Pra me dar a vida eterna
E da morte minha resgatar
Os discípulos não puderam entender
Porque Ele sendo Filho de Deus
Teve que morrer des sa maneira
Mas depois ele ressuscitou"
37;A Voz das Fitas (That Settles It) – Bro. Kye Smith;C;"Irmão Branham pregou a Mensagem
“O Futuro Lar”
E depois falou com Billy Paul
Disse: ""Billy, você entendeu?""
Ele disse: ""Acho que sim...""
Papai virou e disse:
""NÃO, não entendeu!""
Mas lembre, não importa entender.
Pois tudo o que precisa, é você crer.
De 47 à 65, é tudo inspi rado.
Essa Palavra levará a Noiva pr’outro lado
Pois se Deus pensou,
Irmão Branham falou,
Nós cremos,
E o assunto terminou.
Profeta de Deus, não erra.
A Palavra será cumprida.
Então amigos,
Ficamos com as FITAS!

O que ele disse, não precisa explicação
Nem alguém pra interpretar sua pregação
Ela veio com exatidão,
É o nosso abso luto, então
Irmão Branham disse:
""Sou Voz de Deus pra vocês.""
Tem pessoas que criticam a Voz de Deus,
Não entendem o por que de imprimir tudo.
Se o irmão Branham disse: ""O-o-o""
É o ""ASSIM DIZ O SENHOR""
Essa Palavra vai comigo aonde eu for."
38;Abençoado Seja os Tape Boys – Bro. Kye Smith;G;"Como no Tempo de Josué
A Noiva tem um líder guia
E um trabalho em nível mundial
Pra a Noiva do último dia
Então povo, “Capte a Visão“
Somos a Grande Máquina de Deus
Buscaremos através das matas
Pela Semente Predestinada
Abençoados sejam os Tapes Boys
Espalhados em missões
Raabi estava feliz
Com a Voz em seus corações
Abençoados sejam os Tapes Boys
E quem concorda diga amem
Que Deus possa fazer
De você um Tape Boy também

Os fortes trabalham muito
Se alimentam demais das fitas
Os famintos pouco fazem
Pois que quase nunca ouvem
Os mortos nada fazem
A Mensagem não escutam
Acordemos já é hora
Da Noiva ir embora
Vamos logo ouvir a Voz
Que traz força e vigor
Aperte logo o play
E ouviremos com muito amor
Vamos logo ouvir a Voz
Que traz força e vigor
Aperte logo o play
E ouviremos com muito amor"
39;Na Presença de Jeová (In the Presence of Jehovah);C;"Em muitas situações
Minha vida amarga está

Todo o dia eu luto
Pra respostas encontrar
Então entro em Sua presença
Tenho tudo que preciso
Um momento preparado

Dúvida não pode entrar

Na presença
De Jeová
Todo Podero so
Príncipe da Paz

Problemas somem
Corações aliviados
Na presen ça, do Rei
O Senhor proveu
Um lugar pra descansar

Onde temos as Respostas
Sempre quando precisar
E não há mais motivos
Para se preocupar

Só sussurre o Seu nome
E Ele vai te encontrar
Na pre sença..."
40;Irmãos como vão?;C;"Irmãos, como vão?
Tá tudo bem.
Irmãos, como vão?
Tá tudo bem.
Irmãos, como vão?
Tá tudo bem.
Sem condenação no coração.
Irmãs, como vão?
Tá tudo bem.
Irmãs, como vão?
Tá tudo bem.
Irmãs, como vão?
Tá tudo bem.
Sem condenação no coração.
Agora, não tem mais
Condenação.
Agora, não tem mais
Condenação.
Agora, não tem mais
Condenação.
Sem condenação no coração.

Posso cantar, não há
Condenação
Sem condenação no coração.
Vou testificar, sem
Condenação.
Vou testificar, sem
Condenação.
Vou testificar, sem
Condenação.
Sem condenação no coração."
41;Deixe o fardo;C;"Deixe o fardo com cristo
Ele cuidará de ti
Deixe o fardo com Cristo
Ele cuidará de ti
Mais alto, mais alto
Alto, alto, alto
Mais alto
Exalte-a Jesus

Posso cantar, não há
Condenação.
Posso gritar, não há
Condenação.

Mais baixo, mais baixo
Baixo, baixo, baixo
Mais baixo
Deixe satanás por baixo"
42;Cadeias Quebrar;Am;"Há poder no nome de Jesus

Há poder no nome de Jesus 3x

Há poder no nome de Jesus
Pra cadeias quebrar, cadeias quebrar, cadeias quebrar aaa

Cadeias quebrar, cadeias quebrar, cadeias quebrar
Há um exército se levantando

Há um exército se levantando 2x
Há um exército se levantando
Pra cadeias quebrar, cadeias quebrar, cadeias quebrar
Cadeias quebrar, cadeias quebrar, cadeias quebrar

aaa

Há poder no nome de Jesus

Há poder no nome de Jesus 2x

Há poder no nome de Jesus
Pra cadeias quebrar, cadeias quebrar, cadeias quebrar aaa
Cadeias quebrar, cadeias quebrar, cadeias quebrar

E a noiva está se unindo

E a noiva está se unindo 2x
E a noiva está se unindo

Pra cadeias quebrar, cadeias quebrar, cadeias quebrar aaa
Cadeias quebrar, cadeias quebrar, cadeias quebrar"
43;Sou Feliz Sou Teu (So Glad I’m Yours, Lord);C;"Sou feliz sou Teu, Senhor
Sou feliz sou Teu
Sua misericórdia tem me seguido
Me encontraste
E me libertaste
Tão feliz sou Teu Senhor
Tão feliz sou Teu"
44;Emanuel;Dm;"Emanuel, Emanuel
Seu nome é, Emanuel
Deus conosco
Revelando em nós
Seu nome é, Emanuel"
45;Quando os Redimidos (When the redeems);F;"Penso no arrebatamento
Em nosso lar celestial.
Quando os redimidos estiverem reunidos;
Nós os santos subiremos
A cidade lá no céu,
Quando os redimidos estiverem reunidos.
Quando os redimidos
Estiverem reunidos,
Brancos como neve,
Livre do pecado;
Nós gritaremos e cantaremos
Quando os redimidos
Estiverem reunidos.
Haverá uma procissão
Nas ruas de ouro lá na gloria,
Quando os redimidos estiverem reunidos;
Oh, que música, Oh, que canto,
Na cidade se ouvirá,
Quando os redimidos estiverem reunidos.

Os santos cantaram
Algo e forte a redenção,
Quando os redimidos estiverem reunidos;
Então os anjos ouvirão
Pois não cantaram a canção
Quando os redimidos estiverem reunidos.
Então o Salvador dará as ordens
Pro banquete começar,
Quando os redimidos estiverem reunidos;
Ouviremos seu convite,
""Vem ó benditos do Senhor""
Quando os redimidos estiverem reunidos;"
46;Pão de Cada Dia (Daily Bread Hymn);D;"Descansa oh minha al ma
O nosso Rei chamou
No Éden restaurado corre abundante amor
Caminha entrelin has os passos do perdão.
E sob folhas secas
Brotou-se este grão

Teu Reino veio a nós
Fartura há
E o pão de cada dia
Servido está
Não deixe pra amanhã, oh meu irmão
A voz de Deus a ti restaurará

Com lâmpadas acesas
Azeite transbordando
Não há mais amnésia...
A noiva está marchando
Envia-nos Senhor
Aos confins da terra
Palavra por palavra
Desceu em fim O Amor."
47;Memoriais de Deus Testados Pelo Tempo (Time Tested Memorials);A;"Quando o vento faz a árvore sacudir
Balançando de um lado a outro parece cair
Isso desprende a raiz pra que possa ir mais
fundo e se firmar melhor
Memoriais de Deus testados pelo tempo
Sempre que a doença bate em sua porta
E algum problema quer te frustrar
Toda vez que alguém chega e fala mal de ti
Memoriais de Deus testados pelo tempo
Deus está nos moldando pra que possamos se
firmar melhor
Na Rocha Eterna da Imutável Palavra de Deus
É assim que Ele faz temos que lutar
Pra atestar e pra aprovar
Memoriais de Deus testados pelo tempo"
48;Me dê Jesus (Give Me Jesus);C;"De manhã ao acordar
De manhã ao acordar
De manhã ao acordar
Só Me dê Jesus
Me dê Je sus
Só Me dê Jesus
Você pode ter, o mundo inteiro
Só me dê e e Jesus

Monumentos, templos e ídolos deste mundo
Passarão, mas a Palavra não passará
Então aceite e creia, pra se tornar, A Palavra Viva
Memoriais de Deus testados pelo tempo
Oh! Um dia Ele virá cavalgando à frente
Tendo cicatrizes de batalha estarei com Ele
Além da atmosfera e estratosfera
direto a presença de Deus
Aprovada a Noiva passa no teste
Quando eu estou sozinha
Quando eu estou sozinha
Quando eu estou sozinha
Só Me dê Jesus
E na hora da morte
E na hora na hora da morte
E na hora da morte
Só Me dê Jesus"
49;Ele Sabe Eu Nome (He Knows My Name);A;"Ele sabe quantas estrelas há no céu
O quanto de areia há na praia
Cada pássaro que cai
Criou as montanhas e mares
Tem o controle de tudo
Toda criatura que há
Ele sabe meu nome
Cada passo que dou
Todo movimento que faço
Cada lágrima vertida
Ele sabe meu nome
Quando estou cheia de dor
Sem poder ver a luz do dia
Sei que vai ficar tudo bem
Porque Ele sabe meu nome
Ele sabe meu nome
Ele sabe meu nome

Amanhã não sei
O que vai acontecer
Não sei o que está reservado
Não tenho as respostas
Pra as perguntas da minha vida
Mas eu sei em quem tenho crido
Ele enviou
O profeta de última Era
Me predestinou para crer
Eu ouvi a voz
Mansa e delicada
E agora sei quem eu sou"
50;Desceu de Sua Glória (Down From His Glory);F;"Desceu de sua glória
E veio habitar entre nós
O Rei se tornou servo
E padeceu em meu lugar
A dívida que o homem não podia pagar
A crueldade do pecado custou a sua vida
Cordeiro Santo de Deus és Emanuel
Verteu seu Sangue na Cruz
Para me resgatar
e através de Jesus
Hoje tenho a vida eterna

Sou feito do Sangue
Eu sou do Sangue
Sou de uma linhagem inadulterada
pura e real
Sou feito do sangue
Eu sou do Sangue
Fui comprado por uma preço no calvário
Pelo sangue de Jesus

A dívida que o homem não podia pagar
A crueldade do pecado custou a sua vida
Cordeiro Santo de Deus és Emanuel

Verteu seu Sangue na Cruz
Para me resgatar
e atraves de Jesus
Hoje tenho a vida eterna"
51;Obedecemos e Damos Play (Press Play & Obey) – Bro. Kye Smith;D;"Josué enviou os espias, para a terra prometida
A missão era Tocar as Fitas, assim ele dizia
Meretriz, Raab perguntou: O que fazer pra nos salvar?
Aperte play com os da sua casa e deixa a fita tocar

Obedecemos e damos play, a maneira que Deus proveu
Não queremos adiantar, essa voz amo escutar
Ponha ele, de volta, no púlpito, assim vamos dizer
A vontade perfeita de Deus é apertar o play

As Fitas são um ministério pra semente predestinada
Aperfeiçoando a Noiva, não precisa de mais nada
Dessa voz, o Irmão Branham ensinou, e agora eu já sei
No Tabernáculo, em transmissão, apertam o play

O anjo estava submisso a Deus, que lhe deu revelação
Na terra ele falava, no céu, Deus repetia o som
E a Voz é tão importante, e ela sempre ouvirei
O próprio Deus, no céu, Tá apertando o play

Nossos filtros devem estar ativos, nesse tempo enganoso
O clero e leigos se desviam, num caminho tortuoso
Só Efésios 4 não consegue preparar a Noiva pra partida
Mas a Voz do pastor chefe está na fita"
52;Daremos a Glória a Cristo (We'll Give Glory To Jesus);A;"Capotraste 1 casa Tom : Bb

Daremos a Glória a Cristo
Falamos do Seu amor
Poderoso Amor
Daremos a Glória a Cristo
Declarando Seu grande amor"
53;Amém;E;"Tom 1: C – C – C – F – - C
Tom 2: D – D – D – G – - D
Tom 3: E – E – E – A – – E
Tom 4: F – F – F – B – – F
Tom 5: G – G – G – C – D - G
Ele é o Pai Você o Ama
Amém Amém
Ele é o Filho Ele está vindo
Amém Amém
Ele é o Espírito Santo Você está pronto

Venha Senhor Jesus
Amém
Deixe Sua Igreja pronta
Amém
Estamos nos preparando

Amém, Amém, Amém Amém, Amém, Amém Amém, Amém, Amém

Amém, Amém,
Amém, Amém, Amém"
54;Algo Me Faz Seguir (Something Keeps Holding Me);A;"As lutas e problemas dessa vida
São tantos que não posso suportar
As vezes penso em abandonar
Minha fé é tão pequena pra aguente aaar.

Mas Algo me faz seguir
Sinto dentro de mim
Ajuda a prosseguir, vencer tribulações
É o Guia pra mim
A batalha venço enfim
Ele é tao real assim
Algo me faz seguir

O inimigo vem com tentação
O seu desejo é me manter no chão
Mas eu ouvi a Voz, a Revelação
Alimento pra vencer, pra tomar decisão"
55;Faz-me Entrar em Desespero (Lord make me desperate);E;"Faz-me entrar em desespero
Se não perecerei
Ajuda- me orar
Me alimentar da tua palavra
Não deixe o comodismo ficar
Aquele dia está pra chegar
Quero ter fome e sede de ti
Em desespero
O inimigo quer mostrar coisas a brilhar
Mas no céu o meu tesouro está
As coisas deste mundo não vão me aprisionar
Pois tua voz vou sempre escutar
E quando algo acontece
Eu não consigo entender
Vou pela fé me esforçar
Ao meu Senhor segurar
Não quero estar preso a nenhuma coisa daqui

Quero sabedoria pra vencer aqui
Entender os eventos que estão a se cumprir
Eclipse no sol, a terra chacoalhar
O mar revolto, furacões pelo ar
Rumores de guerras , homem a desmaiar
E o Filho do homem na fita pregar
Erguei as cabeças
A redenção mui próxima está"
56;Apocalipse 10:7;C;"Mas nós dias da Voz do Sétimo Anjo
Quando tocar a Sua Trombeta
Se cumprirá o desejo Deus
Como anunciou aos profetas, seus servos

Apocalipse 10:7
Apocalipse 10:7"
57;Ouvir A Voz de Deus;C;"(versão de “Ninguém Explica Deus – Preto no Branco)

Tudo é um caos ao meu redor
Muitas doutrinas a se espalhar
Tantas pregadores a disputar
E a Noiva de Cristo separar.

E eu, tão sincero e carente
Seguindo a organização
Numa Fita encontro resposta, Revelação

Agora o que eu mais quero
é ouvir A Voz de Deus
Não perder a transmissão
Participando da União Invisível

Deixa quem quiser pregando
Só quero A Ele Ouvir
E apertar o Play
Fazer meditação, ouvir A Voz de Deus

Ouvir as Fitas
Ouvir A Voz de Deus
Ouvir as Fitas
Ouvir A Voz de Deus
Ouvir as Fitas
Ouvir A Voz de Deus
Ouvir as Fitas
Ouvir A Voz de Deus"
