1;CHUVAS DE GRAÇA;;"Deus prometeu com certeza
Chuvas de graça mandar;
Ele nos dá fortaleza,
E ricas bênçãos sem par

Chuvas de graça,
Chuvas pedimos, Senhor;
Manda-nos chuvas constantes,
Chuvas do Consolador.

Cristo nos tem concedido
O santo Consolador,
De plena paz nos enchido,
Para o reinado do amor.

Dá-nos, Senhor, amplamente,
Teu grande gozo e poder;
Fonte de amor permanente,
Põe dentro de nosso ser.

Faze os teus servos piedosos,
Dá-lhes virtude e valor,
Dando os teus dons preciosos,
Do santo Preceptor."
2;SAUDOSA LEMBRANÇA;;"Oh! que saudosa lembrança
Tenho de ti, ó Sião,
Terra que eu tanto amo,
Pois és do meu coração.
Eu para ti voarei,
Quando o Senhor meu voltar;
Pois Ele foi para o céu,
E breve vem me buscar.

Sim, eu porfiarei por essa terra de além;
E lá terminarei as muitas lutas de aquém;
Lá está meu bom Senhor, ao qual eu desejo ver;
Ele é tudo p’ra mim, e sem Ele não posso viver.

Bela, mui bela, é a esperança,
Dos que vigiam por ti,
Pois eles recebem força,
Que só se encontra ali;
Os que procuram chegar
Ao teu regaço, ó Sião,
Livres serão de pecar
E de toda a tentação.

Diz a Sagrada Escritura,
Que são formosos os pés
Daqueles que boas novas
Levam para os infiéis;
E, se tão belo é falar
Dessas grandezas, aqui,
Que não será o gozar
A graça que existe ali!"
3;PLENA PAZ;;"Plena paz e santo gozo,
Tenho em ti, ó meu Jesus!
Pois eu cri em Tua morte sobre a cruz;
No Senhor só confiando
Neste mundo viverei,
Entoando aleluias ao meu Rei!

Oh! glória ao meu Jesus!
Pois é digno de louvor;
É meu Rei, meu bom Pastor,
E meu Senhor.
Como os anjos, que O louvam,
Eu também O louvarei,
Entoando aleluias ao meu Rei!

O amor de Jesus Cristo
É mui grande para mim,
Pois Sua graça me encheu de amor sem fim.
Meu Jesus foi para a glória,
Mas um dia eu O verei,
Entoando aleluias ao meu Rei!

Este mundo não deseja
Tão bondoso Salvador,
Não sabendo agradecer Seu grande amor.
Eu, porém, estou gozando
Do favor da Sua lei,
Entoando aleluias ao meu Rei!

Quando o povo israelita
Com Jesus se concertar,
Dando glória ao Seu nome, sem cessar.
Nesse tempo, céu e terra
Hão de ser a mesma grei,
Entoando aleluias ao meu Rei!"
4;DEUS VELARÁ POR TI;;"Não desanimes, Deus proverá;
Deus velará por ti;
Sob Suas asas te acolherá;
Deus velará por ti.

Deus cuidará de ti
No teu viver, no teu sofrer;
Seu olhar te acompanhará;
Deus velará por ti.

Se o coração palpitar de dor,
Deus velará por ti;
Tu já provaste Seu terno amor.
Deus velará por ti.

Nos desalentos, nas provações,
Deus velará por ti;
Lembra-te dEle nas tentações;
Deus velará por ti.

Tudo o que pedes, Ele fará;
Deus velará por ti;
E o que precisas, não negará.
Deus velará por ti.

Como estiveres, não temas, vem!
Deus velará por ti;
Ele te entende e te ama bem!
Deus velará por ti."
5;Ó DESCE FOGO SANTO;;"Espírito, alma e corpo,
Oferto a Ti, Senhor,
Como hóstia verdadeira,
Em oblação de amor.

Eu tudo a Deus consagro
Em Cristo, o vivo altar;
Ó desce, fogo santo,
Do céu vem tu selar!

Sou teu, ó Jesus Cristo!
Teu sangue me comprou;
Eu quero a Tua graça,
Pois de Ti sempre sou.

Espírito divino,
Do Pai a promissão;
Sedenta a alma pede,
A Ti, a santa unção."
6;NA MALDIÇÃO DA CRUZ;;"Tu. na maldição da cruz,
Elevaste o Teu amor,
Em rogar, Senhor Jesus:
“Pai, perdoa ao transgressor”.

Queres, queres, com vigor,
Muitas almas despertar;
Queres, queres, ó Senhor!
Transformar, remir, curar;
Oh! Sim! Oh! Sim!
Queres todos renovar.

O Maligno tentador
E o autor da perdição,
Do pecado, mal e dor,
Da doença e da aflição.

Tu levaste, ó bom Jesus,
O pecado, o mal e a dor,
E a doença sobre a cruz;
És o grande Salvador!

Deus é bom, quer sempre o bem Do oprimido pecador;
Mal nenhum, em Si, Deus tem;
“Deus é luz, Deus é amor!”"
7;CRISTO CURA SIM!;;"Contra os males deste mundo,
Deus nos vale só;
Não há mal que Deus não cure,
Pois de nós tem dó.

Cristo cura, sim,
Cristo cura, sim.
Seu amor por nós é Imenso;
Ele cura, sim!

Derramou Seu sangue puro
P’ra remir a mim;
Quando ungido sou de azeite,
Sou curado, enfim!

Só noss’alma é bem segura,
Oculta em Jesus;
Ele o bálsamo da vida,
Derramou na cruz.

Glória a Deus! Eterna glória,
Demos-Lhe louvor;
Glória, cânticos e hosanas
Dai ao Redentor!"
8;CRISTO, O FIEL AMIGO;;"Cristo Jesus é fiel amigo,
Ele só, Ele só.
E nas fraquezas está comigo,
Ele só, Ele só.

E nas lutas de cada dia,
Cristo nunca me deixa só;
Pois Ele é meu seguro guia,
Ele só, Ele só.

Não há amigo mais nobre e digno,
Não, não há; não, não há.
Nem mais humilde e mais benigno,
Não, não há; não, não há.

Ao pecador perdoar anela,
Ele só, Ele só;
E pelos Seus santos sempre vela,
Ele só, Ele só.

Deus, em Seu Filho, se há comprazido,
NEle só, nEle só;
Mas Sua glória me há repartido,
DEle só, dEle só.

NEle nós temos um firme guia,
NEle só, nEle só;
A noite enche de alegria,
Ele só, Ele só"
9;MARCHAI SOLDADOS DE CRISTO;;"Marchai, soldados de Cristo Jesus,
Marchai, marchai e enfrentai
O inimigo do bem e da luz;
Soldados, avançai!

Sim, avançar, não recuar;
Sem temor, com valor,
Marchai, lutai, pois Cristo vai
Na vanguarda – Avançai!

Marchai, soldados, bem alto erguei
O pavilhão da salvação;
A Belial, firmes, ousados, vencei;
Vencei a corrupção.

Vossa armadura de guerra tomai,
O elmo, sim, da salvação:
E a espada: a Bíblia levai,
E vencereis, então.

Avante, avante, confiando em Jesus,
Fortes sereis por Seu amor,
Marchai invictos, soldados da luz,
Jesus é o vencedor."
10;EU TE LOUVO;;"Glória a Deus, o Pai Eterno,
Cujo trono é os céus;
O universo Lhe pertence.
Glória, sim, ao nosso Deus.

Eu te louvo! Eu te louvo!
Oh! Jesus, meu Salvador!
Dai-Lhe glórias, ó remidos!
Pois Seu sangue limpa o pecador.

Glória ao Filho, mui amado,
Que merece o louvor.
Demos glória ao Seu nome,
Ao Cordeiro, ao Redentor.

Demos nós, ao Santo Espírito,
Mil louvores por Seu dom;
Por Sua graça tão imensa,
Glórias Ele, Ele é bom!

Glória, glória ao Pai bendito,
Glória, glória a Jesus;
Glória dai ao Santo Espírito.
Ao Deus trino, nossa luz."
11;Ó CRISTÃO, EIA AVANTE;;"Ó Cristãos, eia avante, eia avante!
Por Jesus e Sua Igreja a lutar;
Co’a Palavra, essa espada flamante,
Vamos, vamos, irmãos, pelejar.

Ó Cristão, sempre avante na lida!
O Evangelho com fé a pregar;
Ao trabalho o Senhor nos convida,
Vamos, pois, com Jesus pelejar.

Ó cristãos, eia avante, eia avante!
Boa nova aos perdidos levar;
Por cidades e vilas adiante,
Salvação vamos nós proclamar.

Ó Cristãos, eia avante, eia avante!
Pois a aurora já vemos raiar,
Desse dia em que Cristo, triunfante.
Neste mundo há de sempre reinar.

Ó cristãos, eia avante, eia avante!
Vexilários da fé vamos ser;
E a vanguarda do exército brilhante
Que gloriosa vitória há de ter!

Ó cristãos, eia avante, eia avante!
Com coragem, sem nada temer;
Com Jesus, divinal comandante,
Nós havemos, irmãos, de vencer."
12;VEM JÁ, PECADOR;;"Pecador, vê a luz, brilha para ti,
Lá da cruz do Salvador,
Onde a vida deu;
e do lado Seu Corre sangue redentor.

Ó vem Já, como estás!
Vem agora, ao Salvador;
Sua vida deu, tudo padeceu;
Não demores! Vem Já, pecador!

Na escuridão do Jardim orou
Tão aflito meu Senhor;
Quando pranteou, sangue Seu suou,
No Getsêmane em dor!

Vê o Salvador co’as feridas mãos
Te chamando, ó pecador!
Vida eterna têm os que nEle creem
E aceitam o Seu amor.

Vem a Cristo, vem confessando,
já, Teus pecados, e te ouvirá,
E no coração sentirás o perdão,
Pois Jesus te perdoará."
13;JESUS COMPROU-ME;;"Jesus comprou-me do mundo aqui,
Palavras doces são para mim;
Jesus comprou-me e vai me dar
Eterno gozo, celeste lar.
Jesus comprou-me e vai me dar
Eterno gozo, celeste lar.

Jesus comprou-me da escravidão,
A paz eu gozo por Seu perdão;
Sou desprezado um pouco aqui,
Mas eu espero gozar ali.
Sou desprezado um pouco aqui,
Mas eu espero gozar ali.

Jesus comprou-me, e eu fiquei
P’ra sempre livre da dura lei!
Agora espero até Ele vir,
P’ra que me leve ao Seu porvir.
Agora espero até Ele vir,
P’ra que me leve ao Seu porvir.

Ó vinde, amigos, e junto a nós,
Ouvi depressa do céu a voz;
– O que demora não chegará,
Porque se perde e morrerá.
– O que demora não chegará,
Porque se perde e morrerá.

Jesus comprou-me e me dará
Lugar às mesas, que esperam lá.
Ouve o convite, ó pecador,
Pois Jesus Cristo é o Salvador.
Ouve o convite, ó pecador,
Pois Jesus Cristo é o Salvador."
14;GOZO EM JESUS;;"Oh! que gozo sinto em Jesus,
Que por mim expirou na cruz;
A minh’alma deu divina luz,
Glória a meu Jesus!

Quanta glória velo em Jesus,
Gozo santo e bendita luz,
Cujos raios brilham lá na cruz,
Na qual ,morreu Jesus.
Sempre avante quero eu andar,
Té no céu chegar.

Livre do pecado já estou,
Do abismo me retirou,
Sobre a rocha eterna me firmou;
Glória a meu Jesus!

Divinal louvor Jesus me deu;
Harmonia que vem do céu;
Cantarei, alegre, Cristo é meu,
Glória a meu Jesus!

Esta nova hei de proclamar;
Muitos hão de assim chegar,
E a glória receber, sem par,
Glória a meu Jesus!"
15;CONVERSÃO;;"Oh! quão cego andei e perdido vaguei,
Longe, longe do meu Salvador!
Mas do céu Ele desceu, e Seu sangue verteu
Pra salvar um tão pobre pecador.

Foi na cruz, foi na cruz,
onde um dia eu vi
Meu pecado castigado em Jesus;
Foi ali, pela fé, que os olhos abri,
E agora me alegro em Sua luz

Eu ouvia falar dessa graça sem par,
Que do céu trouxe nosso Jesus;
Mas eu surdo me fiz, converter-me não quis
Ao Senhor, que por mim morreu na cruz.

Mas um dia senti meu pecado, e vi
Sobre mim a espada da lei;
Apressado fugi, em Jesus me escondi,
E abrigo seguro nEle achei.

Quão ditoso, então, este meu coração,
Conhecendo o excelso amor
Que levou meu Jesus a sofrer lá na cruz;
P’ra salvar a um tão pobre pecador."
16;DESPERTAR PARA O TRABALHO;;"Posso tendo as mãos vazias,
Com Jesus eu me encontrar?
Nada fiz, e vão-se os dias,
Que Lhe posso apresentar?

Posso tendo as mãos vazias,
Com Jesus, eu me encontrar?
Quantas almas poderia
Ao Senhor apresentar?

Não mais temerei a morte;
Vencerei por salvo estar;
Qual será a minha sorte,
Se no céu vazio entrar?

No celeste lar entrando,
Como irei ao Salvador?
Quantas almas irei levando,
Para meu fiel Senhor?

Do pecado, preso em elos,
Passei anos em vão labor;
Quem me dera reavê-los,
P’ra servir ao meu Senhor.

Despertemos, Já é dia;
Trabalhemos, com fervor;
E levemos, com alegria,
Muitas almas ao Senhor."
17;PENSANDO EM JESUS;;"Nas horas que passo pensando em Jesus
As trevas desfaço, buscando a luz;
Que horas de vida, tão doces p’ra mim,
Jesus me convida, que eu suba p’ra Si!

Da vida voando, sem nenhum temor;
Acima buscando do véu o amor;
Que doce ventura, que aspecto feliz,
Que nova natura minh’alma bendiz.

Do mar o bramido, da brisa o langor
Da ave o carpido de doce amor,
Me falam sentidos acordes dos céus,
Me trazem aos ouvidos os hinos de Deus!

Minh’alma ansiosa já quer percorrer
A senda gloriosa que eu hei de ver;
Que coisa tão bela; oh! que luz sem véu!
Jesus me revela mistérios do céu."
18;GRATA NOVA;;"Grata nova Deus proclama
Hoje, ao mundo pecador!
Doce nova revelada,
Lá na cruz do Salvador;
Cego e desviado, o homem,
Dos caminhos do Senhor,
Desconhece e desconfia
Deste Deus, o Deus de amor.

Grata nova, doce nova,
Vem dos lábios do Senhor;
Escutai com alegria:
“Deus é luz, Deus é amor”.

Com ofertas e obras mortas,
Sacrifícios sem valor,
Enganado, pensa o homem,
Propiciar Seu Criador,
Meios de salvar-se inventa;
Clama, roga em seu favor,
A supostos mediadores,
Desprezando o Deus de amor.

Luz divina, resplandece!
Mostra ao triste pecador,
Que na cruz estão unidos
A justiça e o amor.
Fala aos corações feridos,
Mostra-te, Deus Salvador;
E sem fim, proclamaremos:
“Deus é luz! Deus é amor!”"
19;O CONVITE DE CRISTO;;"Eis, a voz de Cristo clama,
Sobre o revoltoso mar
Desta vida perigosa:
“Vinde em Mim vos abrigar”.

Quando outrora em Galileia,
Essa doce voz soou,
Logo, o coração ouvinte,
Tudo, pronto, abandonou.

Sobre as vozes sedutoras,
De mundanas atrações,
Clama a meiga voz de Cristo:
“Dai-me vossos corações!”

Quer no meio dos prazeres,
Quer no dia da aflição,
Inda clama, paciente:
“Amas-Me tu, ó cristão?”

Na vereda estreita e santa,
Já pisada por Jesus,
A segui-Lo, Ele te chama:
“Vem, cristão, andar na luz!”

Dessa cruz angustiosa,
Onde brilha Seu amor,
Ouve a voz que te convida,
Ouve e segue, pecador!"
20;OLHAI O CORDEIRO DE DEUS;;"Livres de pecado vós quereis ficar?
Olhai p’ra o Cordeiro de Deus!
Ele morto foi na cruz, p’ra vos salvar;
Olhai p’ra o Cordeiro de Deus!

Olhai p’ra o Cordeiro de Deus,
Olhai p’ra o cordeiro de Deus,
Porque só Ele vos pode salvar.
Olhai p’ra o Cordeiro de Deus!

Se estais tentados, em hesitação,
Olhai p’ra o Cordeiro de Deus!
Ele encherá o vosso coração.
Olhai p’ra o Cordeiro de Deus!

Se estais cansados e sem mais vigor,
Olhai pra o Cordeiro de Deus!
Ele vos quer dar Seu divina! amor,
Olhai p’ra o Cordeiro de Deus!

Se na vossa senda sombras vêm cair,
Olhai pra o Cordeiro de Deus!
Ele, com Sua graça, tudo quer suprir.
Olhai p’ra o Cordeiro de Deus!"
21;GLORIOSA AURORA;;"A gloriosa aurora vem,
Do dia em que lá em Belém
Nasceu de Deus, o Filho;
Que belo dia e de luz,
No qual p’ra nós desceu Jesus,
Do céu mostrando o trilho.
Quantos santos hoje lembram,
E relembram a história
De Jesus, o Rei da Glória!

Nasceu Jesus lá em Belém,
Trazendo-nos o sumo bem
Do céu – a liberdade;
Nos concedeu perfeita paz,
Consolação que satisfaz
Por toda a eternidade!
Como fomos desgarrados,
Desviados e perdidos!
Hoje somos redimidos!

Conosco Cristo habitará
Com Seu poder nos velará,
Nos dando livramento;
E sempre há de nos guiar
Pois Sua graça vai nos dar
Em todo o sofrimento,
Scuta: Luta sempre forte.
Té a morte, pois ajuda
Tens em Cristo, que não muda!

Jesus desceu p’ra nos salvar,
O sol da graça vem brilhar,
Alegres jubilemos;
Jesus, ó nosso bom Pastor,
Vem nos guiar com Teu amor;
Ali nós pertencemos;
Almas salvas, perdoadas,
Libertadas hoje oram,
Reverentes Te adoram!"
22;CEIA DO SENHOR;;"Em nossa alma nós tomamos.
O Teu corpo, ó Jesus!
Como oferta voluntária,
Que nos deste lá na cruz.

Como pão do céu desceste,
Vamos a Ti receber;
Pois unidos ao Teu corpo,
Nós queremos, sim, viver.

Em figura, o Teu sangue
Nós bebemos, ó Senhor,
Pois só nEle há virtude
P’ra salvar o pecador.

Vem, concede à Tua Igreja
O perdão do Teu amor,
Para que nos dois emblemas,
Contemplemos-Te, Senhor.

Ó Senhor, por Teu Espírito
Em nós vem já residir,
Pra Teu corpo e Teu sangue
Nós podermos discernir."
23;GLÓRIA A DEUS;;"Cantam os santos com fervor,
A quem por mim foi imolado,
Na cruz, sofrendo o meu pecado.

Glória a Jesus!
Glória a Jesus!
Glória a Jesus, o Salvador!

Deus é o Justificador
De quem crer no Seu Enviado
Sim, no Seu Filho mui amado.

Do Seu Pai recebeu louvor,
E com poder foi exaltado,
Por isso é glorificado.

Do “sangue purificador”,
Eu quero sempre ter lembrança,
E nEle ter mais confiança.

Por nós, na cruz, sofreu a dor,
Com sangue fomos nós comprados,
E do pecado resgatados."
24;PODER PENTECOSTAL;;"No Pentecostes sucedeu
O que Jesus falou,
Pois de repente lá do céu
Um vento assoprou,
Que veio a casa toda encher
E os corações com mui poder.

Poder, poder, poder pentecostal.
Ó vem nos Inflamar,
Também nos renovar;
Ó vem, sim, vem, ó chama divinal,
Teus servos batizar.

Em cada um veio repousar
A preciosa luz,
O Preceptor que veio ficar
Co’os servos de Jesus;
Foi o fogo santo do Senhor.
Que os encheu com Seu vigor.

E começaram a falar, Repletos de poder,
Em outras línguas exaltar
Ao que mandou trazer
Os ricos dons do Seu amor
E o poder consolador.

E quem deseja receber
Esta água salutar.
Que é prometida ao que crer
E humilde esperar,
Perseverando em oração,
Terá poder seu coração."
25;JESUS TU ÉS BOM;;"Meu Jesus, Tu és bom;
Tu és tudo pra mim!
Foste morto, mas vives em mim;
Tu mereces louvor,
Ó Cordeiro de Deus!
Tu és tudo, sim, tudo p’ra mim!

Quero a Ti dar louvor,
Pois és Rei sobre reis;
Tu és tudo, mas nada eu sou;
Enche meu coração
De ternura e paz;
Honra eterna e glória Te dou.

O Teu nome é amor,
Pois Tu amas a mim,
E eu quero andar neste amor;
Triunfante estou,
Confiando em Ti,
Meu Jesus, grande Consolador.

Ó Ungido de Deus,
Trazes paz e perdão;
Salvação, vida, tens para os Teus;
Que mensagem do céu
E de transformação,
Enviada do trono de Deus!"
26;A FORMOSA JERUSALÉM;;"Quão glorioso, cristão, é pensares
Na cidade que não tem igual,
Onde os muros são de puro jaspe.
E as ruas de ouro e cristal;
Pensa como será glorioso
Ver-se a triunfal multidão.
Que cantando, aguarda a chegada
Dos que vencem a tribulação.

Pensa como será glorioso
Ver o rio da vida e luz,
Cujas margens juncadas de lírios,
São a glória de nosso Jesus;
Haverá lá perpétua aurora,
Pois Deus mesmo a alumiará;
E o Cordeiro, com Sua esposa,
Noite e dia resplandecerá.

Pensa na celestial melodia
Que a terra encherá, de Beulá;
E das harpas a doce harmonia
Ao passar o Jordão se ouvirá.
Mesmo em dores que levam à morte,
Sê constante, não voltes atrás,
Tua herança, tua eterna sorte,
É Jesus, o Fiel, o Veraz.

Se é glorioso pensar nas grandezas,
Nos prazeres que acodem aqui,
Qual será desfrutar as riquezas
Que esperam os salvos, ali?
Os encantos do mundo não podem
Ofuscar essa glória dalém;
Não almejas viver, ó amigo,
Nessa formosa Jerusalém?"
27;AMOR QUE VENCE;;"Amor, que por amor desceste!
Amor, que por amor morreste!
Ah! quanta dor não padeceste,
Meu coração p’ra conquistar,
E meu amor ganhar!

Amor, que com amor seguias!
A mim, que sem amor Tu vias!
Oh! quanto amor por mim sentias,
Meu Salvador, meu bom Jesus,
Sofrendo sobre a cruz!

Amor, que tudo me perdoas!
Amor, que até mesmo abençoas!
Um réu de quem Te afeiçoas!
Por Ti vencido, ó Salvador,
Eis-me aos Teus pés, Senhor!

Amor, que nunca, nunca mudas,
Que nos Teus braços me seguras,
Cercando-me de mil venturas!
Aceita agora, Salvador.
O meu humilde amor!"
28;DEUS VAI TE GUIAR;;"Andas carregado de tristeza e dor,
Sem nenhum auxílio, nem um Salvador?
Ouve a mensagem de teu bom Jesus,
E tem mais coragem, leva a tua cruz.

Deus vai te guiar com Sua forte mão;
Podes descansar na tribulação;
Seja tua vida livre de pesar;
Em tristeza e lida Deus vai te guiar.

Toda carga por ti, Ele quer levar;
Alma dolorida, ouve o Seu falar;
Senda espinhosa Ele já andou,
Morte afrontosa por ti suportou.

Se estás tentado, Deus te ajudará,
Sempre confiando, te libertará;
As pisadas segue do teu Salvador,
Crendo em Deus, prossegue, seja como for."
29;O PRECIOSO SANGUE;;"Oh! que precioso sangue,
Meu Senhor verteu,
Quando, para resgatar-nos,
Padeceu!

Oh! que precioso sangue,
Sangue de Jesus,
Que por nós, foi derramado
Sobre a cruz!

Oh! que precioso sangue,
Sangue remidor!
Sim, com este nos remiste,
Redentor!

Oh! que precioso sangue,
Sangue expiador!
Eis o que da pena !ivra
O malfeitor!

Oh! que precioso sangue,
Purificador!
Que de toda a mancha lava
O pecador!

Oh! que precioso sangue,
Fala-nos de paz;
Tudo quanto a lei exige,
Satisfaz!

Oh! que precioso sangue.
Por Ele entrarei
Sem receio, na presença
Do meu Rei!

Oh! que precioso sangue,
Do bom Salvador!
Hoje, a todos manifesta
Seu amor!"
30;NÃO SOU MEU;;"Não sou meu! Por Cristo salvo,
Que por mim morreu na cruz,
Eu confesso alegremente,
Que pertenço ao bom Jesus.

Não sou meu! Oh! Não sou meu!
Bom Jesus, sou todo Teu!
Hoje mesmo e para sempre,
Bom Jesus, sou todo Teu!

Não sou meu! Por Ele remido,
Quando o sangue derramou;
Na Sua graça confiando,
Que minh’alma resgatou.

Jamais meu! A Ti confio
Tudo quanto chamo meu;
Tudo nas Tuas mãos entrego;
Meu Senhor, sou todo Teu!

Jamais meu! Ó santifica
Tudo quanto sou, Senhor!
Da vaidade e da soberba,
Vem livrar-me, Salvador."
31;GLÓRIA AO MEU JESUS;;"Por mim sofreu o Salvador,
Glória! Glória ao meu Jesus!
Louvai, comigo, ao Redentor!
Glória! Glória ao meu Jesus!

Jesus! Jesus! Ó Salvador;
É doce o nome do Senhor;
Abrasa -me com santo amor;
Glória! Glória ao meu Senhor.

C’oa meus pecados carregou,
Glória! Glória ao meu Jesus!
E sobre a cruz me resgatou.
Glória! Glória ao meu Jesus!

Eu sei que perdoado estou,
Glória! Glória ao meu Jesus!
E, com certeza, ao céu eu vou!
Glória! Glória ao meu Jesus!

E, quando a guerra aqui findar,
Glória! Glória ao meu Jesus!
No céu, melhor, eu vou cantar,
Glória! Glória ao meu Jesus!"
32;MEU CRISTO! MEU CRISTO!;;"Quem do céu por mim desceu,
Tudo em meu lugar sofreu,
E por mim na cruz morreu?
Foi Cristo! Foi Cristo!

Os meus pecados expiou:
De toda a pena me livrou!
Da maldição me resgatou,
Meu Cristo! Meu Cristo!

Quem me trouxe, qual pastor,
Seu cordeiro com amor?
Quem quis ser meu Salvador?
Foi Cristo! Foi Cristo!

Quem com branda compaixão,
Derreteu meu coração?
Deu-me plena salvação?
Foi Cristo! Foi Cristo!

Quem diz: “Não te deixarei,
Nem te desampararei,
Sempre te socorrerei?”
É Cristo! E Cristo!

Quem é digno de louvor?
Quem merece o meu amor?
É Jesus, meu Salvador,
Meu Cristo! Meu Cristo!

As minhas trevas dissipou!
Minha alma enferma Ele sarou!
Meu coração Ele alegrou!
Meu Cristo! Meu Cristo!"
33;COM TUA MÃO SEGURA;;"Com Tua mão, segura bem a minha,
Pois eu tão fraco sou, ó Salvador!
Que não me atrevo a dar nem um só passo
Sem Teu amparo, meu Jesus Senhor!

Com Tua mão, segura bem a minha,
E mais e mais unido a Ti, Jesus.
Ó traze-me, que nunca me desvie
De Ti, Senhor, a minha vida e luz!

Com Tua mão, segura bem a minha,
E, pelo mundo, alegre seguirei:
Mesmo onde as sombras caem mais escuras
Teu rosto vendo, nada temerei.

E, se chegar à beira desse rio,
Que Tu por mim quiseste atravessar,
Com Tua mão segura bem a minha,
E sobre a morte eu hei de triunfar.

Quando voltares esses céus rompendo,
segura bem a minha mão, Senhor,
E, meu Jesus, ó leva-me contigo,
Para onde eu goze Teu eterno amor."
34;MILÍCIA DE JESUS;;"Milhares de milhares em refulgente luz!
Eis os guerreiros santos, milícia de Jesus!
Completa, sim, completa sua longa luta aqui,
Com Cristo, seu Senhora Rei, vão descansar ali;

Que doces sinfonias encham a terra e o céu!
Que coros d’aleluias rompem além do véu!
E que chegou o dia, o dia triunfal,
E Cristo reinará, enfim, em glória divina!

Então, não há mais choro, nem há mais tentação;
As dores, as tristezas p’ra sempre fugirão,
E os remidos todos verão seu Salvador;
E transformados, todos, serão como o Senhor."
35;O GRANDE AMOR;;"O grande amor de meu Jesus
Por mim morrendo sobre a cruz,
Da perdição, pra me salvar;
Quem poderá contar?

Quem pode o Seu amor contar?
Quem pode o Seu amor contar?
O grande amor do Salvador,
Quem poderá contar?

O cálice que Jesus bebeu,
A maldição que padeceu,
Tudo por mim, p’ra me salvar,
Quem poderá contar?

A zombaria tão cruel,
A cruz sangrenta, o amargo fel,
Que Ele sofreu pra me salvar;
Quem poderá contar?

Incomparável Salvador!
Quão inefável Teu amor!
Quão impossível de sondar!
Imenso e sem par!"
36;O EXILADO;;"Da linda pátria estou bem longe;
Cansado estou;
Eu tenho de Jesus saudade,
Oh, quando é que eu vou?
Passarinhos, belas flores,
Querem m’encantar;
São vãos terrestres esplendores,
Mas contemplo o meu lar.

Jesus me deu a Sua promessa;
Me vem buscar;
Meu coração está com pressa,
Eu quero já voar.
Meus pecados foram muitos,
Mui culpado sou;
Porém, Seu sangue põe-me limpo;
Eu para pátria vou.

Qual filho de seu lar saudoso,
Eu quero ir;
Qual passarinho para o ninho,
Pra os braços Seus fugir;
É fiel – Sua vinda é certa,
Quando… Eu não sei.
Mas Ele manda estar alerta;
Do exílio voltarei.

Sua vinda aguardo eu cantando;
Meu lar no céu;
Seus passos hei de ouvir soando
Além do escuro véu.
Passarinhos, belas flores,
Querem m’encantar;
São vãos terrestres esplendores,
Mas contemplo o meu lar."
37;CRISTO PARA MIM;;"Oh! que descanso em Jesus encontrei!
Cristo p’ra mim! Cristo p’ra mim!
Oh! que tesouros infindos achei!
Cristo p’ra mim! Cristo p’ra mim!
‘Scolham os outros o mundo pra si.
Busquem riquezas, delicias aqui;
Eu acolherei, ó Jesus, sempre a Ti!
Cristo p’ra mim! Cristo p’ra mim!

Quer na aflição, na doença ou na dor:
Cristo p’ra mim! Cristo p’ra mim!
Quer na saúde, na força ou vigor;
Cristo p’ra mim! Cristo p’ra mim!
Sempre ao meu lado pra me socorrer,
Com Seu amor, sim, e com Seu poder;
Em cada transe pronto a me valer;
Cristo p’ra mim! Cristo p’ra mim!

No dia amargo da perseguição:
Cristo p’ra mim! Cristo p’ra mim!
Nas duras provas e na tentação:
Cristo p’ra mim! Cristo p’ra mim!
Ele, o pecado e o mundo venceu
Quando, por mim, no Calvário morreu;
E da vitória a certeza me deu;
Cristo p’ra mim! Cristo p’ra mim!

Quando no vale da morte eu entrar,
Cristo p’ra mim! Cristo p’ra mim!
Quando perante meu Deus m’encontrar:
Cristo p’ra mim! Cristo p’ra mim!
Só no Teu sangue confio, Senhor,
Só no Teu sempre imutável amor!
Inda outra vez cantarei, Salvador:
Cristo p’ra mim! Cristo p’ra mim!"
38;O SENHOR É REI;;"Proclamei a todo o mundo que o Senhor é Rei!
Proclamai! Proclamai!
Proclamei que suave e doce é Sua santa lei!
Proclamai! Proclamai!
Proclamai como Ele se chama Salvador Jesus,
Como Ele por nós morreu na ensanguentada cruz,
Como Ele – o Cordeiro – sobre o trono está
O Deus de toda graça, que de graça tudo dá.

Proclama! a todo o mundo
que o Senhor é Rei!
Proclamai! Proclamai!
Proclama! que suave e doce
é Sua santa lei!
Proclamai! Proclamai!

Proclamei que reina em graça nosso Salvador!
Proclamei! Proclamei!
Que por cetro de Seu reino ele tem o amor!
Proclamei! Proclamei!
Anunciei aos tristes que Ele vive lá;
E e todos os cansados que descanso Ele dá;
Contei aos pecadores que Ele veio salvar,
E a todos os cativos que Ele os pode libertar.

Proclamei que Ele, do céu em breve descerá!
Proclamei! Proclamei!
E com todos os Seus santos aparecerá!
Proclamei! Proclamei!
Que, sem demora, venham todos se render
E, com amor, em tudo e Cristo obedecer
Que estejam todos prontos quando Ele voltar,
E alegres, naquele dia, “Rei dos reis”, o aclamar."
39;ALVO MAIS QUE A NEVE;;"Bendito seja o Cordeiro,
Que na cruz por nós padeceu!
Bendito seja o Seu sangue,
Que por nós, ali Ele verteu!
Eis nesse sangue lavados,
Com roupas que tão alvas são,
Os pecadores remidos,
Que perante seu Deus já estão!

Alvo mais que a neve!
Alvo mais que a neve!
Sim, nesse sangue lavado,
Mais alvo que a neve serei.

Quão espinhosa a coroa
Que Jesus por nós suportou!
Oh! Quão profundas as chagas,
Que nos provam quanto Ele amou!
Eis nessas chagas pureza
Para o maior pecador!
Pois que mais alvo que a neve,
O Teu sangue nos torna, Senhor!

Se nós a Ti confessarmos,
E seguirmos na Tua luz,
Tu não somente perdoas,
Purificas também, ó Jesus;
Sim, e de todo o pecado!
Que maravilha de amor!
Pois que mais alvo que a neve.
O Teu sangue nos torna, Senhor."
40;A CIDADE DO BOM JESUS;;"Que se diz dos teus encantos,
Ó cidade do bom Deus!
Que soberba te levantas
Entre as glórias desses céus,
Desde o mundo preparada
Para Cristo e para os Seus.

São de jaspe adamantino
Os teus muros, ó Sião!
São douradas essas ruas,
Que os remidos pisarão!
De celeste luz banhadas,
Refulgentes sempre estão!

Pelo próprio Deus fundada
Sobre a rocha secular
Quão seguras tuas portas!
Quem as pode ameaçar?
Igualmente, quão seguro
Quem por ela lá entrar!

Quão felizes são teus filhos,
Vendo a face do Senhor!
Nunca mais a fome sentem,
Nunca sentem mais a dor,
Com os anjos desfrutando
Pleno gozo, paz e amor!

O trono do Cordeiro,
Noite e dia, sem cessar
Corre o rio de água viva,
Para todos saciar!
Lá com Cristo, vão teus filhos,
Satisfeitos descansar!

Se, por Teu amor infindo,
De Sião eu filho for,
Zombe o mundo e escarneça,
Nada importa, Salvador,
Pois que do Teu gozo eterno
Mesmo aqui tenho o penhor!"
41;A CRISTO COROAI;;"A Cristo coroai! Que por nós encarnou,
E Deus, o Santo Deus e Pai, aos homens revelou.
Eis Sua compaixão! Eis Sua mansidão!
Quem vê a Cristo, vê ao Pai; sim, vê Seu coração.

A Cristo coroai! De tudo o Criador,
O Filho do eterno Deus, do mundo, o Salvador, Jesus Emanuel,
o grande Redentor!
Em busca dos perdidos, vem o nosso bom Pastor.

A Cristo coroai! Que sobre a cruz, ganhou
Por nós eterna redenção e para o céu voltou!
Ele é o Rei dos reis! O Príncipe da paz!
Jesus, da morte, o vencedor, que a Salvação nos traz.

A Cristo coroai! De todos o Senhor,
A quem a multidão dos céus aclama com fervor!
Eis o Cordeiro ali, que sobre o trono está!
Que vive e reina lá por nós, e cedo voltará."
42;SAUDAI JESUS;;"Saudai o nome de Jesus!
Arcanjos, vos prostrai;
Arcanjos, vos prostrai;
Ao Filho do eterno Deus,
Com glória, glória,
Glória, glória,
Com glória, coroai!

Ó escolhida geração
Do bom eterno Pai,
Do bom eterno Pai;
Ao grande autor da salvação,
Com glória, glória,
Glória, glória,
Com glória, coroai!

Ó perdoados, cujo amor
Bem triunfante vai,
Bem triunfante vai,
Ao Deus Varão, Conquistador,
Com glória, glória,
Glória, glória,
Com glória, coroai!

Ó raças, tribos e nações,
Ao Rei dos reis honrai!
Ao Rei dos reis honrai!
A quem quebrou vossos grilhões,
Com glória, glória,
Glória, glória,
Com glória, coroai!"
43;DOCE LAR;;"Na pátria celeste, de Deus o doce lar,
Prepara Jesus, para os Seus, um lugar,
Pois longe do mal, do pecado e da dor,
Consigo p’ra sempre os quer ter seu Senhor.

Oh! Doce, doce lar!
Ali, com Jesus, vou para sempre descansar

Oh! lar sacrossanto de paz e de amor!
Ali sobre o trono, verei meu Senhor,
O meigo Cordeiro, reinando em luz,
Por todos louvado, bendito Jesus!

Que puras delícias se encontram em ti!
Que gozos supremos esperam ali,
Aqueles a quem juntos Si Deus quer ter,
E perpetuamente os satisfazer!

Não são seus prazeres que anseio gozar,
Mas, sim, com Jesus para sempre morar!
Jamais desonrá-Lo, jamais ofender
A quem, p’ra ganhar-me, por mim quis morrer."
44;OH! QUE GLÓRIA;;"Meu Senhor, que me salvaste,
Teu, e Teu somente, eu sou;
Com Teu sangue me saraste;
Glória, glória a Ti Te dou.

Oh! Que glória! Oh! Que glória!
Gozo em meu coração!
Eu confio em Jesus,
E, crendo, tenho salvação.
Oh! Que glória! Oh! Que glória!
Gozo em meu coração!
Eu confio em Jesus,
E em Seu sangue achei perdão.

Para obter tão grande gozo,
Muito e muito trabalhei;
Mas debalde todo esforço,
Crendo só é que o achei.

Confiando, confiando,
Sempre e só, Jesus, em Ti,
Teu poder e Tua graça
Podem bem guardar-me a mim.

Consagrado ao Teu serviço,
Quero eu pra Ti viver;
Dando sempre o testemunho
De Tua graça e Teu poder."
45;REDENTOR ONIPOTENTE;;"Redentor onipotente,
Poderoso Salvador,
Advogado onisciente
É Jesus, meu bom Senhor.

Ó Amante da minh’alma,
Tu és tudo para mim!
Tudo quanto eu careço
Acho, Jesus, só em Ti.

Um abrigo sempre perto,
Para todo o pecador;
Um refúgio sempre aberto,
É Jesus. meu Salvador.

Água viva! pão da vida!
Doce sombra no calor,
Que ao descanso nos convida.
É Jesus, meu Salvador!

Ó Cordeiro imaculado,
Que Seu sangue derramou,
Meus pecados expiando,
A minh’alma resgatou.

Fundamento inabalável!
Rocha firme e secular!
Infalível! Imutável!
Quem mo poderá tirar?

O caminho que, seguro,
Sempre para o céu conduz,
Quem a Cristo pronto segue,
Quem tomar a sua cruz."
46;UM PENDÃO REAL;;"Um pendão real vos entregou o Rei
A vós, soldados Seus;
Corajosos, pois, em tudo o defendei,
Marchando para os céus.

Com valor! Sem temor!
Por Cristo prontos a sofrer!
Bem alto erguei o Seu pendão,
Firmes sempre, até morrer!

Eis formados já os densos batalhões
Do grande usurpador!
Declarei-vos, hoje, bravos campeões;
Avante sem temor.

Quem receio sente no seu coração,
E fraco se mostrar,
Não receberá o eterno galardão,
Que Cristo tem pra dar.

Pois sejamos, todos, a Jesus leais,
E a Seu real pendão;
Os que na batalha sempre são fiéis,
Com Ele reinarão."
47;ROCHA ETERNA;;"Rocha eterna, meu Jesus,
Que, por mim, na amarga cruz,
Foste morto eu meu lugar,
Morto para me salvar;
Em Ti quero me esconder,
Só Tu podes me valer.

Minhas obras, eu bem sei,
Nada valem ante a lei;
Se eu chorasse sem cessar.
Trabalhasse sem cansar,
Tudo inútil, tudo em vão!
Só em Ti há salvação.

Nada trago a Ti, Senhor!
‘Spero só em Teu amor!
Todo indigno e imundo sou,
Eis, sem Ti, perdido estou!
No Teu sangue, ó Salvador,
Lava um pobre pecador.

Quando a morte me chamar,
E ante Ti me apresentar,
Rocha eterna, meu Jesus,
Que por mim, na amarga cruz,
Foste morto em meu lugar,
Quero em Ti só me abrigar."
48;O DIA DO TRIUNFO;;"Quando lá do céu descendo,
para os Seus, Jesus voltar,
E o clarim de Deus a todos proclamar,
Que chegou o grande dia do triunfar do meu Rei,
Eu, por Sua imensa graça, lá estarei.

Quando enfim, chegar o dia
Do triunfar do meu Rei,
Quando enfim, chegar o dia,
Pela graça de Jesus eu lá estarei!

Nesse dia, quando os mortos
hão de a voz de Cristo ouvir,
E dos seus sepulcros hão de ressurgir,
Os remidos reunidos, logo aclamarão seu Rei,
E, por Sua imensa graça, lá estarei.

Pelo mundo, rejeitado foi,
Jesus, meu Salvador.
Desprezaram, insultaram meu Senhor,
Mas, faustoso, vem o dia
do triunfar do meu Rei,
E, por Sua imensa graça, lá estarei.

Em mim mesmo, nada tenho em que possa confiar,
Mas Jesus morreu na cruz p’ra me salvar;
Tão somente nEle espero, sim, e sempre esperarei.
Pois, por Sua imensa graça, lá estarei."
49;ALELUIA! JÁ CREIO;;"Deus tem prometido a salvação dar.
A quem em Seu Filho Jesus confiar.

Aleluia! Já creio em Cr!sto Jesus.
E salvo já estou, pelo sangue da cruz!

Foi tal Seu amor, que me substituiu,
E sobre o Calvário, minh’alma remiu!

Não posso jamais desse amor duvidar;
Não posso senão aos Seus pés me prostrar.

E, quando, na glória, eu vir meu bom Rei,
Com todos os santos ali cantarei."
50;SEMPRE FIÉIS;;"Sempre fiéis, sim, a Ti, nós seremos,
Por Tua graça, ó Cristo, Senhor!
Sempre fiéis, sim, por Ti lutaremos.
Sob Teu pendão, ó Jesus, Salvador!

Sempre fiéis, irmãos! Irmãos sejamos.
Sempre fiéis a Cristo Jesus.
Que até à morte, por nós prosseguiu,
E libertou-nos, morrendo na cruz!

Por Ti viver, ó bendito Cordeiro,
Quem não deseja – se Te conhecer?
Quem, que se diga cristão verdadeiro,
Pronto não ‘steja, por Ti a sofrer?

Mas, Salvador, quão fraquinhos nós somos,
Como podemos deixar de cair,
Se por Ti mesmo guardados não formos?
Quem, té à morte, Te pode seguir?

Sempre fiéis, sim, mesmo até à morte!
Sempre fiéis – Tomemos a cruz!
Eis a divisa que a nós nos pertence,
Aos libertados por Cristo Jesus!"
51;ADORAÇÃO RECONHECIDA;;"Ó minh’alma, sem demora,
Ergue-te para entoar,
Os louvores do teu Cristo,
E Seu nome celebrar!
P’ra remir-te, p’ra remir-te,
Sua vida Ele quis dar!

Minha condição tão triste
Conheceu meu Salvador;
Que dos céus desceu à terra,
Para ser meu Redentor!
Oh! Quão grande! Oh! Quão grande!
E o amor de meu Senhor!

Condenado, justamente,
Que podia eu fazer,
Dessa pena p’ra livrar-me,
O perdão p’ra merecer?
O Seu sangue, o Seu sangue,
Quis Jesus por mim verter!

Com meus crimes carregado,
Lá na cruz, em meu lugar,
Foi Jesus crucificado,
A minh’alma pra salvar;
Vinde todos! Vinde todos,
Já comigo, O adorar!"
52;TUDO ESTÁ BEM;;"Pelo amor de Deus bendito,
Vai tudo bem!
Seu amor é infinito:
Tudo está bem!
Esse amor nos tem provado.
Em Seu Filho muito amado,
Que, por nós, foi imolado.
Sim, sim, ‘stá bem!

Cristo, agora, o cetro empunha:
Vai tudo bem!
Quem morreu é quem governa:
Tudo está bem!
Seu amor é imutável,
Seu poder inabalável,
Seu cuidado é incansável,
Sim, sim, ‘stá bem!

A fé canta na tristeza:
Vai tudo bem!
Canta, sim, e com firmeza:
Tudo está bem!
Pois se Deus é quem nos guia,
Ternamente nos vigia,
Com bondade, noite e dia.
Sim, sim, ‘stá bem!

Por caminhos escabrosos,
Vai tudo bem!
Ou por mares tormentosos,
Tudo está bem!
A Jesus tudo obedece;
Sempre o mesmo permanece!
Nem um só dos Seus esquece!
Sim, sim, ‘stá bem!

Quer na vida, quer na morte,
Vai tudo bem!
Quão feliz é nossa sorte!
Tudo está bem!
Pelo sangue resgatados,
E do mundo separados.
Sempre por Jesus guardados.
Sim, sim, ‘stá bem!"
53;A ESPERANÇA DA IGREJA;;"Até que volte o Salvador,
Cercando a mesa do Senhor,
A Ceia vimos celebrar,
De Cristo, a morte anunciar,
E com humilde devoção,
Render a Deus adoração.

Até que volte o Salvador,
Aqui mostremos Seu amor;
Com viva fá e gratidão,
Participemos deste pão,
Obedientes a Jesus,
Lembrando assim a Sua cruz!

Até que volte o Salvador,
Bebendo o cálice do Senhor,
Seu nome queremos bendizer,
E mais e mais engrandecer,
O sangue que Ele derramou,
O sangue que nos resgatou!

Se duras são as provações,
Se fortes as perseguições,
Se as lutas fazem-se sentir,
E custa-nos as resistir,
Não nos deixemos perturbar:
São só até Jesus voltar!

Bem prontos para O receber,
Devemos sempre aqui viver;
O tempo foge, o dia vem,
A glória esperamos além,
Pois trabalhemos, com fervor,
Até que volte o Salvador."
54;LOUVEMOS AO REDENTOR;;"Minh’alma, louva ao Redentor
Jesus, teu Rei, teu Salvador,
Que sobre a cruz, em teu lugar,
Seu sangue deu p’ra te salvar!

Sim, sobre a cruz, em meu lugar,
Jesus morreu p’ra me salvar!
Salvo e seguro nEle estou,
Pois com Seu sangue me livrou.

Oh! quão perdido e longe andei,
Longe de Deus e Sua lei!
Com terno e paciente amor
Seguiu-me sempre, o Salvador!

Bendito dia, quando, enfim,
Vi Cristo sobre a cruz, por mim!
Vencido pelo Seu amor,
Rendi-me logo ao Salvador.

Vem, alma aflita, descansar;
Eis Cristo pronto a perdoar!
Confia nEle, de coração,
E teu será o gran perdão."
55;MAIS PERTO DA TUA CRUZ;;"Meu Senhor, sou Teu – Tua voz ouvi
A chamar-me, com amor;
Mais, de Ti, mais perto eu quero estar,
Ó bendito Salvador!

Mais perto, perto da Tua cruz
Quero estar, ó Salvador!
Mais perto, perto, perto da Tua cruz
Leva-me, ó meu Senhor!

A seguir-Te só, me consagro eu,
Constrangido pelo amor,
E, alegre, já me declaro Teu,
P’ra servir-Te a Ti, Senhor.

Oh! Que pura e santa delicie é,
Aos Teus santos pés me achar,
E com viva e reverente fé,
Com meu Salvador falar."
56;TUDO EM CRISTO;;"Dantes, trabalhava sempre com temor,
Mas descanso, agora em meu Salvador;
Dantes “esperava”; hoje, “bem o sei”
Que estou salvo em Cristo, meu bendito Rei.

Tudo! Tudo em Cristo’
Que por mim morreu.
Tudo! Tudo em Cristo!
Cristo é todo meu.

Dantes, desejava bênção do Senhor;
Hoje, mais de Cristo, mais de Seu amor!
Não somente a bênção, que tão pronto dá,
Mas Ele mesmo a fonte em quem tudo está.

Dantes, duvidava, era sempre “o eu”:
Hoje, bem conheço Cristo, além do véu,
Sacerdote eterno, lá por mim entrou;
NEle estou completo, nEle aceito sou.

Dantes queria o mundo; hoje, é só Jesus!
Dantes, eram trevas: hoje, é plena luz;
Dantes, o receio, hoje, a doce paz,
Tudo a Cristo deixo, Ele me satisfaz."
57;VIVIFICA-NOS SENHOR;;"Deus presente está conosco.
Pronto todos a salvar;
Sobre as almas sequiosas,
Quer Sua bênção derramar.

Manda, ó manda as ricas chuvas
Da Tua bênção, Salvador!
Imploramos! Esperamos!
Viviflca-nos, Senhor!

Eis a Ti, Senhor, erguemos
Nossos pobres corações;
Na Tua grande e rica graça,
Ouve as nossas petições!

Torna a nossa fé mais viva,
Mais ardente o nosso amor;
Enche-nos de santo zelo,
De coragem e fervor."
58;NÃO TEMAS;;"“Não temas! Contigo, Eu sempre estarei!
Oh! rica promessa do bondoso Rei;
Qual estrela que brilha, lá na escuridão,
Esta linda promessa brilha no meu coração.

Comigo estar! Comigo estar!
Sim, Jesus me promete,
Sempre comigo estar.
Comigo estar! Comigo estar!
Sim, Jesus me promete,
Sempre comigo estar.

Os lírios mais alvos, ei-los murchos estão!
Os dias mais belos, quão depressa vão!
Cristo, o lírio dos vales, nunca mudará:
Cristo, a luz celeste, sempre comigo estará!

E, se pelas águas tiver de passar,
Seus braços eternos hão de me guardar;
Sim, mesmo no fogo. que vem me provar,
Meu Senhor me promete sempre comigo estar!"
59;EU CREIO, SIM;;"Te conhecer o amor sem fim,
Um pecador fui eu;
Em o meu pensar não houve lugar
Para Cristo e o céu.

Eu creio, sim, Já creio, sim,
Jesus morreu por mim;
Pelo sangue Seu, que Ele verteu,
Libertado fui por fim.

Pois, quando vi Jesus por mim,
Sofrendo sobre a cruz,
O meu coração, sem hesitação,
Recebeu o amor e a luz.

Com lágrimas, pedi perdão,
E dor, também senti;
Veio, então, Jesus, e a mim falou:
“Foi por ti que Eu morri”.

Eu sei que Deus, no Filho Seu,
Me vê perfeito e são;
Não há mais temor, só bendito amor,
Gozo no meu coração."
60;EXULTAÇÃO DO CRENTE;;"Vinde, cantai e entoei
Louvores a Jesus,
Que, para nossa salvação,
Morreu na amarga cruz,
Seu sangue derramou, de tudo me lavou,
Mais alvo do que a neve me tornou.

O sangue de Jesus me lavou, me lavou!
O sangue de Jesus me lavou, me lavou!
Alegre cantarei louvores ao meu Rei,
A meu Senhor Jesus, que me salvou.

Vinde conosco vos unir
Na guerra contra o mal;
E com nosso Salvador,
Em marcha triunfal,
A todos proclamar, Sua graça e Seu poder.
Seu sangue derramou p’ra nos salvar!

O Capitão da salvação
É Cristo, o Salvador;
O Rei dos reis, o Redentor.
Jesus, nosso Senhor;
Ele tudo vencerá, vitória nos dará;
A glória salvos, nos conduzirá."
61;DEUS TOMARÁ CONTA DE TI;;"Em todo o tempo, irmão, o Senhor
Tomará conta de ti.
Cristo, que fala de vida e amor,
Tomará conta de ti.

Deus tomará conta de ti,
Deus tomará conta de ti,
NEle descansa, sempre aqui,
Pois tem cuidado Deus, de ti.

Em toda prova, irmão, o Senhor
Tomará conta de ti
Cristo, que é teu amado Pastor,
Tomará conta de ti.

Em toda parte, irmão, o Senhor
Tomará conta de ti.
Cristo, que nos dá poder e valor,
Tomará conta de ti.

Chegando a morte, irmão, o Senhor
Tomará conta de ti.
Cristo será teu fiel condutor:
Tomará conta de ti."
62;ACHEI JESUS;;"Achei Jesus, achei Jesus,
Oh! gozo incomparável!
Pois salvo estou, já tenho luz
E paz inexplicável!
Os meus pecados expiou
O sangue do Cordeiro;
As minhas trevas dissipou;
De Deus eu sou herdeiro!

Jesus mui longe me buscou,
Perdido me encontrava!
E do pecado me salvou,
O qual me atormentava,
Pertenço ao meu bom Redentor,
Ao meu melhor amigo,
Que me livrou de toda a dor,
E sempre está comigo.

Oh! Que prazer, oh! Que prazer!
Jesus é meu amado!
Do Salvador eu quero ser
Um servo consagrado;
Pois já me deu a salvação,
Que nos foi prometida,
Ao meu cansado coração
Encheu de nova vida.

Desejo a meu Jesus louvar,
Em doce harmonia;
Em Cristo, tudo fui achar,
Pois tudo carecia;
E sem cessar, o Salvador,
Me ama ternamente;
O que direi a tal amor?
“Te amo eternamente!”"
63;ACORDAI, ACORDAI;;"Eis marchamos para aquele bom país,
Onde o crente (sim, é Cristo quem o diz),
Com seu Salvador pra sempre ali feliz,
Vai com Ele descansar.
Trabalhemos, pois, com zelo e com vigor,
Constrangidos pelo Seu imenso amor;
Trabalhemos pelo nosso Salvador:
Eis que a vida vai findar!

Acordai! Acordai! Despertai! Despertai!
E cantai! Sim, cantai! O Senhor não tardará.
Eis marchamos para aquele bom país,
Onde o crente (sim, é Cristo quem o diz),
Com seu Salvador, p’ra sempre ali feliz,
Vai com Ele descansar.

Eis conosco nosso insigne Capitão,
Que nos assegura eterna salvação!
Eis da santa fé, o invicto pavilhão!
Vamos, vamos trabalhar!
Eis avante! Nada temos que temer;
Por Jesus, havemos sempre de vencer,
Trabalhemos, pois até o amanhecer,
E o trabalho aqui findar!

Revestidos da couraça de Jesus,
Como servos Seus e filhos, sim, da luz,
Gloriando-nos em Cristo e Sua cruz!
Vamos, vamos, trabalhar!
Os perdidos, vamos com amor buscar,
Aos desesperados, vamos declarar
Que Jesus ‘stá pronto todos a salvar!
Ó sim, vamos trabalhar!"
64;DE TODO O MUNDO: ALELUIA!;;"De todo o mundo, eis-nos aqui
Em Ti só confiando,
Permanecendo em Teu amor,
Teu reino só buscando,
As nossas vidas, nosso amor,
A Ti trazemos, Salvador,
Cantando: “Aleluia!”

Viver por Ti, em Ti morrer,
Os nossos pais miravam;
A Tua vontade só fazer,
Eis o que desejavam.
E nós, que somos Teus, também
Dizemos, firmes: Sim, Amém’
E: “Glória! Aleluia!”

Ao Evangelho salvador,
Tão puro e glorioso,
As leis santíssimas que Tu
Nos dás, Senhor bondoso,
“Amém! Dizemos com fervor,
E, pelo Teu imenso amor,
Clamamos: “Aleluia!”

Sim, constrangidos pelo amor,
Perdidos procuramos
Salvar, – ganhar p’ra Ti, Senhor:
Eis o que ambicionamos,
Seguindo sempre a Tua lei,
A Ti, leais, bendito Rei,
Cantamos: “Aleluia!”

Nem o labor será em vão,
Pois eis, que glorioso,
O dia vem, em que Jesus
Virá vitorioso;
E todo mundo cantará,
E jubiloso O exaltará,
Com: “Amém”, “Aleluia!”"
65;QUEM IRÁ?;;"Eis os milhões, que em trevas tão medonhas
Jazem perdidos, sem o Salvador!
Quem, quem irá as novas proclamando,
Que Deus, em Cristo, salva o pecador?

“Todo o poder o Pai me deu,
Na terra, como lá no céu!
Ide, pois, anunciar o Evangelho,
E eis-me convosco Sempre!”

Portas abertas, eis por todo o mundo!
Cristãos, erguei-vos! Já avante anda!!
Crentes em Cristo! Uni as vossas forças.
Da escravidão os povos liberta!

“Ó vinde a mim! A voz divina clama,
“Vinde!” Clama! em nome de Jesus:
Pra nos salvar da maldição eterna,
Seu sangue derramou por nós na cruz.

Ó Deus apressa o dia glorioso,
Em que os remidos todos se unirão,
E, em coro excelso, santo, jubiloso,
P’ra todo o sempre, glória a Ti darão."
66;PRONTO A SALVAR;;"Todo o que crê no Filho de Deus,
Que, p’ra nos remir, desceu dos céus;
Todo o que, contrito, a Deus se chegar,
Jesus está pronto, agora, a salvar.

Sim, Jesus te chama, ó meu Irmão!
A ti Ele oferece pleno perdão;
Seu sangue verteu para te resgatar,
E Ele é quem quer e pode salvar.

Quem, arrependido, busca perdão,
Abrindo a Jesus o seu coração,
A paz hoje mesmo pode gozar,
Pois Ele está pronto, agora, a salvar."
67;QUEM QUER IR COM CRISTO?;;"Quem quer hoje mesmo a Jesus seguir?
Seu pendão alçando, ao combate ir?
Quem quer, humilhado, sempre O servir,
E obedecê-Lo. Seu querer cumprir?

Quem quer ir com Cristo, quem responderá,
Presto, sem demora, “eu, Senhor, irei”?
Onde for o Mestre, tu também irás?
Quem dirá agora: “eu Te seguirei”?

Quem seguir a Cristo quer, com mui amor,
Dando-Lhe tributo, dando-Lhe louvor;
De Sua nobre causa, sendo defensor,
E na santa vinha, ser trabalhador?

Queres tu segui-Lo, sem vacilação,
E fugir dos braços da vil tentação?
Sempre confiando na Sua proteção,
Por fé desfrutando Sua salvação."
68;GOZO DE TER SALVAÇÃO;;"Podes receber a doce paz de Deus,
Crendo em Jesus, que já desceu dos céus:
Toma, hoje, tua cruz,
Vem das trevas para a luz,
E, assim, mui gozo te dará Jesus!

Gozo de ter salvação,
Gozo no teu coração.
Alegria fruirás,
Quando desfrutares paz,
Que te trouxa Cristo, na cruenta cruz!

O amor de Cristo podes conhecer,
Seu sustento santo podes receber:
Não mais só combaterás,
Cristo te defenderá,
E, assim, mui gozo te dará Jesus.

Queres tu, de Cristo, fiel soldado ser?
Pelejar por Ele sempre sem temer?
Vem, então, ao Salvador;
Far-te-á mui vencedor,
E, assim, mui gozo te dará Jesus.

Poderás por Cristo ser aqui uma luz,
Se obedeceres ao Senhor Jesus!
Ó vem, hoje, sem temor,
Aceitar o Salvador,
E, assim, mui gozo te dará Jesus."
69;JESUS QUEBROU OS MEUS GRILHÕES;;"Jesus quebrou os meus grilhões,
Com sangue me comprou;
A minha alma, de prisões,
Eterna resgatou.

Aleluia! Cristo salva o perdido pecador!
Aleluia! Cristo salva o perdido com amor!

É minha paz, e proteção,
Meu bom Consolador;
Auxílio certo na aflição,
Remédio para a dor,

Nenhum perigo temerei,
Estando em Jesus;
As dores não mais sofrerei;
Jesus é minha luz.

Jesus, Teu nome louvarei,
Com todo o coração;
Alegre ao mundo anunciarei
Tão grande salvação."
70;CRISTO VAI VOLTAR;;"Nós Aleluia daremos a Cristo,
Quando O virmos nas nuvens voltar,
De esplendor e de glória vestido,
Seus escolhidos vai arrebatar.

Cristo Jesus logo vai voltar,
Vai voltar, vai voltar,
Seu povo vem, sim, arrebatar;
Jesus breve regressará!

Eis que estou no Senhor confiando,
Todo o meu ser a Jesus entreguei.
Todos prazeres eu tenho deixado,
Em Jesus Cristo meu gozo achei.

Como há de ser para ti Sua vinda?
Ela trará gozo ao teu coração?
Ou te fará padecer mais ainda?
Temes que só te trará maldição?

Cristo a mim a promessa tem dado
Que junto dEle, também reinarei;
Breve será meu Jesus proclamado
Sobre a terra, por todos: “O Rei”."
71;SANTO ÉS TU, SENHOR;;"Santo! Santo! Grande eterno Deus,
Com alegria nós Te louvamos.
Rei dos reis e Criador dos céus.
Humilhados Te adoramos;
Honra e glória em Ti miramos,
Pois foi rasgado, na cruz, o véu.

Santo para sempre és Tu, Senhor
Nas batalhas és vencedor!

Adorai-O terra, céu e mar;
Toda a Igreja, seus mensageiros,
Reunidos, vinde suplicar
Dons celestes, pois sois herdeiros
De Deus, e com Jesus coherdeiros
Da glória que jamais vai findar.

Rei doa séc’los, grande eterno Deus!
Tu és veraz e incompreensível,
Criador da terra e dos céus;
És o Ancião invisível,
Habitas na luz inacessível,
Lá morarão os remidos Teus."
72;RASGOU-SE O VÉU;;"Rasgou-se o véu, franca ficou a entrada:
Confiança temos, para ali entrar,
Onde a divina glória revelada,
Outrora, não podíamos mirar;
Por Cristo, entrando, nada ali tememos;
A glória brilha, sem nos ofuscar;
Na luz estamos e permanecemos
Firmes, tranqüilos, sem mais vacilar.

Contigo ali, Senhor, nos encontramos,
Pois nos levaste já ao santo Pai,
Em cuja graça aceitos, sempre estamos,
Em cujo amor tão grande nos atrai
A Ti, ó Filho – em Ti, ó bem amado!
E só em Ti temos aceitação;
E quem, no sangue estando já lavado,
Isento está da eterna perdição.

Ó Deus, a Ti de coração louvamos,
Pois de Ti nos quiseste aproximar,
Quando separados de Ti ficamos,
Por Tua lei divina, violar,
Teus santos seguidores, consagrados,
No sangue do bendito Salvador,
O culto e adoração Te apresentamos,
Porque nos chamaste, ó bom Senhor!"
73;VEM, VEM A MIM;;"Pecador escuta a voz do Senhor:
“Se estás cansado, ó vem descansar;
Vem, não te detenhas; sem nenhum temor,
Deixa o teu fardo e vem repousar”.

Vem, vem a Mim e descansarás;
Toma o Meu Jugo e Te guiarei;
Sou humilde, manso, dou-Te minha paz;
Ó vem, hoje mesmo, e Te salvarei.

Vem a Deus, faminto, pobre mesmo assim;
Há maná celeste, preparado já;
Grátis é a festa, p’ra ti e p’ra mim,
Cristo te convida, vem e cearás.

Andas desviado, longe do redil?
Deixa de vagar e vem ao bom Pastor;
Pelos montes, vales, há perigos mil?
Volta ao rebanho do teu Salvador.

Crendo tu, em Cristo, salvação terás;
Gozo, paz perfeita, tudo que é mister;
Cristo não despreza, nem rejeitará
Todo o que contrito a Ele vier."
74;CRISTO VIRÁ;;"Talvez Cristo venha ao romper da aurora,
Com santos arcanjos, e com voz sonora;
Os mortos porá dos sepulcros p’ra fora;
Jesus, breve, vem nos buscar.

Cristo, que há de vir, virá!
Ele não tardara, sim, Jesus vem;
Aleluia! Aleluia! Amém! Aleluia! Amém!

Talvez voltará quando o dia feneça,
Ou em uma noite a luz resplandeça;
Irmãos, esperai que Jesus apareça!
Jesus, breve, vem nos buscar.

O Seu esplendor e a glória veremos,
Do mundo, então, nós por fim, sairemos,
Assim, grande gozo no céu fruiremos;
Jesus, breve, vem nos buscar."
75;EM JESUS TENS A PALMA DA VITÓRIA;;"Tentado, não cedas, ceder é pecar,
Melhor e mais nobre, será triunfar,
Coragem, ó crente, domina o teu mal.
Deus pode livrar-te de queda fatal.

Em Jesus tens a palma
Da vitória, minh’alma;
E também doce calma
Pelo sangue da cruz!

Evita o pecado, procura agradar
A Deus, a quem deves no corpo exaltar;
Não manches teus lábios com impura voz;
Defende tua alma do vicio atroz.

Sê manso e benigno, qual morto até.
Na rocha eterna, firma tua fé;
Veraz é teu dito: de Deus é teu ser?
T’espera a coroa, tu podes vencer."
76;VEM, Ó PRÓDIGO;;"Vem, ó pródigo, vem sem tardar, te chama Deus,
Ouve-O chamando, sim, chamando a ti;
Tu, que vagas errante escuta a voz dos céus,
Ó escuta a voz de amor.

Deus espera por ti. perdido, pródigo, vem;
Deus espera por ti, perdido, pródigo, vem

Com paciência e ternura te chama o Senhor,
Ouve-O chamando, sim, chamando a ti;
Vem enquanto te chama o meigo Salvador,
Ó escuta a voz de amor!

Lá na casa do Pai, abundância há de pão;
Ouve-O chamando, sim, chamando a ti;
Já está pronta a mesa com toda a provisão,
Ó escuta a voz de amor!"
77;GUARDA O CONTACTO;;"Queres, neste mundo, ser um vencedor?
Queres tu cantar nas lutas e na dor?
Queres ser alegre, qual bom lutador?
Guarda o contacto com teu Salvador!

Guarda o contacto com teu Salvador,
E a nuvem do mal não te cobrirá;
Pela senda alegre, tu caminharás
Indo em contacto com teu Salvador.

Neste mundo, vivem muitos a penar,
Cujos corações transbordam de pesar;
Dá-lhes a mensagem de amor sem par;
Com Deus o contacto deves tu guardar!

Queres tu, com Deus, a comunhão obter?
Sua glória em ti sempre permanecer?
Que o mundo possa Cristo em ti ver!
Guarda o contacto co’o supremo Ser.

Deixa que o Espírito implante em teu ser,
O amor de Cristo, divinal prazer;
Queres, neste mundo, todo mal vencer?
Guarda o contacto e terás poder!"
78;MEU FORTE REDENTOR;;"Vagando eu em grande escuridão,
O Salvador me encontrou,
Perdido, mesmo, sem ter salvação;
A minh’alma Seu sangue lavou.

Jesus é o meu forte Redentor;
Ele é meu grande Salvador,
Que me libertou na cruz, com mui amor,
Cristo é meu Rei e meu Senhor.

Nos meus pecados e vil turbação,
A luz mostrou-me, o Senhor;
E fez-me ver que ali na perdição
Me alcançava Seu grande amor.

Eu gozo desta grande salvação,
Meu nome já no céu está;
E recebi a divina! unção,
Que aos fiéis ainda Deus dá.

Num dia alegre, Cristo voltará,
E para o céu eu subirei;
Meu corpo transformado, então será,
Qual o de Cristo Jesus. o meu Rei."
79;SUA GRAÇA ME BASTA;;"Quando me sinto fraco, não tenho mais vigor,
Não vendo mais o brilho do sol, da clara luz;
Jesus está comigo, é meu Consolador;
Ele jamais me deixa, pois sempre me conduz.

Sua graça me basta a mim, a mim,
Sus graça me basta a mim;
Na vida d’aquém, no céu também,
Sua graça me basta a mim.

Quando a tempestade vem contra mim feroz,
Nas trevas navegando com minha embarcação,
Cristo Jesus me anima, ouço a Sua voz;
“Eis que estou contigo, por que temer, então?”

Quando m’atingem os dardos do inimigo audaz,
Que busca com astúcia a vida me tirar,
Eu clamo, então, a Cristo, meu Salvador veraz,
O qual me dá vitória, se nEle eu confiar."
80;CRISTO TE CHAMA;;"Cristo te chama, a ti. pecador,
Te chama a ti, com voz de amor;
Deixa os pecados, e vem ao Senhor.
Cristo te chama a til

Cristo te chama, te chama a ti!
Cristo te chama, ó vem pecador!
Cristo te chama com voz de amor.
Cristo te chama a ti!

Deixa as sendas do mundo d’horror,
Vem a Jesus, vem com amor;
Cristo te salva, ó vem, pecador;
Cristo te chama a ti!

Cristo glorioso virá com poder;
Pronto estás para ascender?
Só por Seu sangue tu podes vencer.
Cristo te chama a ti!

A compassiva voz do Salvador,
Chama-te já com santo amor;
Vem para a fonte, á vem pecador,
Cristo te chama a ti!"
81;PODE SALVAR;;"Somente em Cristo podemos
A salvação receber;
Novo concerto nós temos
Em quem na cruz quis morrer.

Pode salvar, pode salvar,
Tira os pecados, e quer vos salvar,
Pode salvar, pode salvar,
Tira os pecados, e quer vos salvar.

Quando perdoa os pecados
Vida nos quer conceder.
Fomos por sangue comprados
Do modo vão de viver.

Teu coração já entrega
A quem te pode salvar;
E quem as dores carrega:
Cristo te pode livrar!

Cristo te quer dar agora
Paz e descanso real;
Quer revelar-te esta hora:
Graça imensa e real."
82;UM MEIGO SALVADOR;;"Um Salvador meigo eu tenho,
A quem antes não conheci;
Agora, alegre, eu venho
Contando a todos que O vi.

Todos, todos verão,
Todos, todos verão;
Jesus glorioso e bondoso,
Sim, todos, todos verão.

De todos, é o mais formoso,
Imagem da glória de Deus;
Tornou-me alegre e ditoso,
E herdeiro da glória dos céus.

Se os ímpios me armarem cilada.
Na senda que hei de trilhar,
Jesus me dará boa espada,
E os laços eu hei de cortar.

A vida e o amor Tu me deste,
Porque Tu amaste a mim,
Tornou, sim, a glória celeste,
Minha sorte bendita, enfim."
83;NÃO POSSO EXPLICAR;;"Mais perto de Jesus, procuro sempre eu chegar,
Mais belo que o ouro do sol nado é a Ti mirar.
Em pensamento, sonhos, tanta glória nunca vi;
Pois Ele é mais belo do que eu jamais previ!

Não posso explicar
Quão meigo é Jesus;
Mas, face a face, no Teu lar,
Eu Te verei, Jesus!

A estrela resplendente da manhã á minha luz;
O lírio dos vales é o bom Senhor Jesus;
Suave e doce é o cheiro que só vem de Ti;
Pois Ele é mais belo do que eu jamais previ!

Se mágoas vêm me perturbar, o bálsamo Ele tem;
Me toma nos Seus braços e, assim, descanso bem;
Na cruz levou Jesus o meu pecado sobre Si;
Pois Ele é mais belo do que eu jamais previ!"
84;O GRANDE “EU SOU”;;"Não perturbeis o coração,
Porque Eu sempre sou fie!;
Eu fecho a boca do “leão”,
Na cova estou com Daniel.

Sou Eu aquele, o grande “EU SOU”
E, onde estais, também estou;
Não disse, Eu, há muito já:
“Pedi, pedi… dar-se-vos-á”?
Pedi com fé e com fervor
E vos darei o Consolador.

Quem tem a fé de Abraão,
O mundo sempre há de vencer;
Quem quer ter firme o coração.
Precisa igualmente crer.

Um terremoto e vento, após.
Do céu, um fogo e mui furor.
Ouviu Elias a minha voz,
Voz do Eterno, voz de amor.

Um certo dia, Estêvão viu
O céu aberto e viu-me a mim;
Apedrejado, sucumbiu,
Mas foi fiel, até o fim.

Firmado em Mim, Rocha Eternal,
Assim jamais o crente cai;
Buscai o dom celestial,
Que vem da casa de Meu Pai."
85;DEIXAI ENTRAR O ESPÍRITO DE DEUS;;"Do Santo Espírito, está escrito,
Que sois o templo, sim, templo de Deus;
Já recebestes, depois que crestes,
O dom glorioso descido do céu?

Deixai entrar, para morar,
O Espírito de Deus;
Dom prometido, já concedido,
Bendito dom dos altos céus.

O que vos salva, também vos lava,
P’ra vossa alma de manchas limpar;
Purificados de vis pecados,
O Santo Espírito já pode entrar.

Ó peregrinos, vede o destino,
Entrai na terra de leite e mel,
Santificados, por Deus chamados,
Sereis guiados, por guia fiel."
86;SATISFEITO COM CRISTO;;"Oh! ‘stou satisfeito com Cristo,
Porque Ele minh’alma salvou;
E sobre o madeiro, sofrendo,
O Seu grande amor revelou.

Oh! ‘stou satisfeito com Cristo,
Confesso-O por meu Salvador:
Embora de nada ser digno,
Desfruto do Seu grande amor.

Oh! ‘stou satisfeito com Cristo,
De triste, tornei-me feliz,
Ouvindo o Seu santo Evangelho,
E crendo no que Ele me diz.

Oh! ‘stou satisfeito com Cristo,
E sei que vai logo voltar;
Virá com poder glorioso,
A fim de Seu povo levar."
87;CRISTO TE CHAMA;;"Justificado estou;
Cristo Jesus me livrou;
Ele é meu Mediador,
Também, meu bom Salvador.

Jesus, sou Teu, e Tu és meu;
Me guiarás para o céu;
Com graça e paz me satisfaz
Cristo, meu Mestre veraz.

Santificado fiquei,
Quando a Ele roguei;
Ele me disse: tomai;
De minha graça usai.

Fui redimido, também,
Obra do meu Sumo Bem;
Tudo de graça ganhei;
Nada por obras da lei.

Ele a promessa me deu,
Do Guia santo do céu;
Também me disse: ficai,
E o batismo esperai.

Quando a Ele busquei,
E batizado fiquei,
Línguas estranhas falei,
E meu Senhor exaltei.

Agora, vou trabalhar,
E muitas almas ganhar;
Essas que Ele salvou
Quando na cruz expirou."
88;REVELA A NÓS SENHOR;;"Jesus, meu Rei, Mestre e Senhor,
O Teu amor revela a mim,
Enquanto eu aqui viver,
Até eu ver da vida o fim.

Revela a nós, Senhor Jesus, meu Salvador,
As maravilhas mil do Teu divino amor;
E com veraz louvor, fervente gratidão;
Eleva a TI, Jesus Senhor, o nosso coração.

As bênçãos mil do Teu amor,
Qual esplendor me cercarão;
O Teu olhar será, Jesus,
A grata luz do coração.

Sorrisos Teus verei brilhar,
Se não andar no mundo vil:
Desfrutarei prazer veraz,
Tempo de paz primaveril.

E, quando for no céu morar,
E descansar dos dias meus,
Feliz viver receberei
De Ti, meu Rei, meu santo Deus!"
89;SUBLIME E GRANDE AMOR;;"Conta-me, sim, de Jesus,
Para na mente, eu gravar
Como foi que padeceu
Na cruz, pra me libertar:
A Sua paixão e morte,
A começar no jardim,
Não houve mais quem tivesse
Um sofrimento assim!

Só amor! Só amor!
Só amor! Sublime e grande amor!

Conta-me como sentiu
A rude morte na cruz,
Suportando a acusação
Dos inimigos da luz;
Conta-me como tem dado
Ao malfeitor Sua paz,
Dizendo: “Hoje, comigo,
No Paraíso estarás”.

Conta-me como chorou,
Falando a Jerusalém;
Profetas fazes morrer,
Quando a ti eles vêm;
Conta-me como inda chora,
Por causa do pecador,
Que não quer Seu Evangelho,
Proclamado com amor.

Conta-me como o Senhor
Um bom testemunho deu.
Satisfazendo a lei,
Quando o cálice bebeu;
Também disse estas palavras,
Com Seu tão profundo amor;
Pai, lhes perdoa a cegueira,
Que é própria do pecador.

Conta-me como, também,
Veio ao povo judeu,
Povo que tanto amou,
Querendo dar-lhe os céus;
Como inda hoje Ele ama
A todo o pecador,
Dando-lhe paz e descanso,
Pelo Evangelho de amor."
90;HÁ PAZ E ALEGRIA;;"Há paz e alegria no reino da luz;
Á pátria dos remidos, Jesus nos conduz,
No reino dos céus há gozo e paz;
Os filhos de Deus têm poder veraz.

Há paz e alegria no reino dos céus;
Os salvos lá entoam louvores a Deus;
Dai glória a Jesus! Porque nos amou;
Por nós o Seu sangue Ele derramou!

Jesus tem prometido o Consolador!
O Espírito Santo, o instruidor;
Também prometeu, no reino dos céus,
Um santo lugar, junto ao nosso Deus.

Firmado na promessa tão grande e eficaz,
Agora neste mundo desfruto a paz;
Espero Jesus, nas nuvens descer,
E na Sua glória me receber."
91;NÍVEA LUZ;;"Jesus, eu almejo a pureza do céu,
Tua linda presença no coração meu
Os ídolos quebro, me toma Jesus;
Ó dá-me a pureza da nívea luz.

Nívea luz, a nívea luz,
Ó dá-me a pureza da nívea luz.

Jesus, me acode enquanto lidar,
A colocar tudo no santo altar;
A Ti me entrego; nas chamas me pus;
Ó dá-me a pureza da nívea luz!

Jesus, com instância, humilde, roguei
Que o sangue perfeito pureza me dê;
Me lava na fonte aberta na cruz
Ó dá-me a pureza da nívea luz!

Jesus, neste instante, espero a mão
Que há de criar-me o bom coração;
Aqueles que o Espírito pedem de Deus,
Dás sempre a pureza da nívea luz!"
92;O BONDOSO SALVADOR;;"Meu bondoso Salvador
Meus pecados carregou;
Foi Jesus, o Redentor,
Que da morte me livrou.

Oh! Que Salvador eu tenho!
O Seu sangue me remiu,
Quando, sobre o rude lenho,
Meu castigo Ele cumpriu.

Oh! Que amor do meu Jesus,
Que em homem se encarnou,
Pra sofrer por mim, na cruz;
E meus crimes perdoou.

Não há outro nome igual
Ao bom nome de Jesus,
Porque livra-me do mal
E à glória me conduz.

Com Jesus, alegre, vou
Sua graça publicar,
Porque Ele me chamou
Na Sua vinha a trabalhar."
93;HÁ TRABALHO PRONTO;;"Há trabalho pronto para ti, cristão;
Que demanda toda a tua devoção;
Vem, alegremente, a Cristo obedecer,
Pois só tu, ó crente, o poderás fazer!

Por Jesus a trabalhar,
Prontamente, fielmente, trabalhar!
Em Servi-Lo, que prazer!
E só tu, ó crente, o poderás fazer.

Para cada crente, o Mestre preparou
Um trabalho certo, quando o resgatou,
O trabalho a que Jesus te chama aqui.
Como será feito, se não for por ti?

Pode ser humilde, mas se for p’ra Deus,
Ele é contemplado lá dos altos céus.
E o esforço feito não será em vão
Se tiver de Cristo, plena aprovação!

Quantos há perdidos, sem a salvação!
Quantos que precisam de consolação!
Como Cristo os ama, fá-los entender,
Pois só tu, á crente, o poderás fazer!"
94;NA JERUSALÉM DE DEUS;;"Quando a luta desta vida
Trabalhosa se findar,
O adeus a este mundo vamos dar;
Para o céu então iremos,
Com Jesus nos encontrar
Na Jerusalém de Deus.

Oh! que gozo e alegria,
Quando o povo ali chegar,
Em Jerusalém! Em Jerusalém!
Sempre ali cantando hosanas,
Pois o Rei no trono esta,
Na Jerusalém de Deus.

O caminho é extenso,
Mas Jesus vai me guiar,
Quando, pelas provações aqui passar;
Pois olhando nEle, eu sigo.
Para brevemente estar,
Na Jerusalém de Deus.

Ao sairmos deste mundo,
Para a divina! mansão,
Gozaremos a perfeita salvação;
E Jesus contemplaremos
A estender-nos Sua mão,
Na Jerusalém de Deus.

Quando, unidos com os salvos,
Lá na pátria do Senhor,
Contemplarmos a Jesus, o Salvador,
Sempre nos alegraremos
Onde há perfeito amor;
Na Jerusalém de Deus."
95;OUVE, Ó PECADOR;;"Ouve, ouve, ó pecador!
Ouve bem, presta atenção
A Jesus, o Salvador,
Que do céu trouxe o perdão;
Ouve a Sua meiga voz;
Digna é de aceitação.

Ouve o que diz o Senhor,
Por Sua mensagem de amor;
“Será livre de temor
Todo que vier a Mim”;
Vem a Cristo, Salvador,
E aceita o Seu amor.

Ouve, ouve, ó pecador!
E medita com atenção;
Deixa o mundo enganador;
De Jesus, terás perdão;
Ele diz: “Quem crer em Mim,
Há de ter a Salvação”.

Ouvi já, amigos meus,
Não tenhais hesitação;
Vinde ao Filho, sim, de Deus;
Dai-Lhe o vosso coração;
Ele diz: “Quem crer em Mim,
Não terá condenação”."
96;DEIXE PENETRAR A LUZ;;"Se ao inimigo temes combater,
Se estás em trevas e não tens poder,
Que a formosa luz de Deus fulgure em ti;
E serás feliz assim.

Deixa penetrar a luz!
Deixa penetrar a luz!
Que a formosa luz de Deus fulgure em ti;
E serás feliz assim.

Se a tua fé é fraca no Senhor,
E não mostras fruto ou nenhum fervor,
Que a formosa luz de Deus fulgure em ti
E serás feliz assim.

Se na luz estamos, que divina luz!
Se nos limpa sempre o sangue de Jesus,
Temos claridade em nosso coração,
E vivemos nós na luz.

Se de Deus, o Espírito Consolador,
Traz a luz do céu, divino resplendor,
Penetrando Ele, no teu coração.
Viverás então de amor.

Se alegre fores à mansão sem par,
Ó enfrenta as trevas, que vão se afastar,
Que a formosa luz de Deus fulgure em ti,
E serás feliz assim."
97;HÁ UM CAMINHO SANTO;;"Há um caminho santo, ao céu de plena luz,
As vezes espinhoso, à glória nos conduz;
E o caminho certo pra todo pecador;
Jesus é o Salvador, Jesus é o Salvador.

Há paz inabalável pra quem está na luz;
Por preço incomparável
comprou-me a mim Jesus
O dom do Pai amado minh’alma satisfaz,
Jesus é minha paz, Jesus é minha paz.

Há um poder que sara o triste coração,
Que dá alívio à alma, paz e consolação,
E guarda minha veste, também, em nívea luz;
Poder de meu Jesus, poder de meu Jesus!

Há um fim glorioso, além do escuro véu;
No fim do espinhoso caminho está o céu;
E quando for tirado o véu da escuridão,
Verei Jesus, então, verei Jesus, então."
98;ESTARÁS VIGIANDO?;;"Estarás tu vigiando, quando Jesus Vier?
Ansioso, esperando, quando Jesus vier?

Oh! Que noite! Solene noite!
Brilhará a tua luz, quando Jesus vier?
Ó, sê pronto, ó, sê pronto!
Ó, sê pronto, quando Jesus vier.
Ó, sê pronto, ó sê pronto!
Ó sê pronto, quando Jesus vier!

Ouvirás tu o bem-vindo, quando Jesus vier?
Darás o brado sorrindo, quando Jesus vier?

Só esperas preparar-te, quando Jesus vier?
Qual será a tua parte, quando Jesus vier?

Estarás tu jubiloso, quando Jesus vier?
Triste ou esperançoso quando Jesus vier?

Oh! Que culto glorioso, quando Jesus vier!
Cheio de sublime gozo, quando Jesus vier!"
99;EIS O DIA A DECLINAR;;"Eis o dia a declinar,
Nos convida a meditar
No Teu grande insigne amor,
Ó bendito Salvador,
E te louvar!

Santo! Santo! Santo Senhor dos céus
Toda terra louve a TI;
No céu, tudo adore a TI,
Bondoso Deus!

Glorioso no poder!
Infinito no saber!
A mais plena perfeição
Na justiça e no perdão
Nos fazes ver!

Na profunda escuridão,
Ouve a nossa petição,
Vem teus filhos proteger,
E seguros sempre os ter
Na Tua mão.

Quando tudo, enfim, passar,
Céus, estrelas, terra e mar,
Pela cruz do Salvador,
Faz-nos no Teu grande amor,
Contigo estar!"
100;O BOM CONSOLADOR;;"Quem quer ir, por Jesus, a nova proclamar
Nos antros de aflição, misérias, mal e dor?
Cristãos, anunciai que o Pai quer derramar
O bom Consolador.

O bom Consolador, o bom Consolador
Que Deus nos prometeu, ao mundo Já desceu;
Ó Ide proclamar, que Deus quer derramar
O bom Consolador.

No mundo de horror, a luz, enfim, brilhou
Que veio dissipar as sombras de terror;
Também o nosso Pai, aos Seus fiéis mandou
O bom Consolador.

É o Consolador que traz a salvação
Aos que aprisionou o grande tentador:
Dizei que veio já, com todo o coração,
O bom Consolador.

Oh! Grande eterno amor! Oh! Gozo divina!!
Que tenho em proclamar o dom de meu Senhor
Pois mora já em mim, poder celestial,
O bom Consolador."
101;A UNÇÃO REAL;;"Qual órfãos não nos deixou o Senhor,
Mas como nos prometeu,
Mandou-nos o bom Consolador,
Que nos encheu do poder do céu,
Do Seu divinal amor!

Recebestes já a unção real
Do Espírito Consolador?
Deus quer te usar para outros salvar,
Se recebes o Consolador.

O crentes, Deus vos convida também
A vir buscar Seu poder;
E para todo, que humilde vem
O Santo Hóspede receber:
Orando se obtém.

Um Pentecoste, Jesus prometeu,
A cada um coração;
Prostrados, roguemos, pois a Deus,
Com fé. em potente oração,
Pra viro poder do céu."
102;CRÊ NA PROMESSA;;"Hoje, Jesus pode te salvar;
Somente crê na promessa;
Dos teus pecados purificar;
Somente crê na promessa.

Crê na promessa de Jesus,
Somente crê na promessa;
Bênção dos céus, vida à flux!
Somente crê na promessa.

Do alto, Jesus dará poder;
Somente crê na promessa;
Na Sua alegria irás vencer;
Somente crê na promessa.

A Sua graça vem receber;
Somente crê na promessa;
Tudo Jesus quer te conceder.
Somente crê na promessa.

Vem recebera paz do Senhor,
Somente crê na promessa;
Cheio serás do Consolador.
Somente crê na promessa."
103;CAMINHEMOS NA LUZ;;"Há uma luz, bendita luz,
Que vem a nós dos céus;
A face do Senhor Jesus
Reflete o amor de Deus.

Caminhemos na luz
Caminhemos na luz de Deus.
Caminhemos na luz
Caminhemos na luz de Deus.

Há uma gloriosa luz
Guiando o nosso andar,
Nos santos passos de Jesus,
‘Tó chegarmos ao lar.

Há uma luz, a santa luz
Na qual podemos ver
No lindo céu, a glória à flux,
Que vamos receber.

Em santa e bendita luz.
Cercado de esplendor,
Virá O que morreu na cruz,
Nosso amado Senhor."
104;JESUS PROCURA A OVELHA;;"Eis Jesus a procurara ovelha, que a vagar
Desgarrou-se do aprisco do Senhor;
Pelos montes a sofrer, faça sol ou a chover,
Cristo busca Sua ovelha, com amor.

Com amor.., o Pastor…
Eis que chama Sua ovelha, sem cessar;
Possa hoje, o pecador
escutar a voz do amor,
De Jesus, que procura p’ra salvar.

Com Seus pés o bom Pastor, já feridos, que horror,
De descer nos tenebrosos pedregais,
E cansado de andar, mais, ainda a clamar:
“Ó ovelhas minhas, onde vós estais?”

Se escuta o gemer da ovelha, que prazer
Enche logo o coração do bom Pastor!
E correndo sem parar, ‘té a ovelha abraçar,
E trazê-la ao Seu ombro com amor.

Já em casa, o Pastor, Oh! Jubila com dulçor,
Pela ovelha desgarrada que achou;
E assim, também Jesus, com os anjos lá na luz,
Se alegra pelas almas que salvou!"
105;A GLORIOSA ESPERANÇA;;"Possuis em ti, ó pecador,
A gloriosa esperança?
E Cristo tua confiança,
Que te sustenta com vigor?
A minha é Jesus, á Jesus, é Jesus,
A minha é Jesus,
Que me concede segurança.

Se nada mais te satisfaz,
Aqui no mundo, ó perdido,
E se te sentes abatido,
Qual há de ser a tua paz?
A minha é Jesus, é Jesus, á Jesus,
A minha é Jesus,
Que não me deixa desvalido.

E quando o teu fim chegar,
E te cobrir o véu da morte,
Qual há de ser a tua sorte?
Irás sofrer? Irás gozar?
A minha é Jesus, é Jesus, é Jesus,
A minha é Jesus,
Que me tornou, de fraco, forte.

Vem a Jesus, vem pecador,
Vem dar o teu primeiro passo;
Qual é a força do teu braço,
Que te fará um vencedor?
A minha é Jesus, é Jesus, é Jesus,
A minha é Jesus,
Por ela quebro todos os laços."
106;VIVA CRISTO;;"Viva Cristo, eternal riqueza,
Meu escudo, vida e firmeza,
Sua graça – Oh! me faça
Reluzir no Seu amor.

Viva Cristo, rocha já eleita,
A verdade pura e perfeita;
Meu sustento – gran contento,
Que me faz andar na luz.

Viva Cristo, minha eterna sorte;
Meu tesouro é depois da morte;
Me conforta, me exorta
A viver em perfeição.

Viva Cristo, o Senhor da glória,
Que aos crentes sempre dá vitória,
E a vida prometida,
Que, p’ra nós ganhou na cruz.

Viva Cristo, Condutor dos santos!
Viva Cristo, fortemente canto!
Pois me ama e derrama
No meu ser, celeste paz."
107;FIRME NAS PROMESSAS;;"Firme nas promessas do meu Salvador,
Cantarei louvores ao meu Criador;
Fico na dispensação do Seu amor,
Firme nas promessas de Jesus.

Firme, Firme,
Firme nas promessas de Jesus, o Cristo;
Firme, firme,
Sim, firme nas promessas de Jesus.

Firme nas promessas, hei de não falhar,
Quando as tempestades, vêm me assolar;
Pelo Verbo vivo, hei de batalhar.
Firme nas promessas de Jesus.

Firme nas promessas, sempre vejo assim,
Purificação no sangue, para mim;
Plena liberdade em Jesus sem fim.
Firme nas promessas de Jesus.

Firme nas promessas do Senhor Jesus,
Em amor ligado com a Sua cruz.
Cada dia mais alegro-me na luz.
Firme nas promessas de Jesus."
108;PELEJAR POR JESUS;;"Por Jesus vamos pelejar,
Prosseguindo o nosso andar;
E com Ele, então, no céu,
Nós iremos a paz gozar.

Lutemos todos contra o mal,
E vamos a Jesus seguir;
Ele é o nosso General
E a glória do porvir!

Em Jesus temos nós poder;
Avancemos, já sem temer;
Confiando no Seu amor.
Vamos lutar, até vencer.

Crentes, para Jesus olhai,
Pela fé, sempre, sim, lutai;
Ao inimigo, ó combatei;
O Evangelho anunciei.

A Escritura nos diz assim:
Que Jesus é p’ra ti e mim,
O caminho, a luz veraz,
Que nos leva ao céu, enfim."
109;VENHA A JESUS;;"Se alguém deseja, venha a Jesus,
Água e pão da vida, Ele te conduz.
A mão Lhe estende, pede-Lhe a luz,
Se alguém deseja, venha.

Se alguém deseja, se alguém deseja,
Venha hoje mesmo receber perdão,
Pois Jesus te chama, ó, não chama em vão,
Se alguém deseja, venha!

Se alguém deseja, paz fruirá;
Cristo que te chama, te libertará;
Com Seus braços santos te abraçará
Se alguém deseja, venha!

Se alguém deseja, não morrerá,
Pois a vida eterna sempre gozará;
Esta é a promessa que Jesus te dá.
Se alguém deseja, venha!"
110;CLAMA: JESUS, JESUS!;;"Ó clama na tribulação: Jesus, Jesus.
De todo o teu coração: Jesus, Jesus,
Por certo, te socorrerá: Jesus, Jesus,
E gozo e paz te dará: Jesus, Jesus.

Tu queres um bom Salvador? Jesus, Jesus,
Que ama o vil pecador? Jesus, Jesus,
E que tem poder p’ra salvar? Jesus, Jesus,
E para o céu te levar? Jesus, Jesus.

Há um que te pode curar: Jesus, Jesus.
E da corrupção te guardar: Jesus. Jesus.
Só um nome dá salvação: Jesus, Jesus.
O gozo, a paz, o perdão: Jesus, Jesus.

Aceita, no teu coração: Jesus, Jesus;
Assim, tu terás salvação, Jesus, Jesus;
Abraça, com terno amor: Jesus, Jesus;
Que chora por ti, pecador, Jesus, Jesus."
111;QUE MUDANÇA!;;"Que mudança em mim fez o meu bom Jesus,
Vindo Ele ao meu coração
Deu-me paz divinal, deu-me gozo e luz,
Entrando Ele no meu coração.

Entrando no meu coração!
Entrando no meu coração!
Que mudança em mim
Fez o meu bom Jesus,
Vindo Ele ao meu coração.

Eu andava perdido, Jesus me salvou,
Entrando no meu coração
Meus pecados sem conta, Seu sangue lavou,
Vindo Ele ao meu coração!

E agora, do céu, a certeza me deu,
Entrando no meu coração
Seu Espírito, o selo e penhor concedeu,
Vindo Ele ao meu coração.

Pelo vale da morte não temo passar!
Com Ele no meu coração;
A cidade celeste me vai transportar,
O guarda do meu coração."
112;O NOME SOBERANO;;"Não há na terra e céu também,
Um nome com doçura,
Como este a quem louvor convém,
De toda a criatura.

Jesus, a luz és Tu do céu!
Jesus, o nosso amado
Jesus, o verdadeiro Deus,
Por todos exaltado!

Descendo ao mundo, a luz do céu
Vestiu-se em corpo humano;
Ao santo Filho, então, se deu
O nome soberano.

Entregue à morte sobre a cruz,
Por cima foi escrito
O nome amável de Jesus,
Por nós, ali maldito.

Da morte o grande vencedor
A mão do Pai sentado,
Por nós Ele é intercessor,
E único Advogado.

Jesus, meu terno Salvador,
Es Tu minha esperança,
Confio só no Teu amor;
E pões-me em segurança."
113;O CELESTE DIRETOR;;"Dia a dia vem guiar-me
Meu Jesus e meu Senhor!
Não sou meu, pois me compraste
Com Teu sangue redentor;
Quero a Ti viver unido,
Pela vida até ao fim;
Que se torne assim verdade,
“Não mais eu, mas Cristo em mim”.
Que se torne assim verdade.
“Não mais eu, mas Cristo em mim”.

Cada instante vem guiar-me.
O celeste Diretor!
Já fizeste em mim morada,
Tu és meu Dominador;
ó transforma minha vida;
Seja meu o Teu querer;
Quero andar, passo por passo,
Confiando em Teu poder.
Quero andar, passo por passo,
Confiando em Teu poder.

Se maior intimidade
Para mim possível for;
Quero mais ser atraído
A Ti, meigo Salvador!
Ah! Que fique em Ti morando
Meu secreto pavilhão,
Escondido, inteiramente,
Em Ti, minha salvação,
Escondido, inteiramente,
Em Ti, minha salvação."
114;ACEITA O PERDÃO DE JESUS;;"Se tu cansado já estás de pecar,
Aceita o perdão de Jesus.
Se vida nova quiseres achar,
Aceita o perdão de Jesus,

Vem a Jesus, pecador.
Por ti morreu lá na cruz.
É tempo, vem sem temor;
Aceite o perdão de Jesus.

Se vida pura desejas obter,
Aceita o perdão de Jesus.
Ele é a fonte que limpa teu ser;
Aceita o perdão de Jesus.

Se tu não podes tuas lutas calmar,
Aceita o perdão de Jesus,
Se teus desejos não podes domar,
Aceita o perdão de Jesus.

Se com os santos te queres unir,
Aceita o perdão de Jesus.
Se para os céus tu desejas partir,
Aceita o perdão de Jesus."
115;TRABALHAI E ORAI;;"Eu quero trabalhar pra meu Senhor,
Levando a Palavra com amor;
Quero eu cantar e orar,
E ocupado quero estar,
Sim, na vinha do Senhor.

Trabalhai e orai.
Na seara e na vinha do Senhor;
Meu desejo é orar,
E ocupado quero estar
Sim, na vinha do Senhor.

Eu quero, cada dia, trabalhar;
Escravos do pecado libertar;
Conduzi-los a Jesus,
Nosso guia, nossa luz,
Sim, na vinha do Senhor.

Eu quero ser obreiro de valor,
Confiando no poder do Salvador;
Se quiseres trabalhar,
Acharás também lugar,
Sim, na vinha do Senhor."
116;LIVRE ESTOU;;"Eu vagava pela senda de horror,
Oprimido pelo pecado e temor.
Quando o Salvador eu vi,
Sua terna voz ouvi,
Meu Jesus me libertou por Seu amor.

Livre estou! Livre estou!
Pela graça de Jesus livre estou;
Livre estou! Livre estou!
Aleluia! Pela fé, livre estou!

Eu vagava pela senda de horror.
Não pensando no amor do Salvador;
Eu vagava sem ter luz,
Longe do Senhor Jesus,
Mas liberto, hoje canto a Deus louvor.

Eu vagava pela senda de horror,
Mas, agora, quero andar com meu Senhor,
Quero ouvir Sua terna voz,
E segui-Lo sempre após,
Glória seja dada ao nosso bom Pastor."
117;O SENHOR SALVA A TODO O PECADOR;;"Aleluia! O Senhor Salva a todo pecador!
Salvação! Salvação!
Jesus Cristo tem poder para todo o mal vencer,
Salvação! Salvação!

Salvação e redenção!
Aleluia! Cristo já me amou e me salvou.
Glória dou e aleluia, a Jesus que me salvou.

Eu confio em Jeová, Ele santidade dá;
Salvação! Salvação!
Tenho paz e vivo já, Sua graça em mim está.
Salvação! Salvação!

Falarei sempre o que sei, exaltando o meu Rei,
Salvação! Salvação!
Pois Seu sangue já verteu, pra tornar-me filho Seu,
Salvação! Salvação!

Cantaremos, sempre ali, ao sairmos nós daqui;
Salvação! Salvação!
Exaltando o Salvador, louvaremos com fervor
Salvação! Salvação!"
118;FACE A FACE;;"Na presença estar de Cristo,
Em Sua glória, que será;
Lá no céu, em pleno gozo,
Minha alma O verá.

Face a face, espero vê-Lo;
No além do céu de luz;
Face a face em plena glória,
Hei de ver o meu Jesus.

Oh! que glória será vê-Lo;
Que O possa eu mirar!
Eis, em breve, vem o dia;
Que Sua glória há de mostrar.

Quanto gozo há em Cristo,
Quando não houver mais dor,
Quando cessar o perigo,
E gozarmos pleno amor.

Face a face, quão glorioso
Há de ser o existir,
Vendo o rosto de quem veio,
Nossas almas redimir."
119;INESGOTÁVEL É SEU AMOR;;"Seja louvado o bom Salvador
Livre é Seu amor, livre é Seu amor.
Há preparado para o pecador,
Fonte preciosa de amor;
E, se em Cristo queres confiar,
Livre é Seu amor, livre é Seu amor;
A vida eterna tu irás gozar,
Inesgotável é Seu amor.

Terno, te chama Jesus: queres ir?
Ó pecador, ó pecador!
Ele deixou para nós, ao subir,
Fonte preciosa de amor.

Por que vivendo em pecado há de estar?
Livre é Seu amor, livre é Seu amor.
Cristo te chama, ó vem sem tardar,
Inesgotável é Seu amor;
Deixa as trevas por luz divinal,
Livre é Seu amor, livre é Seu amor;
Hoje Jesus quer livrar-te do mal,
Inesgotável é Seu amor.

Ó! se tu creres, perdão obterás,
Livre é Seu amor, livre é Seu amor;
Vem o momento que tu bendirás;
Inesgotável é Seu amor;
Cristo te espera, ó ouve o chamar;
Livre é Seu amor, livre é Seu amor;
Fé em Seu nome te há de salvar.
Inesgotável é Seu amor."
120;NOITE DE PAZ;;"Noite de paz, noite de amor;
Tudo dorme, em derredor!
Entre os astros que espargem a luz
Bela, indicando o menino Jesus,
Brilha a estrela da paz,
Brilha a estrela da paz.

Noite de paz, noite de amor;
Ouve o fiel pastor
Coros celestes que cantam a paz,
Que nesta noite sublime nos traz,
O nosso bom Redentor,
O nosso bom Redentor.

Noite de paz, noite de amor;
Oh! Que belo resplendor.
Paira no rosto do meigo Jesus!
E no presépio do mundo, a luz!
Astro de eterno fulgor,
Astro de eterno fulgor."
121;MARAVILHOSO É JESUS;;"Maravilhoso é Jesus,
Da minha vida a luz,
Pois me salvando, me perdoando,
Para Sião me conduz.

Maravilhoso, sim, maravilhoso!
É Cristo, pois salvou-me a mim!
Maravilhoso e mui glorioso,
É Cristo, que vive em mim.

Nunca podia saber,
Qual é o grande prazer,
Dum que perdido, arrependido,
A graça vem receber.

Ele nas trevas me achou,
Eternamente me amou;
Vida abundante, gozo bastante.
Tenho por quem me salvou.

Cristo é tudo pra mim,
Também será para ti;
Vou caminhando, sempre O louvando,
Pois Ele salvou-me a mim!"
122;FOGO DIVINO;;"Fogo divino, clamamos por ti;
Vem lá do alto, vem, desce aqui;
Ó vem despertar-nos com teu fulgor;
Vem inflamar-nos com teu calor.

Desce do alto, bendito fogo,
Desce poder celestial!
Desce do alto, bendito fogo,
Vem, chama pentecostal!

Desce, Espírito Consolador,
Desce e enche-nos de santo amor,
Desce ao mundo, nos mostra Jesus;
Dá-nos poder, vida, graça e luz.

Arde em minh’alma, ó chama de amor
Arde em meu peito e dá-me valor;
Consome todos os restos do mal;
Desce já, ó fogo pentecostal!"
123;CRISTO VOLTARÁ;;"Um dia, Cristo voltará;
Ao ascender, o prometeu;
Do modo que subiu virá;
Há de ver o Rei Jesus, o povo Seu.

Mui breve sim, Jesus virá,
Alegre O verá Seu povo;
Velando, todos devem sempre estar,
A fim de vê-Lo voltar.

Os mensageiros do Senhor,
Afirmam que Jesus virá;
E o poder Consolador
As fiéis promessas nos revelará.

Oh! gozo sem comparação
No dia do meu Salvador,
Com a mui grande multidão,
Subiremos ao encontro do Senhor.

Bem-vindo sejas, meu Senhor,
Em Tua gloriosa luz;
E nossa fá terá valor;
Nós dizemos: “Ora, vem Senhor Jesus”."
124;ADORAÇÃO;;"Adorai o Rei do Universo!
Terra e céus, cantai o Seu louvor!
Todo o ser no grande mar submerso,
Louve ao Dominador!

Todos juntos O louvemos!
Grande Salvador e Redentor!
Todos O louvemos!
Régio Dominador!

Adorai-O, anjos poderosos,
Vós que Sua glória contemplais!
Vós, remidos, já vitoriosos;
Graças, rendei-Lhe mais!

Sol e lua, coros estelares,
Sua majestade anunciai,
Hostes grandes, centos de milhares,
O Seu poder mostrai!

Ventos! Chuvas! Raios! Trovoadas!
Revelai o forte Criador!
Vós dizeis, ó serras elevadas,
Quão grande é meu Senhor!

Altos cedros! Grama verdejante!
Esta sinfonia aumentei;
Aves, vermes, todo o ser gigante;
Gratos a Deus louvai!

Homens! Jovens! Velhos e meninos!
Adorai ao vosso Redentor!
Reis e sábios, grandes, pequeninos,
Dai-Lhe veraz louvor!"
125;QUEM DERA HOJE VIR!;;"Vem, outra vez, nosso Salvador;
Quem dera hoje vir!
Para reinar com poder e amor!
Quem dera hoje vir!
Já por Sua Esposa, vem esta vez;
Que O espera em oração;
Fora do mundo de entremez;
Quem dera hoje vir!

Glória, glória, gozo sem fim, trará;
Glória, glória, ao coroar o fiei;
Glória, glória, nos arrebatará;
Glória, glória! Cristo vem Outra vez!

Terminará o poder do mal;
Quem dera hoje ser!
Começará o prazer sem igual;
Quem dera hoje ser!
Todos os mortos em Cristo serão
Arrebatados por seu Senhor;
Quando estas glórias aqui virão?
Quem dera hoje ser!

Em santidade nos deve achar,
Eis quEle pode vir.
Todos, velando, com gozo e paz,
Eis quEle pode vir.
Multiplicados os sinais estão;
No oriente se vê o alvor;
Breve, os crentes subirão;
Quem dera hoje vir!"
126;BEM-AVENTURANÇA DO CRENTE;;"Bem-aventurado o que confia
No Senhor, como fez Abraão;
Ele creu, ainda que não via,
E, assim, a fé não foi em vão.
É feliz quem segue, fielmente,
Nos caminhos santos do Senhor,
Na tribulação é paciente,
Esperando no seu Salvador.

Os heróis da Bíblia Sagrada,
Não fruíram logo seus troféus;
Mas levaram sempre a cruz pesada,
Para obter poder dos céus,
E depois, saíram pelo mundo,
Como mensageiros do Senhor,
Com coragem e amor profundo,
Proclamando Cristo, o Salvador.

Quem quiser de Deus ter a coroa,
Passará por mais tribulação;
Às alturas santas ninguém voa,
Sem as asas da humilhação;
O Senhor tem dado aos Seus queridos,
Parte do Seu glorioso ser;
Quem no coração for mais ferido,
Mais daquela glória há de ter.

Quando aqui as flores já fenecem,
As do céu começam a brilhar;
Quando as esperanças desvanecem,
O aflito crente vai orar;
Os mais belos hinos e poesias,
Foram escritos em tribulação,
E do céu, as lindas melodias,
Se ouviram, na escuridão.

Sim, confia tu, inteiramente;
Na imensa graça do Senhor;
Seja de ti longe o desalento
E confia no Seu santo amor.
Aleluia seja a divisa,
Do herói e todo o vencedor;
E do céu mais forte vem a brisa,
Que te leva ao seio do Senhor."
127;O SENHOR DA CEIFA CHAMA;;"O Senhor da ceifa está chamando:
“Quem quer ir por Mim a procurar
Almas que no mundo, vão chorando;
Sem da salvação participar?”

Fala Deus! Fala Deus!
Toca-me com brasa do altar;
Fala Deus! Fala Deus!
Sim, alegre, atendo ao Teu mandar.

O profeta a Deus se aproximando,
Considera-se um pecador,
Mas, o fogo santo o queimando,
Torna-o útil para seu Senhor.

Muitos são os que vão expirando
Sem ter esperança de ver Deus:
Vai depressa lhes anunciando,
Que Jesus os leva para os céus.

Breve, os trabalhos serão findos,
Bênçãos vão os servos desfrutar;
E Jesus os saudará: “Bem-vindos”,
Esta glória espero alcançar."
128;ENTREGA O TEU CORAÇÃO;;"Ó alma triste, perdida,
Que vagas sem ter direção!
Aceita de Deus a vida,
Entrega teu coração!

Dá, hoje, a Cristo,
Teu coração, teu coração.
Pois nEle acharás a paz, o perdão,
Entrega teu coração.
Dá, hoje, a Cristo,
Teu coração, teu coração.
Pois nEle acharia a paz, o perdão,
Entrega teu coração.

Jesus não quer teu dinheiro;
De graça te dá salvação!
E gozo mui verdadeiro:
Entrega teu coração!

De Cristo ressuscitado
Aceita o vero perdão,
Se queres ser libertado,
Entrega teu coração.

Agora é o tempo aceitável
O dia em que há salvação.
A Cristo, meigo, adorável
Entrega teu coração."
129;A FONTE SALVADORA;;"Ó pecador, vem à fonte,
Com o teu fardo de dor,
Vem Sepultá-lo nas águas;
Paz acharás no Senhor.

Depressa vem, depressa vem!
Um só instante não queiras perder;
Jesus espera salvar-te;
Mercê p’ra ti, Ele tem.

Como estás, vem à fonte,
Jesus esperando está;
E tua alma manchada
Alva e pura será.

O Salvador não despreza
Quem, arrependido, crer.
A vida eterna esperando
De Suas mãos receber.

Vem ser curado na fonte;
Jesus a paz te quer dar;
Vem, humilhado e Contrito,
Tua alma purificar."
130;CRISTO É MEU;;"Manso Pastor já no mundo viveu e Ele é meu,
Nos dando a vida, por nós padeceu e Ele é meu;
Graça tão vasta não posso sondar, mas Ele é meu.
Sou perdoado já posso cantar, que Ele é meu.

Cristo é meu! Cristo é meu!
Maravilhoso, mas certo é dizer:
Jesus é meu!

Há um amigo de amor sem igual e Ele é meu;
Sempre o mais forte, o mais firme e leal e Ele é meu.
Sou tão indigno de ser um dos Seus, mas Ele é meu.
Vou Seu amor desfrutar, lá nos céus, pois Ele é meu.

Ele mandou-nos o Consolador, também é meu.
Cheio de graça, de paz e de amor, e tudo é meu.
Nada me nega dos Seus ricos dons, pois tudo é meu.
Grandes tesouros, tão puros e bons, são todos meus."
131;DE VALOR EM VALOR;;"Só em Ti, meu Senhor eu desejo estar,
E também receber Tua luz;
De valor em valor só por Ti avançar,
Ó me traz junto a Ti, meu Jesus.

Eu desejo, ó Deus, em Jesus habitar;
Pois minh’alma suspira por Ti;
De valor em valor, e na fé aumentar,
Para que vejam Cristo em mim.

O caminho, Senhor, faz-me mais conhecer,
Que me leva à santa Sião;
Por Teu grande favor, e com muito prazer
Entrarei na eternal mansão.

Tua mão, ó Senhor! Queira me proteger,
E dos males daqui me livrar;
Na manhã d’esplendor, eu também quero ser
Dos fiéis, que vão ressuscitar."
132;OBREIROS DO SENHOR;;"Somos obreiros do Senhor,
À messe vamos, com amor,
A proclamar a salvação
De Cristo e o Seu perdão;
Pois trabalhemos por amor
De Cristo, nosso Salvador,
Que por nós o sangue derramou,
E no Calvário expirou.

À colheita vinde já, pois Jesus vos chama;
“Todos devem trabalhar”, o Senhor proclama,
Breve, tudo findará, não se poderá segar;
Vinde crentes, vinde trabalhar.

O Evangelho, á pregai,
A todo mundo, sim chamai,
E, sem temor, as novas dai
E a bandeira levantai
Em nossas mãos Deus confiou,
A graça que nos enviou.
As novas dai, não vacileis,
Que a vitória obtereis.

As horas, prestes, passarão,
E nunca mais a vós virão,
Se não falardes de Jesus,
Alguns jamais verão a luz.
Ainda hoje há perdão,
O mundo jaz na perdição,
Oh! não desprezeis o favor
Do amoroso Salvador."
133;NO ROL DO LIVRO;;"Teu nome, por inteiro, escrito está nos céus
No livro do Cordeiro, no livro do bom Deus,
Teremos a vitória, olhando no Senhor;
Por isso, damos glórias e gran louvor.

Teu nome escrito, irmão, está por Deus,
No livro da vida, no rol dos filhos Seus,
Teu nome escrito, irmão, está nos céus;
Oh! glória, aleluia! Amém.

Alegres nós andamos na graça do Senhor;
E nela nós achamos poder consolador!
De Cristo recebemos, ajuda e vigor;
Avante, pois marchemos, sem mais temor.

Nós criaturas, somos remidas por Jesus,
No qual eleitos fomos, pra desfrutar a luz,
Nós temos, por herança, Jesus nos altos céus,
Também a esperança de ver a Deus.

Contentes, levantemos os olhos para os céus,
Escritos nós já temos, os nomes, lá por Deus;
Sentindo grande gozo, servindo ao Senhor,
Ao Todo-poderoso, ao Redentor."
134;JESUS À PORTA DO CORAÇÃO;;"Quem está batendo assim,
Que enche-me de comoção?
Quem procurará por mim?
Sinto bater no coração.

Quem bate, diz com mansidão:
Eu sou Jesus, te vim salvar;
Abre, duro coração,
Dentro de ti quero cear.

Quem será? Quem pode ser?
Sinto bater no coração!
Que farei? Que vou fazer?
No vale estou da decisão.

Quem escuto eu bater?
– Eu sou Jesus, o bom Jesus:
Abre logo, sem temer
Quero te dar a minha luz.

Entra, entra, Salvador,
Meu coração te quero dar,
Só em Ti achei amor,
Mesmo em mim queiras morar.

No coração, ó bom Jesus,
Entra, trazendo Teu perdão!
Concedendo Tua luz,
Tenho, assim, a salvação."
135;O NOME PRECIOSO;;"Teu nome é precioso, amado Salvador,
E grande, glorioso, nos enche de amor,
Nós todos Te adoramos com verdadeira fé,
Também nos humilhamos, aos Teus santos pés.

Quantas bênçãos prometidas
No Teu nome, ó Salvador!
Hoje tenho vida. Graça é concedida,
No Teu nome, ó Salvador!

Teu nome é sagrado, nos dá consolação;
Por Ele foi-nos dado, do céu, real perdão;
Aviva a esperança, aumenta nosso amor,
Dá firme confiança e mais do Teu vigor.

Teu nome é nossa vida e paz, ó Salvador!
A arca oferecida ao pobre pecador;
Por Ele abençoada é toda a nação,
Que foi predestinada à grande vocação."
136;JESUS, NOSSO SOCORRO;;"Em nosso socorro vem, ó vem, Jesus!
Pois grande tristeza nos ofusca a luz;
A Ti recorremos, vem nos dar vigor,
Reveste-nos todos do Teu grande amor!

Em nosso socorro vem, ó vem Jesus!
Em Ti confiamos, és a nossa luz;
Protege-nos sempre do vil tentador,
Reveste-nos todos do Teu grande amor!

Em nosso socorro vem, ó vem, Jesus!
Combate o inimigo com a Tua luz;
A Ti nós clamamos, responde, Senhor,
Reveste-nos todos do Teu grande amor!

Em nosso socorro vem, ó vem, Jesus!
A plena vitória, hoje nos conduz;
Dá-nos Tua graça, poder e valor.
Reveste-nos todos do Teu grande amor!"
137;LIBERTO DA ESCRAVIDÃO;;"Em Babilônia, em prisão,
Estava Israel,
O povo santo de Sião,
Sofrendo dor cruel.

Mas, um dia, se ouviu,
Que do rei a voz saiu
P’ra voltarem da escravidão.
Todo povo a Jubilar,
Com as harpas a cantar,
Foi em busca de Sião.

“Cantai” disseram os caldeus,
Os hinos de Sião,
Mas isto mais entristeceu,
Os filhos de Abraão.

Libertos foram lá por Deus
Da vil escravidão.
E toda alma se encheu,
De riso e gratidão.

Quão grandes coisas nos fez Deus!
Cantavam, já. então;
E qual um sonho pareceu
A volta pra Sião.

E neste mundo, qual Babel,
Há muitos em prisão,
Sofrendo uma dor cruel,
Sem ter consolação.

Mas, de Cristo se ouviu
Que de Deus, a voz saiu,
P’ra voltarem da escravidão.
Queiras isto aceitar,
Com a harpa vem cantar,
E, assim, volta p’ra Sião."
138;QUEM BATE É JESUS CRISTO;;"Se da morte tens horror,
E salvação desejas,
Volta aos braços do Senhor,
Para que salvo tu sejas;
Abre bem teu coração,
E recebe salvação,
Sem nenhuma turbação;
Quem bate é Jesus Cristo.

Deves-Lhe dar abrigo.
Não há nenhum perigo;
Cristo quer só te salvar;
Na mesa, cear contigo.

Já sofreu por ti, na cruz,
Para te dar a vida;
O divino e bom Jesus
As marcas tem das feridas;
Não O vês a soluçar,
E Seu sangue a gotejar?
Não O vais deixar entrar?
Quem bate é Jesus Cristo.

Se tu andas em temor;
Longe do Pai amado,
Quem será teu protetor,
Quando o mal for chegado?
Segue a quem morreu na cruz,
Pois à vida te conduz;
Dar-te-á nas trevas luz,
Quem bate é Jesus Cristo."
139;JESUS, MEU ETERNO REDENTOR;;"Já o Filho de Deus é descido do céu;
A obra perfeita na cruz consumou;
E ali Sua carne, rasgada qual véu,
Vivo caminho para o céu nos consagrou.

Jesus é meu eterno Redentor!
Por Seu sangue lá remido estou;
Deu-me paz, poder consolador;
Vivo contente, pois Ele me amou.

Por Adão, o pecado no mundo entrou;
Ninguém dessa lei se podia libertar;
Mas o Filho do homem por nós triunfou,
NEle podemos do mal ressuscitar.

Do inferno, que paga aos maus, há de dar,
Do medo da morte, esse dardo cruel,
Do abismo eterno te pode salvar,
Só Jesus Cristo, o bom Emanuel.

Bem alegres buscamos a pátria de amor,
A qual Deus no céu para nós preparou,
Onde sempre veremos o nosso Senhor,
Cristo Jesus, que do mal nos libertou."
140;A SEGURANÇA DO CRENTE;;"De mal nenhum eu temerei,
Em mim está Jesus:
Jamais perturbação terei,
Pois vivo já na luz.

Sinto paz mui profunda enfim,
Sinto paz proveniente da cruz,
Pela fé sinto viver em mim,
Meu Jesus, meu Jesus.

Jesus me trouxe salvação;
Também, me disse assim:
Me busca na tribulação,
Pra teres paz em Mim.

Na grande festa do perdão,
No Seu real poder,
Me concedeu admissão,
Quem quis por mim morrer.

Já tenho uma viva fé,
Que não confundirá;
O amor de Deus, que puro é,
De paz me encherá."
251;AO CULTO NÃO FALTAR;;"Ao outro culto; não faltar,
Ó vinde todos pra louvar
O nome santo do Senhor,
Que nos dá vida e fervor.

Nos separarmos em amor,
Levando a paz do salvador,
Mas breve vinde, não falteis,
Os pecadores sim, trazei.

Se não pudermos reunir,
Veremos santos no porvir,
No culto do Senhor Jesus,
Que vai haver no céu de luz."
252;SANTO, SANTO ÉS TU, SENHOR;;"Santo, santo és Tu, Senhor,
Em Teu louvor eu vou cantar
Com esperança, ó Deus de amor;
Tu me queres consolar;
Eu Te peço, ó meu Jesus,
Só Tu és meu salvador,
Que me faças andar na luz;
Santo és, meu redentor!

Ao meu Jesus eu cantarei
Entrando na feliz Sião;
Oh! Santo, santo, proclamarei
Na minha eternal mansão,
Com os anjos e serafins,
Santo! Sempre vou cantar
Com arcanjos e querubins;
A Jesus eu vou adorar.

Santo, santo, eu cantarei,
Ao meu Jesus, que me salvou,
E só Nele confiarei,
Pois a minh`alma resgatou;
Dá-me o pão do céu pra comer.
O maná celestial,
Pra Teu povo fortalecer,
Com Teu poder vital.

Em Jesus, só hei de buscar,
A Sua força divinal,
Que avante me vai levar,
Para o reino eternal;
Oh! Quão doce é Teu pão,
Que nos dá real vigor
No deserto; consolação,
Que nos enche de fervor."
253;AVANTE, Ó CRENTES;;"Avante, ó crentes, o mal desfazendo,
O inimigo com a luz combateremos;
À peleja pois, todos, não temendo,
A vitória por Jesus receberemos.

Com a graça de Jesus nos firmaremos,
Com a graça de Jesus, combateremos,
Com a graça de Jesus nós venceremos,
Com a graça de Jesus vitória temos.

Avante, ó crentes, marchai sem tardança,
Jamais do bom Jesus nós nos afastaremos,
Porque Nele nós temos esperança
E vitória nós assim alcançaremos.

Avante, ó crentes, fiéis corajosos,
Vitória por Jesus, a nós é concedida;
No combate, ó sede valorosos,
Para alcançar o galardão da vida.

Avante, ó crentes, dum só pensamento;
“O vil pecado sempre nós combateremos”.
Pois Jesus vem, não tarda um momento,
Crendo em Jesus, vitória nós já temos."
